Name,Released_year,Rating,Genre,Sub_genre,Free
PUBG: BATTLEGROUNDS,2017,5.9,Action,Adventure,True
Team Fortress 2,2007,9.2,Action,N/A,True
Call of Duty,2022,5.8,Action,N/A,False
Destiny 2,2019,8.3,Action,Adventure,True
War Thunder,2013,8.1,Action,Massively Multiplayer,True
Unturned,2017,9.1,Action,Adventure,True
Brawlhalla,2017,8.2,Action,Indie,True
Paladins,2018,8.3,Action,Adventure,True
Overwatch 2,2023,2.1,Action,N/A,True
Z1 Battle Royale,2018,7.0,Action,Adventure,True
SCP: Secret Laboratory,2017,9.2,Action,N/A,True
THE FINALS,2023,7.5,Action,N/A,True
Halo Infinite,2021,7.0,Action,N/A,True
Muck,2021,9.4,Action,Adventure,True
Life is Strange - Episode 1,2015,9.6,Action,Adventure,True
Crab Game,2021,9.2,Action,Casual,True
EA SPORTS FIFA 23,2022,5.7,Simulation,Sports,False
World of Warships,2017,8.1,Action,Massively Multiplayer,True
World of Tanks Blitz,2016,7.9,Action,Massively Multiplayer,True
Horizon Zero Dawn Complete Edition,2020,8.8,Action,Adventure,False
FIFA 22,2021,8.0,Simulation,Sports,False
Helltaker,2020,9.8,Adventure,Indie,True
Stumble Guys,2021,8.5,Action,Casual,True
Robocraft,2017,7.3,Action,Indie,True
Aimlabs,2023,9.3,Action,Adventure,True
Splitgate,2019,9.2,Action,Indie,True
Once Human,2024,7.2,Action,Adventure,True
Deceit,2017,7.9,Action,Indie,True
Trove,2015,8.0,Action,Adventure,True
Dota Underlords,2019,8.2,Casual,Strategy,True
Totally Accurate Battlegrounds,2018,8.8,Action,Indie,True
Warface: Clutch,2014,6.6,Action,Massively Multiplayer,True
eFootball,2021,4.5,Simulation,Sports,True
Black Squad,2019,7.6,Action,N/A,True
World of Tanks,2021,8.0,Action,Massively Multiplayer,True
Poppy Playtime,2021,8.3,Action,Adventure,True
Albion Online,2018,7.9,Massively Multiplayer,RPG,True
Business Tour - Board Game with Online Multiplayer,2017,6.1,Adventure,Casual,True
Everlasting Summer,2014,9.5,Adventure,Casual,True
Shadow of the Tomb Raider: Definitive Edition,2018,7.7,Action,Adventure,False
PlanetSide 2,2012,8.4,Action,Massively Multiplayer,True
No More Room in Hell,2013,9.0,Action,Indie,True
Crusader Kings II,2012,8.2,RPG,Simulation,True
Fallout Shelter,2017,6.3,RPG,Simulation,True
Cry of Fear,2013,8.9,Action,Adventure,True
Goose Goose Duck,2021,8.7,Casual,Indie,True
Russian Fishing 4,2021,5.0,Adventure,Casual,True
Rec Room,2021,9.0,Adventure,Casual,True
Blender,2015,9.7,N/A,N/A,True
STAR WARS: The Old Republic,2020,8.5,Massively Multiplayer,RPG,True
Crossout,2017,7.5,Action,Adventure,True
Clicker Heroes,2015,9.0,Adventure,Casual,True
Eternal Return,2023,7.9,Indie,Strategy,True
War of the Three Kingdoms,2021,1.0,Strategy,N/A,True
Battlerite,2017,8.5,Action,N/A,True
AdVenture Capitalist,2015,8.8,Casual,Indie,True
Ultimate Custom Night,2018,9.5,Action,Indie,True
EA SPORTS FIFA 21,2020,7.6,Simulation,Sports,False
Realm Royale Reforged,2018,7.6,Action,N/A,True
Vampire: The Masquerade - Bloodhunt,2022,7.6,Action,N/A,True
Ori and the Blind Forest,2015,8.8,Action,N/A,False
World War 3,2022,5.4,Action,N/A,True
Mafia II (Classic),2011,7.7,Action,N/A,False
Dark and Darker,2024,7.3,Action,RPG,True
Evolve Stage 2,2015,7.7,Action,N/A,False
Farlight 84,2023,7.8,Action,Adventure,True
Banana,2024,8.2,Adventure,Casual,True
Realm of the Mad God Exalt,2012,8.2,Action,Adventure,True
PROJECT: PLAYTIME,2022,7.9,Action,Indie,True
Age of Empires III: Definitive Edition,2020,7.5,Strategy,N/A,True
Yu-Gi-Oh! Duel Links,2017,8.4,Strategy,N/A,True
VPet-Simulator,2023,9.8,Casual,Indie,True
Counter-Strike Nexon,2014,6.7,Action,Casual,True
theHunter Classic,2014,5.8,Action,Adventure,True
Hero's Land,2023,5.5,Action,Adventure,True
Super Animal Royale,2021,9.4,Action,Adventure,True
Limbus Company,2023,8.5,Action,RPG,True
Source Filmmaker,2012,9.3,N/A,N/A,True
Call of Duty: Warzone,2022,3.2,Action,N/A,True
CRSED: Cuisine Royale,2018,7.9,Action,Massively Multiplayer,True
My Singing Monsters,2021,9.4,Simulation,N/A,True
Neverwinter,2013,7.4,Action,Adventure,True
Quake Champions,2022,7.4,Action,N/A,True
Combat Master: Season 2,2023,8.8,Action,N/A,True
APB Reloaded,2011,6.4,Action,Massively Multiplayer,True
RISK: Global Domination,2020,8.0,Casual,Strategy,True
Shakes and Fidget,2016,9.3,Adventure,Casual,True
Fistful of Frags,2014,9.1,Action,Indie,True
EVE Online,2010,8.8,Action,Massively Multiplayer,True
DCS World Steam Edition,2013,8.5,Simulation,N/A,True
Infestation: The New Z,2016,5.4,Action,Indie,True
Life is Strange 2,2018,8.6,Adventure,N/A,True
FPS Chess,2022,8.4,Action,Casual,True
POLYGON,2020,7.5,Action,Indie,True
Super Auto Pets,2021,9.1,Strategy,N/A,True
KARDS - The WW2 Card Game,2020,8.0,Casual,Indie,True
Football Manager 2020,2019,8.4,Simulation,Sports,False
Emily is Away,2015,8.9,Adventure,Casual,True
Conqueror's Blade,2020,6.9,Action,Massively Multiplayer,True
HoloCure - Save the Fans!,2023,9.9,Action,Adventure,True
Bloons TD Battles 2,2021,8.4,Action,Casual,True
Sven Co-op,2016,9.4,Action,Casual,True
Pixel Gun 3D: PC Edition,2024,6.4,Action,Adventure,True
Just Cause 4 Reloaded,2018,6.8,Action,Adventure,False
Freddy Fazbear's Pizzeria Simulator,2017,9.4,Indie,Simulation,True
Bloons TD Battles,2016,9.1,Action,Strategy,True
We Were Here,2017,9.1,Action,Adventure,True
OBS Studio,2022,9.5,N/A,N/A,True
Transformice,2015,8.8,Indie,Massively Multiplayer,True
Awesomenauts - the 2D moba,2012,7.8,Action,Indie,True
Krunker,2021,7.9,Action,Casual,False
Crush Crush,2016,8.9,Casual,Indie,True
DDNet,2020,9.1,Action,Indie,True
GWENT: The Witcher Card Game,2020,8.0,RPG,Strategy,True
BLOCKADE 3D,2014,5.8,Action,N/A,True
F1 22,2022,8.1,Racing,Sports,False
Blackwake,2020,8.1,Action,Casual,True
One-armed cook,2022,9.3,Casual,Simulation,True
Supermarket Together,2024,9.3,Casual,Indie,True
One-armed robber,2023,9.0,Action,Indie,True
Rogue Company,2021,7.5,Action,N/A,True
Artifact,2018,7.6,Strategy,N/A,True
SCP: Containment Breach Multiplayer,2021,8.4,Indie,Massively Multiplayer,True
RuneScape,2020,8.4,Massively Multiplayer,RPG,True
War Robots,2018,6.1,Action,N/A,True
Football Manager 2021,2020,9.3,Simulation,Sports,False
Magic Duels,2015,7.1,Strategy,N/A,False
Leaf Blower Revolution - Idle Game,2020,9.5,Casual,Indie,True
Spiral Knights,2011,6.4,Action,Adventure,True
Lost Light,2022,5.6,Action,Massively Multiplayer,True
GrandChase,2021,6.2,Action,Casual,True
Omega Strikers,2023,8.5,Action,Strategy,True
TrackMania Nations Forever,2008,9.0,Racing,N/A,True
Pineapple on pizza,2023,9.8,Casual,Indie,True
The Plan,2014,9.2,Casual,Indie,True
Stay Out,2019,6.2,Action,Indie,True
Ironsight,2019,7.2,Action,N/A,True
RaceRoom Racing Experience,2013,7.5,Racing,Simulation,True
Alien Swarm: Reactive Drop,2017,9.5,Action,N/A,True
The Murder of Sonic the Hedgehog,2023,9.7,Casual,Indie,True
Cell to Singularity - Evolution Never Ends,2021,9.0,Casual,Simulation,True
Dungeon Defenders II,2017,7.8,Action,Indie,True
Football Manager 2022,2021,8.5,Simulation,Sports,False
Alien Swarm,2010,7.7,Action,N/A,True
死寂Deathly Stillness,2021,9.6,Action,Adventure,True
War Selection,2019,8.6,Indie,Massively Multiplayer,True
Battle Teams 2,2022,5.7,Action,Massively Multiplayer,True
DC Universe Online,2011,7.2,Action,Adventure,True
Tree of Savior (English Ver.),2016,6.4,Massively Multiplayer,RPG,True
Need For Speed: Hot Pursuit,2010,8.6,Racing,N/A,False
Bro Falls,2021,7.8,Action,Casual,True
The Lord of the Rings Online,2012,8.2,Action,Adventure,True
Dark Deception,2018,8.9,Action,Adventure,True
Star Trek Online,2012,6.6,Massively Multiplayer,RPG,True
Football Manager 2023,2022,9.0,Simulation,Sports,False
UNDECEMBER,2022,5.2,Action,Adventure,True
MOBILE SUIT GUNDAM BATTLE OPERATION 2,2023,2.1,Action,N/A,True
World of Guns: Gun Disassembly,2014,8.4,Action,Casual,True
Caliber,2023,7.7,Action,Massively Multiplayer,True
Darwin Project,2020,7.4,Action,Indie,True
Guild Wars 2,2022,9.0,Adventure,Massively Multiplayer,True
BattleBit Remastered Playtest,2022,9.5,N/A,N/A,False
Indigo Park: Chapter 1,2024,9.6,Action,Adventure,True
MY HERO ULTRA RUMBLE,2023,6.7,Action,Casual,True
The Expendabros,2014,9.7,Action,Adventure,True
IdleOn - The Idle RPG,2021,7.8,Casual,Indie,True
Action Taimanin,2020,8.3,Action,Adventure,True
Last Man Standing,2017,6.1,Action,Adventure,False
State of Decay,2013,7.9,Action,RPG,False
The Culling,2017,5.7,Action,Indie,False
Dungeonborne,2024,5.9,Action,Adventure,True
Century: Age of Ashes,2021,7.5,Action,Indie,True
Iron Snout,2016,9.8,Action,Indie,True
Monster Girl Island: Prologue,2019,9.5,Adventure,Indie,True
Will To Live Online,2018,7.0,Action,Indie,True
Portal with RTX,2022,6.0,Action,N/A,True
Palia,2024,8.2,Adventure,Casual,True
WARMODE,2019,6.2,Action,N/A,True
Toribash,2014,8.9,Action,Indie,True
Cats Hidden in Paris,2023,9.9,Casual,Indie,True
BLOCKPOST LEGACY,2019,7.4,Action,Indie,True
BATTALION: Legacy,2019,5.9,Action,N/A,True
"Warhammer 40,000: Dawn of War - Soulstorm",2008,9.5,Strategy,N/A,False
Codename CURE,2017,8.5,Action,N/A,True
Spectre Divide,2024,6.2,Action,N/A,True
Old School RuneScape,2021,8.8,Adventure,Massively Multiplayer,True
Blacklight: Retribution,2012,7.5,Action,N/A,False
Redmatch 2,2021,9.3,Action,Indie,True
Mr.Mine,2020,9.2,Adventure,Casual,True
Drunken Wrestlers 2,2019,8.8,Action,Casual,True
Rome: Total War - Collection,2007,9.2,Strategy,N/A,False
Shop Titans,2020,7.8,Adventure,Casual,True
Operation: Harsh Doorstop,2023,7.7,Action,Casual,True
Governor of Poker 3,2016,7.0,Casual,Massively Multiplayer,True
BRAIN / OUT,2017,8.2,Action,Indie,True
Hired Ops,2021,6.7,Action,Massively Multiplayer,True
Arrow a Row,2023,9.7,Casual,Indie,True
Block N Load,2015,7.2,Action,Massively Multiplayer,True
Banana Shooter,2022,8.9,Action,Casual,True
Catan Universe,2017,4.9,Casual,Strategy,True
missed messages,2019,9.6,Casual,Indie,True
Just Cause 2: Multiplayer Mod,2013,9.2,Action,Adventure,True
Quaver,2022,9.2,Casual,Indie,True
Star Conflict,2013,7.5,Action,Adventure,True
Sakura Clicker,2015,8.4,Casual,Indie,True
Shadowverse CCG,2016,7.4,Strategy,N/A,True
Real Pool 3D - Poolians,2018,7.7,Action,Casual,True
Magic: The Gathering Arena,2023,6.4,Strategy,N/A,True
MIR4,2021,6.5,Action,Adventure,True
Command & Conquer Red Alert 3,2009,8.2,Strategy,N/A,False
Nobody - The Turnaround,2022,6.0,Simulation,Strategy,False
BioShock 2,2010,8.8,Action,N/A,False
Assassins Creed III,2012,8.0,Adventure,N/A,False
Idle Champions of the Forgotten Realms,2020,7.8,Action,Adventure,True
The Looker,2022,9.7,Indie,N/A,True
The Awesome Adventures of Captain Spirit,2018,7.9,Adventure,N/A,True
Outcore: Desktop Adventure,2022,9.7,Action,Adventure,True
Grimm's Hollow,2019,9.9,Adventure,Indie,True
MapleStory,2012,6.4,Action,Adventure,True
Trackmania,2023,7.6,Racing,N/A,True
OpenTTD,2021,9.6,Casual,Indie,True
NIGHT-RUNNERS PROLOGUE,2024,9.5,Racing,Simulation,True
Moonbase Alpha,2010,9.1,Adventure,Simulation,True
Naval Action,2019,5.7,Indie,Massively Multiplayer,True
"I Love You, Colonel Sanders! A Finger Lickin Good Dating Simulator",2019,9.2,Casual,Indie,True
Freestyle 2: Street Basketball,2015,7.3,Action,Casual,True
Football Manager 2019,2018,8.6,Simulation,Sports,False
Pixel Strike 3D,2020,7.4,Action,Adventure,True
Predecessor,2024,7.3,Action,Strategy,True
Astral Party,2024,5.2,Casual,Indie,True
Yet Another Zombie Defense,2014,8.7,Action,Casual,True
Darksiders,2010,8.3,Action,Adventure,False
Walking Zombie 2,2019,8.8,Action,Adventure,True
东北之夏,2023,9.8,RPG,N/A,True
Eternal Senia,2015,9.8,Action,Indie,True
Mitos.is: The Game,2015,8.1,Casual,Simulation,True
Enlisted,2024,7.8,Action,Massively Multiplayer,True
MechWarrior Online Legends,2015,8.0,Action,Massively Multiplayer,True
Sheepy: A Short Adventure,2024,9.9,Adventure,Casual,True
Divinity: Original Sin (Classic),2014,8.7,Adventure,Indie,False
Our Life: Beginnings & Always,2020,9.9,Casual,Indie,True
ARK: The Survival Of The Fittest,2017,6.6,Action,Adventure,False
Summoners War: Chronicles,2022,7.8,Action,Adventure,True
NGU IDLE,2019,9.6,Adventure,Indie,True
Escape Room - Der kranke Kollege,2020,8.3,Adventure,Casual,True
Torque Drift,2021,7.6,Racing,N/A,True
S.K.I.L.L. - Special Force 2 (Shooter),2015,7.1,Action,Adventure,False
BLOCKADE,2019,7.5,Action,Indie,True
Double Action: Boogaloo,2014,9.3,Action,Indie,True
SEGA Mega Drive and Genesis Classics,2010,8.3,Action,Adventure,False
RIFT,2011,8.4,Action,Adventure,True
Dagon: by H. P. Lovecraft,2021,9.5,Adventure,Casual,True
Paunch,2019,9.0,Action,Indie,True
BLEACH Brave Souls,2020,8.9,Action,Casual,True
Garten of Banban,2023,5.2,Action,Adventure,True
Slapshot: Rebound,2024,8.3,Action,Casual,True
Fear Surrounds,2021,8.7,Casual,Indie,True
1v1.LOL - Battle Royale Game,2023,7.5,Action,Adventure,True
Amorous,2018,8.4,Indie,Simulation,True
Asphalt Legends Unite,2022,8.1,Action,Adventure,True
The Elder Scrolls: Legends,2017,7.4,N/A,N/A,True
Knight Online,2016,5.0,Action,Adventure,True
GunZ 2: The Second Duel,2014,6.6,Action,Indie,True
Riders of Icarus,2016,6.6,Adventure,Massively Multiplayer,True
Game of Thrones - A Telltale Games Series,2014,7.6,Adventure,N/A,False
AirMech,2018,8.4,Action,Indie,True
The Planet Crafter: Prologue,2021,9.7,Adventure,N/A,True
Soulworker,2021,7.2,Action,Massively Multiplayer,True
Tower of Fantasy,2022,7.1,Action,Massively Multiplayer,True
Grand Theft Auto: Episodes from Liberty City,2010,7.4,Action,N/A,False
Baldi's Basics Classic Remastered,2022,9.3,Action,Indie,True
Deepest Sword,2021,8.7,Indie,N/A,True
WAKFU,2014,7.6,Action,Adventure,True
Bless Online,2018,3.7,Action,Adventure,False
Gems of War - Puzzle RPG,2014,7.9,Action,Adventure,True
月圆之夜 (Night of Full Moon),2019,8.4,Adventure,Indie,True
Radical Heights,2018,6.2,Action,Adventure,False
Cube Escape: Paradox,2018,9.7,Adventure,Indie,True
Virtual Cottage,2020,9.8,Casual,Indie,True
The Finals Playtest,2023,8.4,N/A,N/A,False
Breeders of the Nephelym: Alpha,2019,9.0,Adventure,Indie,True
DEAD OR ALIVE 5 Last Round: Core Fighters,2015,6.9,Action,N/A,True
Learn to Fly 3,2017,9.5,Action,Adventure,True
Transmissions: Element 120,2016,9.4,Action,Indie,True
POSTAL,1997,5.6,Action,Indie,True
Last Year,2019,6.2,Action,N/A,True
CS2D,2017,9.0,Action,Casual,True
"Dr. Langeskov, The Tiger, and The Terribly Cursed Emerald: A Whirlwind Heist",2015,9.3,Indie,N/A,True
Egg,2024,8.7,Action,Adventure,True
Angel Legion,2020,8.5,Adventure,RPG,True
Talisman: Digital Edition,2014,7.8,Indie,RPG,True
Honkai Impact 3rd,2021,7.3,Action,Adventure,True
Poker Night at the Inventory,2010,7.1,Casual,Sports,False
Walking Simulator,2020,8.8,Adventure,Indie,True
Cats Hidden in Jingle Jam,2023,10.0,Casual,Indie,True
Chill Corner,2021,9.1,Casual,Indie,True
College Kings - The Complete Season,2021,9.1,Adventure,Casual,True
Stronghold Kingdoms,2012,7.5,Massively Multiplayer,Strategy,True
Viridi,2015,4.6,Casual,Indie,True
Line of Sight,2017,6.0,Action,Indie,True
AdventureQuest 3D,2022,8.1,Action,Adventure,True
Secret World Legends,2017,7.6,Action,Adventure,True
King of Crabs,2023,7.9,Action,Casual,True
DRAGON QUEST XI: Echoes of an Elusive Age - Digital Edition of Light,2018,8.6,RPG,N/A,False
Super Mecha Champions,2021,6.8,Action,Adventure,True
Pool 2D - Poolians,2019,8.8,Casual,Indie,True
FUCK HITLER,2022,9.0,Action,Casual,True
SAS: Zombie Assault 4,2017,8.6,Action,RPG,True
NARAKA: BLADEPOINT Playtest,2021,9.4,N/A,N/A,False
Samsara Room,2020,9.7,Adventure,Indie,True
Loading Screen Simulator,2017,8.7,Casual,Indie,True
Tribes: Ascend,2012,8.6,Action,N/A,True
TheDawn,2020,9.3,Action,Adventure,True
Sky: Children of the Light,2024,8.4,Adventure,Casual,True
The Complex: Found Footage,2022,9.4,Adventure,Indie,True
Carpe Diem,2015,8.9,Casual,Indie,True
"Warhammer 40,000: Dawn of War - Dark Crusade",2007,8.7,Strategy,N/A,False
Bombergrounds: Reborn,2022,8.6,Action,Adventure,True
The one who pulls out the sword will be crowned king,2022,9.1,Adventure,Casual,True
Gear Up,2015,7.5,Action,Indie,True
New World Playtest,2024,9.1,N/A,N/A,False
Driver Booster for Steam,2018,8.5,N/A,N/A,True
小黑盒加速器,2021,7.9,N/A,N/A,True
War Trigger 3,2015,5.9,Action,Casual,True
When the Darkness comes,2019,9.2,Adventure,Indie,True
Battlerite Royale,2019,7.4,Action,Massively Multiplayer,True
Minecraft: Story Mode - A Telltale Games Series,2015,7.7,Adventure,N/A,False
UNBEATABLE white label,2021,9.7,Action,Adventure,True
Warlander,2023,6.1,Action,Massively Multiplayer,True
Command & Conquer 3 Tiberium Wars,2009,8.5,Strategy,N/A,False
BRINK,2011,7.0,Action,N/A,True
Tap Ninja - Idle game,2022,8.6,Action,Casual,True
Ylands,2019,6.3,Adventure,Casual,True
Prominence Poker,2016,8.4,Casual,Massively Multiplayer,True
Yume Nikki,2018,9.4,Adventure,Casual,True
XERA: Survival,2021,6.7,Action,Adventure,True
ArcheBlade,2014,7.3,Action,Indie,True
Zombie Panic! Source,2008,8.5,Action,Adventure,True
Red Faction Guerrilla Steam Edition,2009,8.2,Action,N/A,False
Galaxy Life,2022,9.1,Strategy,N/A,True
Gigantic,2017,7.6,Action,Strategy,False
Fallen Earth Classic,2012,7.1,Massively Multiplayer,RPG,True
Scribble It!,2020,8.6,Casual,Indie,True
Wizard101,2018,8.2,Adventure,Casual,True
Idle Slayer,2020,8.6,Casual,Indie,True
DOOM 3,2007,8.7,Action,N/A,False
Unfortunate Spacemen,2020,8.6,Action,Indie,True
Steam Link,2015,7.7,N/A,N/A,False
NBA 2K16,2015,5.2,Sports,N/A,False
Steam Engine Simulator,2023,9.9,Simulation,N/A,True
Coloring Pixels,2018,9.6,Casual,Indie,True
Madden NFL 22,2021,5.3,Casual,Simulation,False
Fears to Fathom - Home Alone,2021,9.0,Adventure,Casual,True
Knightfall: A Daring Journey,2022,8.9,Action,Indie,True
Zula Global,2018,7.0,Action,Massively Multiplayer,True
Life is Feudal: MMO,2018,4.1,Action,Adventure,True
Town of Salem 2,2023,7.5,Action,Casual,True
Poker Night 2,2013,7.5,Casual,Sports,False
A Date with Death,2023,9.8,Indie,Simulation,True
FUCK PUTIN,2022,8.9,Action,Casual,True
Nothing,2024,9.4,Action,Adventure,True
Train Sim World 2020,2017,7.7,Simulation,N/A,False
Star Fetchers,2020,9.7,Action,Adventure,True
RetroArch,2022,9.0,N/A,N/A,True
ShareX,2015,9.6,N/A,N/A,True
Dungeons & Dragons Online,2012,7.1,Action,Adventure,True
Art of War: Red Tides,2016,7.9,Indie,Strategy,True
Eternal Card Game,2018,7.7,Casual,Massively Multiplayer,True
SuchArt: Creative Space,2021,9.8,Action,Adventure,True
Blush Blush,2020,8.7,Casual,Indie,True
Zumbi Blocks 2 Open Alpha,2023,9.0,Action,Indie,True
Contraband Police: Prologue,2021,8.9,Action,Adventure,True
Realm Grinder,2017,8.7,RPG,Strategy,True
Book of Yog Idle RPG,2022,6.5,Action,Adventure,True
SOS,2018,2.8,Action,Adventure,False
Planet Explorers,2016,6.2,Action,Adventure,True
Relic Hunters Zero: Remix,2015,9.3,Action,Indie,True
League of Maidens,2021,5.5,Action,Adventure,True
There Is No Game: Jam Edition 2015,2020,9.7,Adventure,Casual,True
At Home Alone Final,2021,9.7,Adventure,Casual,True
Wallpaper Alive,2022,9.0,Casual,N/A,True
Blood of Steel,2020,7.6,Action,Massively Multiplayer,True
Gravitas,2019,9.8,Action,Adventure,True
Lust Goddess,2024,5.1,Action,Adventure,True
PickCrafter,2017,8.7,Adventure,Casual,True
UNDEFEATED,2019,8.7,Action,Indie,True
Godot Engine,2016,8.3,N/A,N/A,True
Divine Knockout (DKO),2022,6.7,Action,N/A,True
Summoners War,2024,7.2,RPG,Strategy,True
Disney Speedstorm,2023,6.7,Action,Adventure,True
第七号列车 - Train No. 7,2021,9.8,Casual,Indie,True
Super Crate Box,2012,8.9,Action,Indie,True
Neon Beats,2019,9.6,Indie,N/A,True
Blockstorm,2015,8.0,Action,Indie,True
Endless Sky,2015,9.2,Action,Adventure,True
Serena,2014,7.7,Adventure,Indie,True
Pixel Worlds: MMO Sandbox,2017,7.4,Adventure,Indie,True
Marie's Room,2018,9.4,Adventure,Casual,True
Kidnapped Girl,2020,8.6,Adventure,Casual,True
Tanki Online,2017,6.1,Action,Massively Multiplayer,True
The Way of Life Free Edition,2016,7.4,Indie,N/A,True
Vegas Infinite by PokerStars,2023,8.1,Casual,Strategy,True
Stormgate,2024,5.0,Action,Strategy,True
Bitburner,2021,9.5,N/A,N/A,True
Madden NFL 23,2022,5.1,Simulation,Sports,False
An Arcade Full of Cats,2023,9.9,Casual,Indie,True
The Lab,2016,9.5,N/A,N/A,True
The WereCleaner,2024,10.0,Action,Casual,True
Juice Galaxy,2023,9.9,Indie,RPG,True
100 Asian Cats,2023,9.7,Action,Adventure,True
Orcs Must Die! Unchained,2017,8.7,Action,Strategy,False
REFLEXIA Prototype ver,2022,9.7,Casual,Indie,True
Undawn,2023,5.5,Adventure,Massively Multiplayer,True
Soda Dungeon,2017,9.4,Casual,RPG,True
MONOPOLY Poker,2021,7.0,Casual,Simulation,True
McOsu,2017,8.9,Indie,N/A,True
High Octane Drift,2016,5.5,Racing,Simulation,True
Friday the 13th: Killer Puzzle,2018,9.4,Casual,Indie,False
Farmer Against Potatoes Idle,2024,9.6,Casual,Indie,True
Only If,2014,3.9,Adventure,Indie,True
PRO EVOLUTION SOCCER 2019,2018,8.0,Sports,N/A,False
20 Small Mazes,2024,9.9,Adventure,Casual,True
Firestone: Online Idle RPG,2024,7.8,Action,Adventure,True
Snowbreak: Containment Zone,2023,8.0,Action,Adventure,True
100 hidden frogs,2021,9.8,Adventure,Casual,True
巫兎 - KANNAGI USAGI,2023,9.8,Action,Indie,True
"Pirates, Vikings, and Knights II",2010,8.8,Action,Indie,True
Bloons Monkey City,2020,9.1,Action,Strategy,True
Bubble People,2021,9.3,Indie,Simulation,True
Hello Neighbor 2 Alpha 1.5,2020,8.6,Adventure,Indie,True
Devolverland Expo,2020,8.9,Action,Adventure,True
TOXIKK,2016,7.7,Action,Indie,True
Himno,2019,9.1,Adventure,Casual,True
Space Hulk: Deathwing,2016,5.8,Action,Adventure,False
You Have to Win the Game,2014,9.3,Action,Indie,True
In Sink: A Co-Op Escape Prologue,2023,9.1,Adventure,Casual,True
MANDAGON,2016,9.5,Adventure,Indie,True
LET IT DIE,2018,7.4,Action,N/A,True
the static speaks my name,2015,8.2,Adventure,Indie,True
Alpaca Stacka,2021,9.7,Adventure,Casual,True
Lost Lands: A Hidden Object Adventure,2015,8.8,Adventure,Casual,True
Worlds Adrift,2017,6.4,Action,Adventure,False
Shadow Arena,2020,5.6,Action,Massively Multiplayer,True
Crysis 3,2020,7.6,Action,Adventure,False
Yi Xian: The Cultivation Card Game,2024,7.3,Casual,Indie,True
The Two of Us,2021,8.5,Casual,Indie,True
Crosshair V2,2023,9.0,N/A,N/A,True
SUCCUBUS: Prologue,2020,8.2,Action,Adventure,True
Idol Showdown,2023,9.4,Action,Indie,True
Boring Man - Online Tactical Stickman Combat,2015,8.8,Action,Indie,True
Lords Mobile,2019,6.8,Massively Multiplayer,RPG,True
OLDTV,2017,9.5,Indie,N/A,True
Snake Force,2021,9.7,Action,Indie,True
Just Act Natural,2022,8.8,Action,Casual,True
Propagation VR,2020,9.4,Action,N/A,True
Dungeon Fighter Online,2016,7.8,Action,Adventure,True
Call of War: World War 2,2017,7.2,Massively Multiplayer,Simulation,True
Left on Read,2020,8.0,Adventure,Casual,True
BABBDI,2022,9.8,Adventure,Casual,True
Atlas Reactor,2016,8.1,Strategy,N/A,False
Kalpa of Sword,2024,6.7,Action,Adventure,True
Soda Dungeon 2,2020,9.5,Casual,Indie,True
Bloody Hell,2023,9.8,Action,Adventure,True
We Become What We Behold Fan-Made Port,2019,9.6,Casual,Indie,True
Lost Ark Closed Technical Alpha Playtest,2021,9.5,N/A,N/A,False
MONMUSU,2018,8.0,Casual,Indie,True
Lost Lands: Mahjong,2016,9.2,Adventure,Casual,True
Chair Simulator,2021,8.9,Casual,Simulation,True
NEKOPARA - Catboys Paradise,2021,8.9,Adventure,Casual,True
Command & Conquer Red Alert 2 and Yuris Revenge,2024,9.2,Action,Strategy,False
Madden NFL 21,2020,5.0,Simulation,Sports,False
Ace Combat Assault Horizon - Enhanced Edition,2013,7.7,Action,Simulation,False
King Arthur's Gold,2013,8.1,Action,Indie,True
Card Hunter,2015,8.0,RPG,Strategy,True
Hide and Shriek,2017,6.8,Action,N/A,True
RollerCoaster Tycoon 3: Platinum,2008,8.1,Simulation,Strategy,False
Panzar,2013,6.6,Action,Massively Multiplayer,True
BrainBread 2,2022,7.3,Action,Adventure,True
The Council,2018,6.7,Adventure,RPG,True
WildStar,2016,8.2,Massively Multiplayer,RPG,False
KartRider: Drift,2023,7.6,Racing,N/A,False
PRICE,2016,9.4,Adventure,Casual,True
Seek Girl,2019,7.8,Action,Casual,True
Time Clickers,2015,8.8,Action,Casual,True
Battle for Wesnoth,2018,9.4,Indie,Strategy,True
Pinball FX3,2017,8.9,Simulation,N/A,True
Nightmare Kart,2024,9.7,Racing,N/A,True
Command & Conquer: Red Alert 3 - Uprising,2009,6.4,Strategy,N/A,False
Project Kat - Paper Lily Prologue,2021,9.9,Adventure,Indie,True
Killer Instinct,2017,8.7,Action,N/A,True
VTube Studio,2021,9.2,Indie,N/A,True
AION MMO,2015,5.5,Massively Multiplayer,RPG,True
NEW SCUFFED EPIC BHOP SIMULATOR 2023 (POG CHAMP),2020,9.1,Action,Adventure,True
Escape Memoirs: Mini Stories,2022,8.6,Adventure,Casual,True
枝江往事,2021,9.7,Casual,N/A,True
Slappyball,2021,8.3,Casual,Sports,True
Higurashi When They Cry Hou - Ch.1 Onikakushi,2015,9.6,Adventure,N/A,True
Blameless,2016,8.4,Adventure,Indie,True
Unsolved Case,2022,8.9,Adventure,Casual,True
What Never Was,2019,9.5,Adventure,Casual,True
Moe Era,2020,8.8,Casual,Indie,True
VEGA Conflict,2015,5.9,Massively Multiplayer,Strategy,True
Black Myth: Wukong Benchmark Tool,2024,9.2,N/A,N/A,True
Strife,2015,7.6,Action,RPG,True
BirdGut,2019,9.5,Adventure,Casual,True
CONFLICT OF NATIONS: WORLD WAR 3,2018,7.8,Indie,Massively Multiplayer,True
World of Warplanes,2022,6.9,Action,Massively Multiplayer,True
Selene Apoptosis,2023,8.9,Adventure,N/A,True
Outpath: First Journey,2022,9.7,Adventure,Casual,True
The Outlast Trials Playtest,2022,9.8,N/A,N/A,False
Blade Symphony,2014,7.2,Action,Indie,True
Nomad,2015,6.0,Action,Adventure,True
Toram Online,2021,7.8,Massively Multiplayer,RPG,True
Dead Maze,2018,7.5,Action,Massively Multiplayer,True
EVGA Precision X1,2014,8.0,N/A,N/A,True
Confess My Love,2017,9.3,Adventure,Indie,True
Narcissu 1st & 2nd,2015,9.6,Indie,N/A,True
Sneak Out,2024,6.5,Action,Adventure,True
BEEP,2011,8.5,Adventure,Indie,True
I Wanna Maker,2023,9.5,Indie,N/A,True
Armored Warfare,2017,6.6,Action,Massively Multiplayer,True
AdVenture Communist,2016,6.5,Casual,Indie,True
Worm.is: The Game,2016,8.1,Casual,N/A,True
EMERGENCY,2023,6.6,Action,Strategy,True
Waven,2023,8.1,Adventure,RPG,True
Meteor 60 Seconds!,2018,9.7,Action,Casual,True
We Went Back,2020,8.5,Adventure,Indie,True
Command & Conquer 3: Kanes Wrath,2009,7.7,Strategy,N/A,False
Crime Scene Cleaner: Prologue,2024,9.6,Action,Simulation,True
Word Game: Episode 0,2021,9.9,Adventure,Indie,True
Closers,2018,7.3,Action,Massively Multiplayer,True
MadOut2 BigCityOnline CLOSED,2017,7.5,Action,Indie,True
Pandemic Express - Zombie Escape,2019,5.9,Action,Indie,True
Quake II RTX,2019,8.8,Action,N/A,True
Infection Free Zone Prologue,2023,9.2,Action,Indie,True
The First Descendant Final Technical Test,2024,8.1,N/A,N/A,False
StrangerZ,2023,3.9,Action,Indie,True
Zenith: Nexus,2022,6.9,Action,Adventure,True
Paper Lily - Chapter 1,2024,9.9,Adventure,Indie,True
Hello Neighbor Alpha 4,2019,8.5,Adventure,Indie,True
HD Poker: Texas Hold'em,2018,8.0,Casual,Massively Multiplayer,True
Teeworlds,2015,8.9,Action,Indie,True
Have a Nice Dream,2021,9.3,Indie,RPG,True
8BitMMO,2015,6.0,Action,Adventure,True
"Kid,napper: Gosh, I'm Kidnapped by a Pupil",2018,8.9,Adventure,Casual,True
The Pirate: Caribbean Hunt,2016,8.2,Action,Adventure,True
Deceit 2,2023,5.9,Action,N/A,True
Of Guards And Thieves,2014,8.5,Action,Casual,True
MARVEL Puzzle Quest,2013,7.0,Casual,RPG,True
Viscera Cleanup Detail: Shadow Warrior,2013,8.1,Indie,Simulation,False
Never Split the Party,2019,7.7,Action,Adventure,True
Ocean World: Eden Crafters Prologue,2024,9.2,Adventure,Indie,True
click to ten,2022,9.3,Action,Adventure,True
Skyforge,2017,6.0,Massively Multiplayer,RPG,True
Soulstone Survivors: Prologue,2022,9.6,Action,Indie,True
Cubic Castles,2014,7.4,Action,Adventure,True
ASTRA: Knights of Veda,2024,4.3,Action,RPG,True
Tom Clancy's Splinter Cell Conviction,2010,8.3,Action,N/A,False
Purrgatory,2021,9.9,Adventure,Casual,True
Endless World Idle RPG,2019,7.8,Action,Adventure,True
Mini World: CREATA,2018,5.7,Adventure,Casual,True
Samorost 1,2021,9.6,Adventure,Casual,True
Puzzle Together Multiplayer Jigsaw Puzzles,2020,8.6,Casual,Indie,True
Capcom Arcade Stadium,2021,5.4,Action,N/A,True
b,2017,9.1,Casual,Indie,True
Tails Noir: Prologue,2019,9.7,Adventure,Indie,True
Gas Station Simulator: Prologue - Early Days,2021,8.7,Casual,Simulation,True
家有大貓 Nekojishi,2017,9.3,Indie,N/A,True
PRO EVOLUTION SOCCER 2018,2017,8.1,Sports,N/A,False
The Riftbreaker: Prologue,2020,9.6,Action,Adventure,True
Champions Online,2011,7.2,Massively Multiplayer,RPG,True
theHunter: Primal,2015,4.9,Action,Adventure,False
Builders of Egypt: Prologue,2020,7.3,Indie,Simulation,True
Bloons Adventure Time TD,2019,8.7,Action,Strategy,True
Cloud Climber,2021,9.2,Adventure,Casual,True
The Last Remnant,2009,6.6,RPG,N/A,False
Pinball Arcade,2013,7.3,Simulation,N/A,True
Touhou Big Big Battle,2018,8.0,Action,Adventure,True
Deducto,2022,9.0,Casual,Indie,True
Cinderella Phenomenon - Otome/Visual Novel,2017,9.7,Indie,Simulation,True
Come Home,2021,9.2,Casual,Indie,True
ヘブンバーンズレッド,2022,8.7,Adventure,RPG,True
College Bound - Episode 1,2021,8.4,Casual,Indie,True
VRoid Studio v1.29.4,2020,9.5,N/A,N/A,True
Ale & Tale Tavern: First Pints,2024,9.5,Action,Adventure,True
Coloring Game,2019,9.3,Casual,Indie,True
Depression Quest,2014,6.1,Indie,RPG,True
Chaos,2020,8.8,Action,Casual,True
Brick-Force,2014,4.2,Action,N/A,True
Disfigure,2023,9.7,Action,Indie,True
Gladio and Glory,2021,9.1,Action,Indie,True
ERROR143,2022,9.4,Casual,Indie,True
The Four Kings Casino and Slots,2015,6.8,Casual,Massively Multiplayer,True
Google Earth VR,2016,9.5,Adventure,Casual,True
Eternium,2023,8.3,Action,Adventure,True
The Supper,2020,9.9,Adventure,Casual,True
异化之恶〇Abnormal Treatment,2019,9.8,Adventure,Indie,True
Professional Fishing,2018,7.7,Action,Casual,True
Animation Throwdown: The Quest for Cards,2017,7.5,Adventure,RPG,True
Idle Big Devil,2021,8.2,Adventure,Casual,True
Battle Grounds III,2024,8.6,Action,Indie,True
Floating Point,2014,9.6,Casual,Indie,True
Grapples Galore,2023,8.8,Action,Indie,True
KUBOOM,2016,6.0,Action,Adventure,True
Tukoni: Prologue,2020,9.7,Adventure,Casual,True
SCP: Labrat,2022,8.3,Action,Adventure,True
Martial Law,2021,9.2,Adventure,Indie,True
Poker Master,2020,8.8,Casual,Massively Multiplayer,True
NaissanceE,2014,6.6,Adventure,Indie,True
Zero-K,2018,9.4,Indie,Simulation,True
WWII Online,2023,7.3,Action,Casual,True
Booty Calls,2018,5.8,Casual,Indie,True
Hero Zero - Multiplayer RPG,2016,8.2,Adventure,Casual,True
UpGun,2021,8.4,Action,Casual,True
Space Station 14 Playtest,2020,9.1,N/A,N/A,False
Train Sim World 4,2023,7.9,Simulation,N/A,False
Trick and Treat - Visual Novel,2016,9.0,Casual,Indie,True
Stoneshard: Prologue,2018,8.7,Adventure,Indie,True
The Backrooms Game FREE Edition,2019,8.1,Adventure,Casual,True
World Boss,2023,6.9,Action,N/A,True
Simply Chess,2015,7.4,Casual,Indie,True
How Fish Is Made,2022,9.6,Indie,N/A,True
Supremacy 1914: World War 1,2019,7.5,Massively Multiplayer,Simulation,True
SCP: Escape Together,2021,6.5,Action,Adventure,True
瘟疫清零计划 Project Zero,2022,9.3,Action,Adventure,True
Perfect Vermin,2020,9.4,Action,Adventure,True
DISSIDIA FINAL FANTASY NT Free Edition,2019,4.4,Action,N/A,True
Fingerbones,2015,7.9,Adventure,Indie,True
Rental,2024,9.4,Adventure,Indie,True
Infinity Wars: Animated Trading Card Game,2014,7.7,Casual,Indie,True
3on3 FreeStyle: Rebound,2020,6.3,Action,Casual,True
Hello Neighbor Alpha 2,2019,9.5,Adventure,Indie,True
CounterSide,2022,7.5,RPG,N/A,True
Coloring Game 2,2020,9.7,Casual,Indie,True
Battle Islands,2014,7.6,Simulation,Strategy,True
Rakion Chaos Force,2020,6.2,Action,RPG,True
Beyond Good and Evil,2008,8.3,Action,Adventure,False
FrostRunner,2019,9.5,Action,Indie,True
SCP: Nine-Tailed Fox,2022,7.5,Action,Adventure,True
Island Saver,2020,9.5,Action,Adventure,True
九劫曲诅咒之地 NINE TRIALS,2019,6.0,Action,Adventure,True
The Perfect Tower II,2021,8.8,Action,Indie,True
OnlyCans: Thirst Date,2021,9.6,Indie,Simulation,True
HOME,2019,9.0,Adventure,Casual,True
Infinitode 2 - Infinite Tower Defense,2021,9.2,Indie,Strategy,True
BEACHED,2021,6.5,Action,Adventure,True
Chicken Invaders Universe,2022,9.1,Action,Casual,True
RED HOT VENGEANCE,2019,9.6,Action,Indie,True
Villagers and Heroes,2014,6.1,Indie,Massively Multiplayer,True
The Old Tree,2015,9.0,Adventure,Casual,True
My Lands: Black Gem Hunting,2014,8.4,Casual,Indie,True
Kane and Lynch: Dead Men,2007,6.7,Action,N/A,False
Total War: PHARAOH DYNASTIES,2024,8.7,Action,Strategy,False
NosTale - Anime MMORPG,2017,7.1,Action,Adventure,True
Bronzebeard's Tavern,2023,9.3,Casual,Indie,True
Supraball,2019,7.7,Action,Casual,True
"Warhammer 40,000: Dawn of War II Chaos Rising",2010,8.4,Strategy,N/A,False
Eraser,2021,8.4,Action,Indie,True
Touhou Hero of Ice Fairy: Prologue,2021,9.8,Action,Adventure,True
Missing Translation,2015,8.8,Adventure,Casual,True
Spacelords,2017,5.3,Action,Adventure,True
Animal Jam,2018,7.8,Adventure,Massively Multiplayer,True
我的小鲨鱼,2024,9.7,Casual,Indie,True
HAWKED,2024,5.6,Action,Adventure,True
Prince of Suburbia - Part 1,2023,9.2,Indie,N/A,True
Mitoza,2021,9.7,Adventure,Indie,True
Antimatter Dimensions,2022,9.2,Casual,Indie,True
DORONKO WANKO,2024,9.8,Action,Casual,True
Grimhook,2023,9.8,Action,Adventure,True
Super Bernie World,2020,7.9,Action,Adventure,True
Bigscreen Beta,2016,8.5,Action,Simulation,True
Bit Heroes Quest,2017,8.0,Adventure,Massively Multiplayer,True
Shroud of the Avatar: Forsaken Virtues,2018,5.8,Adventure,Massively Multiplayer,True
Long Live Santa!,2017,8.8,Action,Indie,True
Animaze by FaceRig,2021,6.8,N/A,N/A,True
BROKE PROTOCOL,2024,7.5,Action,Adventure,True
Missing Hiker,2023,8.6,Adventure,Indie,True
Hello Neighbor Alpha 1,2019,9.2,Adventure,Indie,True
TCG Card Shop Simulator: Prologue,2024,9.6,Simulation,N/A,True
英雄黄昏-文字三国志&曹贼模拟器,2021,9.8,Indie,RPG,True
Cave Crawler,2022,9.5,Action,Adventure,True
MINDNIGHT,2017,8.5,Indie,RPG,True
BlackShot: Mercenary Warfare FPS,2016,5.4,Action,Casual,True
Burning Daylight,2019,8.9,Adventure,Indie,True
Supermarket Simulator: Prologue,2024,9.4,Casual,Indie,True
Mortal Online,2015,5.2,Action,Indie,True
Awkward Dimensions Redux,2016,8.1,Adventure,Indie,True
Ticy Adventure Club,2022,9.8,Adventure,Indie,True
Combat Arms: Reloaded,2018,5.6,Action,Massively Multiplayer,True
Vecter,2020,9.5,Action,Casual,True
Onmyoji,2018,8.2,Adventure,RPG,True
Radiator 2: Anniversary Edition,2016,8.6,Action,Casual,True
Crusaders of the Lost Idols,2015,8.3,Casual,Indie,True
Insanity Clicker,2016,6.8,Adventure,Casual,True
Prison Simulator Prologue,2021,8.9,Action,RPG,True
Soccer Manager 2022,2021,7.3,Sports,N/A,True
Sword of Convallaria,2024,7.3,RPG,Strategy,True
BattleRush,2018,6.9,Action,Adventure,True
Order of Battle: World War II,2015,8.1,Simulation,Strategy,True
Neighbours from Hell Compilation,2013,6.9,Adventure,Casual,False
RPG MO,2015,7.9,Adventure,Indie,True
"Warhammer 40,000: Darktide Playtest",2022,8.9,N/A,N/A,False
Lost Planet 2,2010,6.3,Action,Adventure,False
Landfall Archives,2023,9.5,Action,Adventure,True
King's Quest,2015,9.0,Adventure,N/A,True
THE BUTTON by Elendow,2023,9.4,Simulation,Strategy,True
Greed of Man,2023,3.9,Action,Adventure,True
WWE 2K16,2016,7.4,Simulation,Sports,False
"Warhammer 40,000: Speed Freeks",2024,7.7,Racing,N/A,True
Need for Speed: Shift,2009,8.3,Racing,N/A,False
Sunrider: Mask of Arcadius,2014,9.3,Indie,RPG,True
Duck Simulator 2,2021,9.6,Action,Adventure,True
Kingdom Wars,2013,6.8,Indie,Massively Multiplayer,True
Atelier Resleriana: Forgotten Alchemy and the Polar Night Liberator,2024,5.3,Adventure,Casual,True
Secret Neighbor Beta,2019,8.4,Action,Adventure,False
Warhammer The Horus Heresy: Legions,2019,6.2,Adventure,Strategy,True
Riichi City STEINSGATE,2022,5.4,N/A,N/A,True
IOSoccer,2018,8.2,Indie,Sports,True
Die in the Dungeon: Origins,2023,9.6,Indie,RPG,True
雀姬/姫麻雀,2019,5.5,Casual,RPG,True
Throne of Lies: Medieval Politics,2017,7.6,RPG,N/A,True
The Timeless Child - Prologue,2021,7.6,Adventure,Indie,True
"one night, hot springs",2018,9.6,Indie,Simulation,True
Copa Petrobras de Marcas,2015,6.6,Racing,Simulation,True
Super Blue Boy Planet,2016,9.1,Indie,N/A,True
Sniper Fury,2017,4.9,Action,N/A,True
100 Capitalist Cats,2024,9.7,Action,Adventure,True
Brief Karate Foolish,2016,9.4,Action,Casual,True
Prison Life,2022,8.0,Casual,Indie,True
Age of Conquest IV,2016,8.1,Indie,Strategy,True
WGT Golf,2020,6.2,Simulation,Sports,True
Age of Conan: Unchained,2013,8.0,Action,Adventure,True
Drug Dealer Simulator: Free Sample,2020,8.9,Action,Casual,True
Warspear Online,2017,7.4,Massively Multiplayer,RPG,True
花妖物语/Flower girl,2021,8.4,Casual,Indie,True
Aimtastic,2018,9.4,Action,Indie,True
Istrolid,2016,8.7,Indie,Strategy,True
Cheeky Chooks,2018,9.4,Casual,Indie,True
Just Cause 3: Multiplayer Mod,2017,7.8,Action,Massively Multiplayer,True
Antenna,2016,7.6,Casual,Indie,True
Screw Drivers,2024,8.8,Action,Indie,True
Pixel Puzzles: Japan,2014,8.1,Casual,Indie,True
A Raven Monologue,2018,9.5,Casual,Indie,True
The Elder Scrolls II: Daggerfall,2022,8.8,Action,RPG,True
Dawnlands,2023,5.1,Action,Adventure,True
Tank Force: Online Shooter Game,2017,6.6,Action,Casual,True
PRO EVOLUTION SOCCER 2019 LITE,2018,6.1,Sports,N/A,False
Dragonheir: Silent Gods,2023,6.0,Adventure,Massively Multiplayer,True
Grim Clicker,2024,7.9,Indie,RPG,True
how do you Do It?,2015,8.4,Indie,N/A,True
EverQuest II,2011,8.3,Massively Multiplayer,RPG,True
Z1 Battle Royale: Test Server,2016,5.2,Massively Multiplayer,N/A,False
Maelstrom,2019,8.3,Action,Adventure,True
The Good Time Garden,2019,9.6,Indie,N/A,True
Shift 2 Unleashed,2011,8.4,Racing,N/A,False
Battlestations Pacific,2009,7.4,Action,Strategy,False
3D Aim Trainer,2021,8.6,Action,Adventure,True
Pages of Time: Prologue,2022,9.7,Adventure,Indie,True
Neon Boost,2019,9.0,Action,Indie,True
Mr. Prepper: Prologue,2020,8.3,Action,Adventure,True
Heartwood Online,2023,7.0,Action,Adventure,True
Pixel Starships,2023,7.3,Casual,Indie,True
Accounting (Legacy),2016,9.3,Adventure,Indie,True
Hades' Star,2019,7.3,Massively Multiplayer,Strategy,True
Cats,2024,7.7,Action,Casual,True
买个可乐饼吧 - Buy a Croquette!,2024,9.9,Adventure,Casual,True
Rise of Flight United,2013,7.7,Simulation,N/A,True
Open World Game: the Open World Game,2019,9.3,Adventure,Indie,True
Frog Fractions: Game of the Decade Edition,2020,9.5,Action,Adventure,True
Game of Thrones Winter is Coming,2019,6.0,Massively Multiplayer,RPG,True
Mighty Party,2017,5.8,Action,Adventure,True
TELEFORUM,2023,9.3,Adventure,Indie,True
America's Army 3,2009,7.0,Action,N/A,True
100 Christmas Cats,2023,8.2,Action,Adventure,True
Handshakes,2023,9.9,Casual,N/A,True
With You,2022,8.9,Adventure,Indie,True
Ann,2021,9.4,Indie,N/A,True
hexceed,2021,9.0,Casual,Indie,True
Age of Empires IV Technical Stress Test,2021,9.1,Strategy,N/A,False
You Will (Not) Remain,2022,9.2,Casual,Indie,True
Gene Shift Auto,2017,8.3,Action,Indie,True
Cave Crawlers,2023,9.3,Action,Adventure,True
Command & Conquer Generals Zero Hour,2024,8.9,Action,Strategy,False
Empires Apart,2018,6.8,Strategy,N/A,True
MICROVOLTS: Recharged,2023,6.8,Action,Casual,True
Legend of Keepers: Prologue,2019,9.2,Indie,RPG,True
Deadswitch 3,2021,7.4,Action,Casual,True
Street Fighter X Tekken,2012,7.9,Action,N/A,False
Planet S,2023,9.2,Indie,Strategy,True
ChilloutVR,2021,8.2,Action,Casual,True
Back to the Future: The Game,2010,7.4,Adventure,N/A,False
Trick & Treat,2016,9.6,Adventure,Casual,True
SYNTHETIK: Arena,2019,9.0,Action,Indie,True
Wrecked,2018,7.7,Action,Massively Multiplayer,True
OMFG: One Million Fatal Guns,2021,9.5,Action,N/A,True
Aircar,2019,9.5,Casual,Indie,True
PAYDAY 3 Playtest,2023,7.4,N/A,N/A,False
Hunger Dungeon,2016,7.2,Action,Adventure,True
HAWKEN REBORN,2023,2.8,Action,Adventure,True
Pool Nation FX Lite,2015,7.2,Casual,Indie,True
Poker Championship,2019,8.1,Indie,Massively Multiplayer,True
Illusion Carnival,2024,9.8,Adventure,Indie,True
WooLoop,2023,9.0,Casual,Indie,True
Neos VR,2018,5.4,Indie,Massively Multiplayer,True
"Warhammer 40,000: Warpforge",2024,5.2,Strategy,N/A,True
Motorcycle Mechanic Simulator 2021: Prologue,2021,8.6,Casual,Indie,True
Dark Hours: Prologue,2024,8.5,Action,Adventure,True
Fuse,2014,6.5,N/A,N/A,True
EverQuest,2012,8.0,Massively Multiplayer,RPG,True
Holo X Break,2024,8.5,Action,Casual,True
Anarchy Arcade,2014,6.8,Casual,Indie,True
TREE,2018,9.4,Casual,Indie,True
Sep-99,2018,8.6,Indie,N/A,True
Swallow the Sea,2021,9.8,Action,Adventure,True
江湖客栈-The Jianghu,2024,5.8,Action,Adventure,True
Peggle Extreme,2007,9.5,Casual,N/A,True
Kill or Love,2020,9.0,Casual,Indie,True
Seduce Me the Otome,2015,8.7,Casual,Simulation,True
The Lion's Song: Episode 1 - Silence,2016,7.7,Adventure,Indie,True
FINAL FANTASY VII EVER CRISIS,2023,5.7,Adventure,RPG,True
Kill It With Fire: HEATWAVE,2020,9.2,Action,Casual,True
Rock Life: The Rock Simulator,2022,9.5,Casual,Indie,True
"If On A Winter's Night, Four Travelers",2021,9.6,Adventure,N/A,True
Warfork,2019,8.9,Action,Indie,True
Airline Manager,2021,7.0,Simulation,N/A,True
"Warhammer 40,000: Dawn of War Winter Assault",2007,8.9,Strategy,N/A,False
Tiny Bunny: Prologue,2020,9.6,Adventure,Indie,True
Flower girl 2,2022,8.2,Casual,Indie,True
Zombie Defense,2016,8.4,Action,Casual,True
Wurm Online,2020,6.1,Adventure,Indie,True
Inferna,2019,6.2,Indie,Massively Multiplayer,True
The Howler,2014,7.8,Casual,Indie,True
Lily's Well,2022,9.8,Adventure,Indie,True
Blood Spear,2021,9.6,Action,Adventure,True
Prime World: Defenders 2,2018,7.9,Massively Multiplayer,Strategy,True
Batman: Arkham City,2011,9.1,Action,Adventure,False
Soccer Manager 2021,2020,7.4,Sports,N/A,True
Frostrain,2024,9.4,Indie,Simulation,True
Epic Battle Fantasy 3,2016,9.7,Adventure,Indie,True
Written in the Sky,2015,7.8,Action,Adventure,False
Smithworks,2022,9.2,Casual,Indie,True
Lurk in the Dark : Prologue,2019,8.9,Action,Indie,True
Idle Skilling,2022,7.2,Casual,Indie,True
蜀山初章 Playtest,2022,9.4,N/A,N/A,False
Tales of Escape,2017,6.2,Adventure,Casual,True
Metal Slug: Awakening,2024,6.2,Action,Adventure,True
Fantasy Strike,2019,6.1,Action,Casual,True
METAL SLUG DEFENSE,2015,5.6,Action,N/A,True
The Life and Suffering of Sir Brante Chapter 1&2,2020,9.6,Adventure,Indie,True
Gridiron,2020,7.9,Action,Sports,False
"OH MY GOD, LOOK AT THIS KNIGHT",2018,9.6,Action,Adventure,True
Space Hulk,2013,5.8,Indie,Strategy,False
Puzzle Pirates,2011,8.0,Adventure,Casual,True
Without Within,2015,8.8,Indie,N/A,True
Streamline,2016,7.1,Action,Indie,False
MultiVersus Technical Test,2022,9.8,N/A,N/A,False
Cureocity,2024,9.8,Adventure,Indie,True
Operation: Tango - Friend Pass,2020,8.6,Adventure,Casual,True
Chex Quest HD,2020,8.0,Action,Indie,True
Hammerfight,2009,7.2,Action,Indie,True
Taora : Beginning,2023,8.8,Action,Adventure,True
100 Ninja Cats,2024,9.8,Action,Adventure,True
Star Realms,2016,8.6,Strategy,N/A,True
The Big Catch: Tacklebox,2024,9.0,Action,Adventure,True
Grapple,2022,4.9,Action,Casual,True
Marbles on Stream,2019,8.6,Casual,Massively Multiplayer,True
Eternal Edge Prologue,2022,9.0,Action,Adventure,True
Hellbound: Survival Mode,2019,8.7,Action,Indie,True
Beer Factory - Prologue,2023,8.6,Indie,Simulation,True
Sang-Froid - Tales of Werewolves,2013,7.9,Action,Adventure,True
Wolfenstein: Enemy Territory,2022,8.4,Action,N/A,True
VTuber Maker,2020,8.2,N/A,N/A,True
Frozen Free Fall: Snowball Fight,2015,5.9,Casual,N/A,False
Escape the Game,2016,8.3,Adventure,Indie,True
The Elder Scrolls: Arena,2022,8.2,Action,RPG,True
Home Sweet Home : Online,2023,5.2,Action,Indie,True
Altitude,2009,7.9,Action,Casual,True
Genesis Online,2015,3.2,Action,N/A,True
PlanetSide Arena,2019,4.5,Action,Massively Multiplayer,False
The Darkest Tales Into the Nightmare,2021,8.5,Action,Adventure,True
The Monster Inside,2017,8.8,Indie,N/A,True
Animal Shelter: Prologue,2021,9.1,Adventure,Casual,True
Oasis VR,2020,8.5,Adventure,Casual,True
Monster Girl2,2023,8.3,Adventure,Casual,True
Anonymous Hacker Simulator: Prologue,2023,9.1,Indie,Simulation,True
Star Crusade CCG,2016,8.0,Casual,Massively Multiplayer,True
Katawa Shoujo,2024,9.9,Casual,Indie,True
Freedom Fighters,2020,9.5,Action,N/A,False
Hamster Playground,2024,8.6,Casual,Indie,True
At Home Alone,2018,8.5,Adventure,Casual,True
Impact Point,2022,9.0,Action,Indie,True
Project Torque - Free 2 Play MMO Racing Game,2019,7.3,Massively Multiplayer,Racing,True
YTBB,2022,5.8,Action,Indie,True
Moonring,2023,9.7,RPG,N/A,True
Unnamed Space Idle,2023,9.3,Casual,Simulation,True
Electrician Simulator - First Shock,2022,8.1,Adventure,Casual,True
Dragon's Dogma 2 Character Creator & Storage,2024,8.0,N/A,N/A,True
Their Land,2023,4.1,Action,Adventure,True
Beecarbonize,2023,9.3,Action,Simulation,True
Marvel's Guardians of the Galaxy: The Telltale Series,2017,7.8,Adventure,N/A,False
Above Snakes: Prologue,2023,9.0,Adventure,RPG,True
Unsorted Horror,2023,9.8,Simulation,N/A,True
Arid,2021,8.7,Action,Adventure,True
Lights Off!,2022,8.6,Adventure,Casual,True
Wild Terra Online,2017,6.1,Action,Adventure,True
There is No GreenDam,2019,9.6,Adventure,Casual,True
A Date in the Park,2016,8.7,Adventure,N/A,True
Orbital Gear,2014,5.9,Action,Indie,True
Coloring Game 4,2021,9.3,Casual,Indie,True
Velvet Sundown,2014,6.0,Adventure,Casual,True
Disturbed,2016,9.2,Adventure,Casual,True
Durka Simulator,2023,9.4,Indie,Simulation,True
Dev Guy,2015,7.9,Adventure,Indie,True
Lines X Free,2017,9.3,Casual,Indie,True
ANOTHER EDEN,2021,6.9,RPG,N/A,True
CAYNE,2017,7.5,Adventure,Indie,True
Flash Party,2023,6.8,Action,N/A,True
Idling to Rule the Gods,2016,8.6,Casual,Indie,True
Dreamland,2022,7.9,Adventure,Casual,True
Combat Arms: the Classic,2020,6.5,Action,Adventure,True
Galactic Junk League,2017,6.9,Action,Casual,False
Jigoku Kisetsukan: Sense of the Seasons,2015,9.3,Indie,N/A,True
Pinball FX,2023,6.7,Simulation,N/A,True
Century Playtest,2021,9.6,N/A,N/A,False
Eronoctosis: Put Yourself Together,2021,9.2,Action,Adventure,True
Maurice: In The Predator's Nest,2022,7.7,Action,Adventure,True
Fog Of War - Free Edition,2018,5.2,Action,Indie,True
Midas Gold Plus,2017,8.6,Adventure,Casual,True
Cube Racer,2017,9.1,Action,Casual,True
Hello Neighbor Pre-Alpha,2019,9.1,Adventure,Indie,True
Guild Quest,2017,6.6,Casual,Indie,True
Minds Eyes,2016,7.0,Action,Adventure,True
Hello Charlotte EP2: Requiem Aeternam Deo,2016,9.7,Adventure,Indie,True
SlipSlop: World's Hardest Platformer Game,2019,8.2,Action,Indie,True
战姬军团,2023,9.0,Action,Adventure,True
404Sight,2015,8.5,Action,Indie,True
The Lost Mythologies,2016,6.6,Action,N/A,True
Zombidle : REMONSTERED,2017,8.5,Casual,Indie,True
Shelter 69,2022,6.3,Casual,Indie,True
Sword Art Online: Integral Factor,2023,6.2,Action,Adventure,True
FPV SkyDive : FPV Drone Simulator,2021,8.1,Adventure,Casual,True
Banana & Cucumber,2024,6.8,Casual,Indie,True
Get Off My Lawn!,2014,7.4,Casual,Indie,True
Desert Bus VR,2017,8.8,Casual,Simulation,True
Soldat,2020,9.5,Action,Indie,True
Guns and Robots,2014,6.6,Action,Indie,True
Dwarfs - F2P,2012,8.5,Casual,Indie,True
Passing Pineview Forest,2014,6.6,Action,Adventure,True
Resonance of the Ocean,2022,9.8,Adventure,Casual,True
GameMaker,2022,8.7,N/A,N/A,True
Bloodline Champions,2011,7.9,Action,Massively Multiplayer,True
Smart Game Booster,2020,7.9,N/A,N/A,True
Duelyst II,2022,7.5,Indie,Strategy,True
Summerland,2020,9.1,Adventure,Indie,True
Run Zeus Run,2017,8.8,Adventure,Casual,True
Cut,2022,9.6,Indie,N/A,True
Global Agenda: Free Agent,2011,7.0,Action,Massively Multiplayer,True
Arena of Kings,2021,7.5,Action,Massively Multiplayer,True
They Can't Stop All Of Us,2019,7.4,Action,Indie,True
Urbek City Builder: Prologue,2022,9.5,Simulation,Strategy,True
Your Chronicle,2021,8.0,RPG,N/A,True
Off-Peak,2016,8.9,Adventure,Indie,True
Micro Platformer,2020,9.7,Indie,N/A,True
Expedition Agartha,2023,6.5,Action,Adventure,True
Eldevin,2014,7.9,Casual,Indie,True
Zombie Gunship Survival,2021,5.1,Action,N/A,True
Allods Online RU,2016,6.9,Action,Massively Multiplayer,True
Pew Dew Redemption,2019,8.4,Action,Adventure,True
Dominion,2024,8.5,Strategy,N/A,True
Mushy,2022,8.7,Action,Adventure,True
Pact with a witch,2019,9.3,Adventure,Casual,True
Idle Spiral,2022,8.2,Casual,Indie,True
Kill It With Fire: Ignition,2020,9.2,Action,Casual,True
SCP: Containment Breach Remastered,2022,7.5,Strategy,N/A,True
Rise of Legions,2019,8.3,Casual,Indie,True
The Forgotten Ones,2014,6.1,Action,Adventure,True
Call to Arms - Gates of Hell: Ostfront Playtest,2021,9.7,N/A,N/A,False
Sprout,2018,9.6,Adventure,Casual,True
Sniper 3D Assassin: Free to Play,2018,6.4,Action,Adventure,True
Picross Touch,2016,9.4,Casual,Indie,True
PIGGY: Hunt,2021,7.0,Action,Adventure,True
Metal Waltz: Anime tank girls,2017,7.9,Adventure,RPG,True
Air Brawl,2015,7.8,Action,Indie,True
Uncharted Waters Origin,2023,4.5,Adventure,Massively Multiplayer,True
FarmD,2021,8.2,Casual,Indie,True
A Taste of the Past,2022,9.8,Adventure,Casual,True
Rebel Forces,2018,8.2,Action,Indie,True
Drakensang Online,2023,6.5,Action,Adventure,True
United heist,2023,8.3,Adventure,Indie,True
Come with Me,2021,7.3,Action,Adventure,True
Territory Idle,2019,8.0,Indie,Strategy,True
Mushroom Cats,2019,9.7,Adventure,Casual,True
Dis The Game,2021,5.8,N/A,N/A,True
Dungeon Defenders Eternity,2014,5.0,Action,Indie,False
The Texas Chain Saw Massacre Playtest,2023,9.7,N/A,N/A,False
Warplanes: WW2 Dogfight,2019,8.6,Action,Indie,True
The Genesis Project,2022,8.6,Adventure,RPG,True
Jesus Christ RPG Trilogy,2016,8.6,Action,RPG,True
Bakso Simulator,2022,9.2,Casual,Simulation,True
Gunsmith Simulator: Prologue,2023,8.5,Simulation,N/A,True
Fast Food Simulator: Prologue,2024,9.0,Indie,Simulation,True
Mr. Hopp's Playhouse,2019,9.4,Indie,Strategy,True
Tabletopia,2016,6.3,Casual,Indie,True
Holyday City: Reloaded,2018,8.2,Casual,Indie,True
Thief Simulator 2: Prologue,2023,8.5,Action,Indie,True
LoveBeat,2016,7.5,Action,Casual,True
CHKN,2016,8.0,Adventure,Casual,True
I MAED A GAM3 W1TH Z0MB1ES 1N IT!!!1,2021,9.8,Action,Casual,True
TrenchesWIP,2019,7.3,Action,N/A,True
March of Empires,2017,6.5,Massively Multiplayer,RPG,True
Idle Research,2022,8.5,Adventure,Casual,True
The Desolate Hope,2014,9.2,Action,Adventure,True
Enemy On Board,2020,7.2,Action,Casual,True
Rise of Eros,2023,6.0,Adventure,Massively Multiplayer,True
Aurora Hills: Chapter 1,2024,9.6,Adventure,Casual,True
Oxygen: First Breath,2022,9.0,Indie,Simulation,True
NGU INDUSTRIES,2021,7.9,Indie,N/A,True
Soccer Manager 2020,2020,7.6,Sports,N/A,True
Occupy Mars: Prologue (2020),2020,7.8,Adventure,Indie,True
Minecraft: Story Mode - Season Two,2017,9.2,Adventure,N/A,False
Alone in the Dark Prologue,2023,7.6,Adventure,N/A,True
Gladiator Guild Manager: Prologue,2020,9.4,Indie,Simulation,True
Lovers of Aether,2019,9.3,Casual,Indie,True
Slava Ukraini!,2022,7.3,Action,Simulation,True
Wallpaper Maker 造物主视频桌面,2019,8.3,N/A,N/A,True
PRO EVOLUTION SOCCER 2018 LITE,2017,5.1,Sports,N/A,False
Cooking Live - Italian Kitchen Simulator,2023,7.6,Casual,Simulation,True
CityBattle Virtual Earth,2018,6.7,Action,Massively Multiplayer,True
BustyBiz,2020,6.9,Casual,RPG,True
Drop Alive,2016,8.9,Casual,Indie,True
Rushdown Revolt,2020,7.9,Action,Adventure,True
Half Sword Playtest,2024,9.4,N/A,N/A,False
Homicipher: Trial,2023,9.9,Adventure,Indie,True
Paint Warfare,2022,8.5,Action,Casual,True
FreestyleFootball R,2022,6.8,Action,Casual,True
Frosty Kiss,2016,9.0,Adventure,Casual,True
Spiral Clicker,2018,8.8,Indie,N/A,True
BombTag,2018,8.4,Casual,Indie,True
Cadria Item Shop,2018,7.3,Casual,Indie,True
Lust from Beyond: Prologue,2019,8.8,Adventure,N/A,True
Bendy: Secrets of the Machine,2024,8.2,Action,Adventure,True
Cats and Seek: Osaka,2023,9.8,Casual,Indie,True
Lofi Ping Pong,2019,8.5,Indie,N/A,True
NERTS! Online,2021,9.5,Action,Casual,True
枝江畔之梦,2022,9.9,Casual,N/A,True
Zaccaria Pinball,2016,8.3,Action,Casual,True
Zardy's Maze,2021,9.2,Action,Indie,True
Hellblade: Senua's Sacrifice VR Edition,2018,8.7,Action,Adventure,False
狐の旅路,2020,9.5,Indie,RPG,True
Touhou Fantasia / 东方梦想曲,2019,9.6,Action,Indie,True
Waves,2011,8.2,Action,Indie,True
METRO CONFLICT: THE ORIGIN,2017,5.4,Action,Adventure,False
The Sandbox Evolution - Craft a 2D Pixel Universe!,2016,4.3,Action,Indie,True
Crimzon Clover WORLD IGNITION,2014,8.5,Action,Indie,False
NEKOPALIVE,2016,9.2,Casual,N/A,True
The Bard's Tale IV: Barrows Deep,2018,6.7,RPG,N/A,False
Coloring Game 3,2020,9.5,Casual,Indie,True
罪業狂襲FrenzyRetribution,2019,7.7,Action,Indie,True
Majesty 2 Collection,2011,7.5,Strategy,N/A,False
pla_toon,2018,8.8,Action,Indie,True
RAID: Shadow Legends,2024,5.7,Massively Multiplayer,RPG,True
DYO,2018,9.7,Indie,N/A,True
Idle Wizard,2019,8.7,Casual,N/A,True
Vectorio Classic,2021,9.3,Casual,Indie,True
Blind Trust,2016,5.2,Adventure,Indie,True
Fap Queen,2018,8.2,Casual,Indie,True
Unturned - Dedicated Server,2019,8.5,N/A,N/A,False
Welcome to Free Will - Episode 1,2021,8.8,Adventure,Indie,True
Spellsworn,2018,8.9,Action,Indie,True
One Troll Army,2016,8.6,Casual,Indie,True
vivid/stasis,2023,9.4,Indie,N/A,True
Einar,2017,6.1,Action,Casual,True
Eden Rising,2019,6.5,Action,Adventure,True
Bombix,2018,7.0,Action,RPG,True
Among Ripples,2015,6.8,Casual,Indie,True
CaesarIA,2015,5.8,Indie,Strategy,True
Aberoth,2015,6.4,Action,Adventure,True
SpellForce 3 Versus Edition,2020,7.6,RPG,Strategy,True
Savage Resurrection,2016,5.7,Action,RPG,False
BLACK BOX LSS - The Shining Immortal,2023,9.9,Indie,RPG,True
Warzone 2100,2020,9.0,Strategy,N/A,True
SOVL: Fantasy Warfare,2023,8.8,Indie,Strategy,True
GrandChase Playtest,2021,8.8,N/A,N/A,False
Soviet Jump Game,2020,8.2,Action,Casual,True
Unsung Warriors - Prologue,2019,9.5,Action,Adventure,True
Immune - True Survival,2016,5.9,Action,Adventure,False
Hazard Ops,2014,6.4,Action,N/A,True
Reminiscence,2021,8.4,Adventure,Casual,True
Varenje,2018,8.7,Adventure,Casual,True
Dragon Saga,2015,6.5,Action,Adventure,True
Shooty Skies,2018,9.2,Action,Indie,True
PICO PARK:Classic Edition,2016,7.2,Action,Casual,True
Mist Legacy,2022,7.4,Indie,Massively Multiplayer,True
Angeldust,2019,6.4,Action,Casual,True
He Needs His Medicine,2021,7.9,Action,Adventure,True
Trailer Park Boys: Greasy Money,2018,8.1,Casual,Indie,True
Aperture Hand Lab,2019,8.7,Adventure,N/A,True
Be Funny Now!,2022,6.1,Casual,N/A,True
FPS Game: Dev Test,2022,8.5,Action,Indie,True
Lust from Beyond: Scarlet,2020,8.3,Action,Adventure,True
100 Dino Cats,2024,9.5,Action,Adventure,True
Guardians of Middle-earth,2013,5.6,Action,Strategy,False
Fishy,2019,9.4,Action,Adventure,True
Continent of the Ninth Seal,2012,7.1,Action,Massively Multiplayer,True
Escape From School,2021,6.3,Action,Adventure,True
Garbage: Hobo Prophecy,2021,7.4,Indie,Simulation,True
Navy Field 2 : Conqueror of the Ocean,2015,4.5,Action,Massively Multiplayer,True
Bakery Magnate: Beginning,2020,8.7,Indie,Simulation,True
Different Strokes,2022,9.3,Indie,Massively Multiplayer,True
Gun Devil,2022,9.6,Action,Adventure,True
Bloody Walls,2016,7.8,Action,Indie,True
Nova-Life: Amboise,2019,7.8,Action,Indie,True
Fruit Postal Service,2019,7.4,Casual,Racing,True
Battle Tanks: Legends of World War II,2019,6.6,Action,Casual,True
Star Trek Timelines,2017,6.5,Adventure,RPG,True
Trials on Tatooine,2016,7.9,Action,N/A,True
NBA Playgrounds,2017,6.7,Sports,N/A,False
Spellweaver,2016,6.3,Indie,Massively Multiplayer,True
像素女友,2020,9.9,Adventure,Casual,True
Blackjack Championship,2020,6.6,Indie,Massively Multiplayer,True
Destination Sol,2015,7.9,Action,Indie,True
Heroine's Quest: The Herald of Ragnarok,2014,8.8,Adventure,Indie,True
Hello Neighbor Alpha 3,2019,7.8,Adventure,Indie,True
SAMURAI SHODOWN,2021,7.9,Action,N/A,False
Khimera: Destroy All Monster Girls,2016,9.6,Action,Adventure,True
Not My Car Battle Royale,2019,4.6,Action,Massively Multiplayer,True
Dragon And Home,2021,5.9,Adventure,Casual,True
The Test: Secrets of the Soul,2023,9.8,Adventure,Casual,True
NOeSIS01_诉说谎言记忆物语,2020,9.8,Casual,Indie,True
EMPTY SHELL: PROLOGUE,2023,9.4,Action,Adventure,True
Runes of Magic,2018,7.1,Action,Adventure,True
Crypt,2022,9.0,Adventure,Indie,True
Blood: One Unit Whole Blood,2014,8.2,Action,Adventure,False
100 Istanbul Cats,2024,8.1,Action,Casual,True
中华三国志 the Three Kingdoms of China,2019,8.6,Indie,Strategy,True
You Have 10 Seconds,2016,8.9,Indie,N/A,True
Aviators,2024,7.5,Adventure,N/A,True
Victory: The Age of Racing,2016,5.1,Indie,Racing,True
STEINSGATE ELITE,2019,9.2,Adventure,N/A,False
Mythgard,2020,8.6,Casual,Indie,True
Paradise Cleaning!,2018,9.4,Action,Casual,True
Halls of Torment: Prelude,2023,9.3,Action,Casual,True
Innocence Or Money Season 1 - Episodes 1 to 3,2022,8.3,Adventure,N/A,True
All Is Dust,2015,4.5,Adventure,N/A,True
Police Stories: The Academy,2022,9.1,Action,Indie,True
Buriedbornes - Dungeon RPG,2022,8.8,RPG,N/A,True
Zoo 2: Animal Park,2020,7.9,Casual,Simulation,True
Industry Idle,2024,7.8,Indie,Simulation,True
Sarah's Adventure: Time Travel,2024,8.9,Casual,Indie,True
SKYE,2020,9.2,Adventure,Casual,True
Magic Rampage,2022,9.4,Action,Adventure,True
Dark Fracture: Prologue,2020,8.5,Action,Adventure,True
召唤之王 (Supreme Summoner),2023,9.0,Casual,Indie,True
A Space For The Unbound - Prologue,2020,9.8,Adventure,Indie,True
CUPID - A free to play Visual Novel,2016,8.7,Indie,RPG,True
CosmicBreak Universal,2021,5.6,Action,Massively Multiplayer,True
Crystal Clash,2022,8.3,Action,Casual,True
Color Symphony,2014,7.3,Action,Indie,True
Escape Memoirs: Questionable Side Stories,2023,9.6,Adventure,Casual,True
Jerma's Big Adventure,2021,9.8,Action,Adventure,True
Knell of St. Godhrkar,2021,9.4,Adventure,Indie,True
Hand of the Gods,2018,5.8,Strategy,N/A,False
StarBreak,2016,7.9,Action,Indie,True
Adolescent Santa Claus,2018,8.5,Adventure,Casual,True
My Friend is a Raven,2020,9.2,Adventure,Casual,True
WARSAW RISING: City of Heroes,2019,6.5,Indie,RPG,True
Occupy White Walls,2022,9.3,Casual,Indie,True
Cafe Owner Simulator: Prologue,2022,6.8,Indie,Simulation,True
垃圾桶军团,2024,9.7,Casual,Indie,True
Voices from the Sea,2015,9.3,Adventure,Casual,True
SinVR,2018,5.9,Simulation,N/A,True
Cookard,2024,9.7,Casual,Indie,True
My Sticker Book,2022,9.7,Adventure,Indie,True
Strike.is: The Game,2016,7.3,Action,Massively Multiplayer,True
Survived By,2018,6.2,Action,Indie,False
Holodrive,2021,7.8,Action,Indie,True
Bean,2021,8.5,N/A,N/A,True
memories,2023,9.5,Adventure,Casual,True
"Shardbound: Forge Your Path, Master Your Strategy",2017,7.6,Action,Indie,True
Port of Call,2015,8.9,Adventure,Indie,True
Fantasy Grounds Classic,2014,8.0,Indie,RPG,False
Space Pilgrim Episode I: Alpha Centauri,2015,8.8,Adventure,Indie,True
Granado Espada,2017,6.3,Massively Multiplayer,RPG,True
Split or Steal,2020,7.7,Casual,Simulation,True
Obama Maze,2022,9.1,Casual,Indie,True
Mahjong Soul,2024,9.0,Casual,Strategy,True
BOMJMAN,2020,8.6,Action,Indie,True
Crypto Miner Tycoon Simulator Starter Edition,2023,8.8,Simulation,N/A,True
My boss is weird,2021,5.0,Casual,Indie,True
Postmouse,2023,9.0,Adventure,Indie,True
AX:EL - Air XenoDawn,2015,7.7,Action,Indie,True
Pickle Clicker,2022,8.9,Casual,Indie,True
"South Scrimshaw, Part One",2023,9.9,Casual,Indie,True
Hobs,2019,8.6,Indie,Strategy,True
SolForge,2016,6.5,Casual,RPG,False
Nothing Together,2024,9.4,Action,Adventure,True
Light Bearers,2018,8.9,Action,Casual,True
MicroWorks,2022,8.1,Action,Casual,True
TM - Prologue,2021,9.3,Indie,Simulation,True
The Call of Karen,2020,7.9,Casual,Indie,True
The Average Everyday Adventures of Samantha Browne,2016,8.2,Casual,Indie,True
The Flood,2018,8.4,Adventure,Casual,True
愤怒的孙子们,2024,8.8,Action,Adventure,True
SEXTS,2023,7.9,Casual,Indie,True
Warbands: Bushido,2017,6.9,Indie,Strategy,True
Pleh!,2023,9.5,Adventure,Indie,True
Prismata,2018,8.2,Indie,Simulation,True
Aircraft Carrier Survival: Tutorial,2021,7.0,Action,Simulation,True
Car Detailing Simulator: Prologue,2021,7.9,Indie,Simulation,True
URBO: Dream One,2023,9.7,Indie,Strategy,True
Haunted Gas Station,2019,7.7,Casual,Indie,True
Tilt Brush,2016,9.4,N/A,N/A,True
100 March Cats,2024,9.8,Adventure,Casual,True
Second Galaxy,2019,5.2,Massively Multiplayer,RPG,True
Champions of Regnum,2013,6.8,Indie,Massively Multiplayer,True
Wwbit,2018,5.5,Casual,Indie,False
Battle Carnival,2018,6.9,N/A,N/A,False
Paintball War,2018,4.2,Action,Massively Multiplayer,True
High Entropy: Challenges,2020,9.5,Action,Adventure,True
Trimps,2022,9.2,Casual,Indie,True
Idle Monster TD: Evolved,2022,7.8,Casual,Indie,True
Tactical Craft Online,2016,4.8,Indie,Massively Multiplayer,True
SimRail - The Railway Simulator: Prologue,2021,8.1,Simulation,N/A,True
Jaded,2022,9.6,Action,Indie,True
Hell Wedding 夜嫁,2020,8.7,Indie,N/A,True
Puppet Master: The Game,2024,8.6,Action,Indie,True
Six Braves,2022,7.9,Adventure,Casual,True
Toy Shire: Room One,2024,9.5,Action,Strategy,True
Monster Hunter Rise: Sunbreak Demo,2022,8.1,Action,N/A,True
Dark Roll: Free Kick Challenge,2021,8.1,Casual,Indie,True
Big Bang Empire,2016,6.8,Adventure,Casual,True
Burger,2024,8.1,Action,Adventure,True
永冻之壳 The Shell of Permafrost,2018,9.8,Casual,Indie,True
Project Harlock Playtest,2022,9.3,N/A,N/A,False
Epigenesis,2014,6.5,Action,Indie,True
Clown House (Palyaço Evi),2015,4.9,Action,Indie,True
WARMACHINE: Tactics,2014,4.4,Indie,Strategy,True
Sigils of Elohim,2014,9.1,Casual,Indie,True
Kebab Simulator: Prologue,2023,6.8,Casual,Indie,True
Stormbound,2018,7.0,Indie,Strategy,True
I Am Jesus Christ: Prologue,2022,7.4,Action,Adventure,True
100 Aliens Cats,2024,9.4,Action,Adventure,True
100 Funny Cats,2024,9.8,Adventure,Casual,True
The Braves,2024,6.8,Action,Casual,True
Check it Out!,2022,8.7,Casual,Indie,True
Ultra Fight Da ! Kyanta 2,2019,9.7,Action,Indie,True
9.03m,2013,8.3,Indie,N/A,True
Second Chance,2018,8.5,Adventure,Casual,True
Delta Force Alpha Test,2024,8.0,N/A,N/A,False
King of Kinks,2022,5.6,RPG,Strategy,True
Trapped with Jester,2022,9.5,Adventure,Casual,True
Mansions of Madness,2016,9.3,Adventure,Strategy,True
ONE PIECE Bounty Rush,2024,6.2,Action,N/A,True
Medusa's Labyrinth,2016,7.7,Action,Adventure,True
Fausts Alptraum,2017,9.4,Adventure,Indie,True
Kinoko,2020,8.4,Adventure,Casual,True
One Thousand Lies,2016,9.0,Casual,Simulation,True
Darza's Dominion,2022,6.4,Action,Adventure,True
Onigiri,2019,7.1,Action,Adventure,True
Warhammer: Chaos And Conquest,2019,5.4,Massively Multiplayer,Simulation,True
Obama,2022,8.9,Adventure,N/A,True
last seen online,2024,9.9,Indie,Simulation,True
RADical ROACH Remastered,2014,5.5,Action,Adventure,True
Resonite,2023,8.3,Casual,Indie,True
Lost girls diary,2016,8.2,N/A,N/A,True
Who's Your Daddy Playtest,2020,9.3,N/A,N/A,False
Growtopia,2024,2.4,Action,Adventure,True
Bad Dream: Fever,2018,8.2,Adventure,Indie,True
Trophy Fishing 2,2017,7.4,Simulation,Sports,True
Talvisota - Winter War,2020,8.8,Action,Massively Multiplayer,True
Starward,2024,6.6,Action,Adventure,True
Starship Theory,2017,5.0,Indie,Simulation,True
Dystopia,2009,8.5,Action,Indie,True
Citywars Tower Defense,2022,8.1,Action,Adventure,True
Cyrano Story,2020,6.7,Adventure,Indie,True
Traitors in Salem,2022,6.1,Casual,Indie,True
DOTOKOI / 像素男友,2019,9.9,Casual,Indie,True
The Defender: Farm and Castle,2019,9.0,Action,Strategy,True
Havoc,2024,6.4,Action,Indie,True
Watermelon Game,2023,9.1,Casual,Indie,True
攻城与召唤 Siege and Summons 5分钟一局 策略竞技,2024,9.6,Adventure,Casual,True
ACE - Arena: Cyber Evolution,2014,6.6,Action,Indie,False
Underworld Idle,2023,7.2,Indie,Strategy,True
Krypta FM,2024,9.5,Adventure,Indie,True
Apotheon Arena,2015,8.2,Action,Indie,True
War Rock,2019,6.0,Action,Casual,True
Hog Hunter 2021,2021,9.5,Action,Indie,True
Fap Queen 2,2019,8.3,Casual,Indie,True
Alien Removal Division,2022,8.8,Action,Indie,True
TRY AGAIN,2023,9.6,Action,Indie,True
Piratopia,2021,8.5,Action,Adventure,True
Summer in Mara Prologue,2020,8.7,Adventure,Casual,True
Children of Silentown: Prologue,2020,9.6,Adventure,Indie,True
The Cat and the Coup,2011,9.4,Indie,N/A,True
Phobies,2022,8.7,Indie,Strategy,True
"Yes, Master!",2020,7.6,Adventure,Indie,True
VALKYRIE CONNECT,2020,7.5,Adventure,RPG,True
daydream 白日夢,2022,9.9,Casual,RPG,True
Company of Heroes 3 Playtest,2023,7.4,N/A,N/A,False
Love Sucks: Night One,2021,9.5,Casual,Indie,True
Ukraine War Stories,2022,8.8,Adventure,Indie,True
LOEK,2020,9.3,Action,Indie,True
Shotgun Witch,2020,9.7,Action,Adventure,True
Lucid9: Inciting Incident,2016,9.0,Casual,Simulation,True
Pyroworks,2023,9.2,Indie,Simulation,True
TeraBlaster,2015,6.9,Action,Casual,True
Global City,2021,7.0,Casual,Massively Multiplayer,True
Incremental Epic Hero 2,2022,7.1,Adventure,Indie,True
坦率的小红帽和爱说谎的狼,2020,9.8,Casual,RPG,True
Men of War II Playtest,2023,7.4,N/A,N/A,False
The Powder Toy,2024,9.9,Simulation,N/A,True
The Elder Scrolls Online - Elsweyr,2019,8.3,Massively Multiplayer,RPG,False
Coloring Game: Little City,2019,9.4,Casual,Indie,True
Empires Mod,2008,8.6,Action,Strategy,True
Gravewood High,2023,5.5,Action,Adventure,True
Phoning Home,2017,6.1,Action,Adventure,True
The Lar,2019,9.5,Adventure,Casual,True
Fake Lay,2020,6.5,Action,Casual,True
POOSTALL Royale,2023,8.6,Action,N/A,True
Babble Royale,2021,8.2,Action,Casual,True
Sisyphus Reborn,2016,9.2,Adventure,N/A,True
KROSMAGA,2017,7.5,Casual,Massively Multiplayer,True
Aeons Echo,2024,7.8,Action,Casual,True
Clatter,2018,8.2,Indie,Strategy,True
M.A.R.S,2021,6.3,Action,Massively Multiplayer,True
Engine Evolution 2022,2023,7.5,Action,Casual,True
Mad Adventures,2022,9.2,Action,Casual,True
Lynne,2018,8.0,Indie,Simulation,True
Pixel Sketch,2017,7.3,Casual,Massively Multiplayer,True
X-Plane 10 Global - 64 Bit,2014,7.1,Simulation,N/A,False
Grimoire: Manastorm,2017,6.8,Action,Indie,True
Mimpi Dreams,2016,9.4,Adventure,Indie,True
Barji Kart,2022,8.3,Action,Casual,True
Friendly Fire,2020,9.5,Adventure,Casual,True
Football Manager 2020 Touch,2019,8.8,Simulation,Sports,False
The Mammoth: A Cave Painting,2017,9.2,Action,Adventure,True
Karos,2014,6.7,Massively Multiplayer,RPG,True
Robin Hood - Sherwood Builders - Bandit's Trail,2023,8.4,Action,Adventure,True
Sex Coach: Hot Yoga - Prologue,2024,7.2,Adventure,RPG,True
IL-2 Sturmovik: Cliffs of Dover,2011,6.0,Simulation,N/A,False
Liquidators,2020,9.6,Adventure,Indie,True
ePic Character Generator,2015,8.3,N/A,N/A,True
重生之我是小虾米,2024,9.6,Adventure,Casual,True
Astrometica: Prologue,2024,9.3,Action,Adventure,True
Circle of Sumo: Online Rumble!,2020,9.2,Casual,Indie,True
Wild Warfare,2014,6.9,Action,Indie,True
Ethyrial: Echoes of Yore,2023,3.5,Adventure,Indie,True
Kreedz Climbing,2017,8.2,Indie,Racing,True
Klaus Veen's Treason,2023,9.0,Action,Casual,True
Rabbit Hole,2024,9.0,Action,Adventure,True
Icons: Legacy Edition,2018,4.2,Action,Indie,True
ChuSingura461 S,2016,8.7,Adventure,N/A,True
Rocksmith,2024,1.3,Casual,N/A,True
Pink Hour,2015,9.3,Action,Indie,True
Life Makeover,2023,8.5,Casual,Simulation,True
Command & Conquer Generals,2024,8.6,Action,Strategy,False
Elsword Free-to-Play,2018,7.6,Action,Adventure,True
Lucid Dream,2020,9.2,Adventure,Indie,True
Evil Inside - Prologue,2021,6.9,Adventure,Indie,True
SuperTux,2022,9.4,Action,Casual,True
Farm Manager 2021: Prologue,2021,7.7,Indie,Simulation,True
Her Lie I Tried To Believe,2018,8.1,Casual,Indie,True
The Orville - Interactive Fan Experience,2019,9.0,Casual,Simulation,True
Scrap Garden - The Day Before,2016,7.5,Action,Adventure,True
A.W.O.L,2022,7.9,Action,Indie,True
Bear With Me - Episode One,2016,8.8,Adventure,Indie,True
Locke(d),2023,9.4,Indie,N/A,True
Sevgilim Olur musun ?,2017,7.0,Adventure,Indie,True
Siege Survival: Gloria Victis Prologue,2020,8.7,Adventure,Casual,True
TaskPals,2023,9.3,Indie,N/A,True
100 Doors Game - Escape from School,2020,7.3,Adventure,Casual,True
AVA: Dog Tag,2019,5.0,Action,N/A,False
RAM Pressure,2021,4.7,Action,Indie,True
School Days,2024,9.9,Casual,Indie,True
One Manga Day,2015,6.1,Adventure,Casual,True
Super Jigsaw Puzzle: Generations,2019,9.5,Casual,Indie,True
Soak & Splash,2024,8.7,Action,Adventure,True
Magic Archery,2024,9.9,Casual,Indie,True
Kingdom Wars 2: Battles,2016,6.3,Indie,Simulation,False
Black Rose,2016,8.0,Adventure,Indie,True
Monstrum 2,2022,5.2,Action,Adventure,True
My Catgirl Maid Thinks She Runs the Place,2021,9.4,Casual,Indie,True
Perspective,2019,9.8,N/A,N/A,True
Deep the Game,2020,7.7,Action,Adventure,True
Valgrave: Immortal Plains,2020,8.3,Action,Indie,True
Beavers Be Dammed,2018,8.7,Casual,Indie,True
Sepia Tears,2016,8.9,Casual,Indie,True
KOEWOTAYORINI / 声之寄托,2018,8.6,Adventure,Indie,True
Zombie Carnage 2,2022,6.4,Action,N/A,True
Sine Mora,2012,7.7,Action,Indie,False
Marvel Rivals Playtest,2024,9.0,N/A,N/A,False
Wild West Online,2018,2.9,Action,Indie,False
270 Two Seventy US Election,2018,7.5,Strategy,N/A,True
Driver Booster 5 for Steam,2017,8.0,N/A,N/A,True
The Ship: Single Player,2006,7.1,Action,Indie,False
Dodge It!,2021,9.0,Action,Simulation,True
Super Raft Boat Classic,2021,9.4,Action,Indie,True
Golgotha,2023,8.1,Simulation,N/A,True
Aurora: A Child's Journey,2020,9.4,Action,Adventure,True
Object N,2021,8.6,Action,N/A,True
The Elder Scrolls Online - Greymoor,2020,5.7,Action,Massively Multiplayer,False
Femdom Waifu,2019,6.8,Indie,N/A,True
Tap Tap Infinity,2015,7.4,Action,Casual,True
Tailor Tales,2019,9.5,Casual,Simulation,True
Flicker of Hope,2020,9.3,Indie,N/A,True
War Trigger 2,2017,5.5,Action,Adventure,True
Kawaii Neko Girls,2021,8.1,Adventure,Casual,True
Project RTD: Random Tower Defense PvP,2020,4.9,Simulation,Strategy,True
"Run Prop, Run! - Puropu Pursuit",2021,7.8,Casual,N/A,True
B100X - Auto Dungeon RPG,2021,8.1,Casual,RPG,True
Street Fighter 6 - Open Beta,2023,9.2,Action,Adventure,True
Crime Simulator: Prologue,2024,7.1,Action,Indie,True
Atlantica Global,2020,6.4,Action,Adventure,True
Ship Graveyard Simulator: Prologue,2021,8.6,Action,Adventure,True
Pixel Puzzles: UndeadZ,2014,7.3,Action,Casual,True
Zeus' Battlegrounds,2018,5.7,N/A,N/A,False
World War 3 Playtest,2022,5.3,N/A,N/A,False
BloodRayne Betrayal (Legacy),2014,6.0,Action,N/A,False
Incremental Cubes,2021,6.9,RPG,Simulation,True
Rage of Car Force: Car Crashing Games,2020,7.5,Action,Casual,True
Catto Pew Pew!,2022,9.0,Action,Casual,True
HYPERFIGHT,2019,8.9,Action,Casual,True
Space Hulk: Ascension,2014,7.2,RPG,Strategy,False
Trans-Siberian Railway Simulator: Prologue,2024,9.1,Action,Adventure,True
MachineCraft,2016,7.7,Indie,Simulation,True
PWND,2018,7.1,Action,Casual,True
LIV,2019,8.7,N/A,N/A,True
Idle Clans,2023,7.1,Casual,Indie,True
Mojo 2: Mia,2018,8.0,Casual,Indie,True
MOBILE SUIT GUNDAM BATTLE OPERATION 2 Network Test,2023,6.1,N/A,N/A,False
It gets so lonely here,2023,9.6,Indie,N/A,True
War Planet Online: Global Conquest,2017,6.4,Massively Multiplayer,Strategy,True
Ancestors Legacy Free Peasant Edition,2018,7.9,Strategy,N/A,True
SkyIsland,2023,9.3,Action,Adventure,True
BlasterBeat,2023,8.1,Action,Indie,True
SC2VN - The eSports Visual Novel,2015,9.3,Adventure,Casual,True
Battle Islands: Commanders,2017,4.8,Action,Strategy,True
东方试闻广纪 Perfect Memento of Touhou Question,2018,9.5,Casual,Indie,True
Max Gentlemen,2014,8.7,Casual,Indie,True
SpedV,2018,7.8,Simulation,N/A,True
Egg Surprise,2024,7.1,Casual,Simulation,True
Wolvesville,2023,8.3,Casual,Indie,True
Requiem: Desiderium Mortis,2015,6.8,Action,Adventure,True
Dropzone,2017,7.0,Action,Strategy,True
cyberpunkdreams,2021,7.6,Indie,RPG,True
Booty Farm 18,2022,6.7,Casual,Simulation,True
Mechabellum Test Server,2022,9.6,N/A,N/A,False
Train Station Renovation - First Job,2020,8.6,Casual,Indie,True
Are you ready for Valve Index?,2019,9.0,N/A,N/A,False
Eternal Hour: Golden Hour,2017,9.0,Adventure,Casual,True
The Cenozoic Era,2023,5.9,Action,Adventure,True
Frame of Mind,2021,9.5,Indie,N/A,True
Touhou Mystery Reel,2022,9.5,Action,Adventure,True
Echoes,2015,9.2,Action,Indie,True
Mini-Dead,2018,9.4,Action,Indie,True
Pirates,2021,7.8,Action,Adventure,True
The Mirror Lied,2018,8.8,Adventure,Indie,True
Tag: The Power of Paint,2022,9.6,Action,N/A,True
Capcom Arcade 2nd Stadium,2022,6.7,Action,N/A,True
Galcon 2: Galactic Conquest,2014,8.4,Indie,Strategy,True
東周列萌志 Philosophic Love,2018,9.0,Casual,Indie,True
RUNGORE: Beginner Experience,2022,9.2,Adventure,Indie,True
Psycholonials,2021,8.8,Adventure,Casual,True
natsuno-kanata - beyond the summer,2022,9.5,Adventure,Indie,True
stein.world,2019,6.7,Action,Adventure,True
Dragon's Prophet,2013,6.3,Action,Massively Multiplayer,True
雀皇麻雀,2022,7.1,Casual,Strategy,True
Pixel Art Coloring Book,2021,8.4,Casual,N/A,True
Midair,2018,5.6,Action,Indie,True
Storm Striker,2023,6.8,Action,N/A,True
A Game About,2018,9.0,Indie,N/A,True
群侠传启动,2022,9.5,Indie,RPG,True
Introvert: A Teenager Simulator,2021,7.2,Action,Adventure,True
NVIDIA VR Funhouse,2016,7.9,Casual,N/A,True
Half-Earth Socialism,2022,8.3,Indie,Simulation,True
Tadpole Tales,2021,9.0,Action,Adventure,True
Rome: Total War - Alexander,2007,7.9,Strategy,N/A,False
Chip's Challenge 1,2015,9.0,Action,Adventure,True
Siren Head: Awakening,2020,7.4,Action,Adventure,True
Hell Architect: Prologue,2021,8.2,Indie,Simulation,True
Bacon May Die,2021,9.5,Action,Casual,True
Banyu Lintar Angin - Little Storm,2018,9.6,Casual,Indie,True
Arcadius,2022,7.1,Adventure,Casual,True
Oh...Sir! Prototype,2015,6.4,Indie,N/A,True
Grand Fantasia : ORIGIN,2024,5.2,Action,Adventure,True
Dawn,2017,9.1,Adventure,Casual,True
Heavy Metal Babes,2020,6.8,Casual,RPG,True
Don't Be Afraid - The First Toy,2020,9.1,Adventure,N/A,True
Microtransaction Simulator,2017,8.6,Simulation,N/A,True
DeoVR Video Player,2018,6.1,N/A,N/A,True
Owinka Shooter,2022,9.6,Action,Adventure,True
Driver Booster 4 for Steam,2016,7.6,N/A,N/A,True
The Sad Story of Emmeline Burns,2016,9.1,Adventure,Casual,True
Clover Tale,2016,7.5,Adventure,Casual,True
Pox Nora,2014,7.6,RPG,Strategy,True
Prosperous Universe,2022,7.5,Indie,Massively Multiplayer,True
Truck World: Driving School,2023,7.0,Action,Racing,True
Through time the girl puzzle,2023,9.4,Casual,Indie,True
Fray Fight,2022,7.5,Action,Casual,True
The Kite,2018,8.2,Adventure,Indie,True
A.V.A Playtest,2021,9.0,N/A,N/A,False
Open Mod 2024.2,2023,6.4,Action,Adventure,True
Aero Tales Online: The World - Anime MMORPG,2022,7.0,Massively Multiplayer,RPG,True
Joe 'n Jo,2024,5.8,Adventure,Casual,True
Gum Ball Run,2024,8.5,Action,Racing,True
AChat,2020,6.0,Casual,Massively Multiplayer,True
Chess for idiots,2024,9.2,Casual,Indie,True
Asgard's Fall: Origins,2024,8.6,Action,Adventure,True
LuckCatchers,2016,5.5,Indie,Massively Multiplayer,True
Iron League,2018,7.2,Action,Indie,False
Red Planet Farming,2020,9.6,Indie,Strategy,True
Frontline 1942: Battles of the World War 2,2023,5.0,Action,Massively Multiplayer,True
My succubus Kukula,2024,9.8,Casual,Indie,True
Kings and Heroes,2017,5.4,RPG,N/A,False
Fights in Tight Spaces (Prologue),2020,9.4,Action,Strategy,True
SIMULACRA: Pipe Dreams,2018,8.4,Adventure,Indie,True
No More Money - Season 1,2022,7.9,Indie,N/A,True
Gatewalkers (Alpha),2020,8.4,Action,Adventure,True
Shrine II,2020,9.2,Action,Indie,True
Ukrainian Ninja,2014,7.7,Action,Casual,True
Shepherd of Light,2019,9.5,N/A,N/A,True
One Dreamer: Prologue,2020,9.6,Indie,N/A,True
Battle for Blood - Epic battles within 30 seconds!,2015,7.4,Casual,Indie,True
Anomaly Zone,2019,5.1,Action,Indie,True
Stray Cats in Cozy Town,2024,9.8,Casual,Indie,True
Xanadu Land,2024,8.9,Indie,Massively Multiplayer,True
Idle Monster TD,2021,7.2,Casual,Indie,True
VR Flush,2018,9.5,Adventure,Indie,True
Doodle God Blitz,2017,6.8,Casual,Indie,True
SCP022,2019,7.4,Indie,N/A,True
Clockwork Empires,2016,5.8,Indie,Simulation,False
Republique,2015,7.7,Action,Adventure,True
Home Wind,2022,9.0,Casual,Simulation,True
Jigsaw Puzzle Dreams,2021,9.4,Casual,Indie,True
The Lord of the Rings: Journeys in Middle-earth,2019,9.1,Adventure,RPG,True
Dinner with an Owl,2021,9.5,Adventure,Indie,True
100 Robo Cats,2024,9.0,Adventure,Casual,True
The Night Fisherman,2020,8.3,Adventure,Casual,True
Koishi Navigation Desktop Youkai,2022,9.6,Casual,N/A,True
Figure Adventure,2024,8.7,Action,Adventure,True
1982,2017,9.4,Action,Casual,True
Accident: The Pilot,2020,6.9,Indie,Simulation,True
Cards & Tankards,2023,8.9,Casual,Indie,True
Shatterline Playtest,2022,9.4,N/A,N/A,False
全民街篮,2024,7.2,Action,Casual,True
Elisa: The Innkeeper - Prequel,2016,7.8,Adventure,Casual,True
Mojo: Hanako,2018,8.0,Casual,Indie,True
Perpetuum,2014,7.2,Indie,Massively Multiplayer,True
War Robots VR: The Skirmish,2017,8.0,Action,Simulation,True
Intoxicated Driver,2024,8.4,Action,Indie,True
Adventure Escape Mysteries,2020,8.7,Adventure,Casual,True
Flesh Water,2021,8.2,Action,Adventure,True
Lemonade Apocalypse,2024,9.5,Casual,Indie,True
Brawl of Ages,2017,6.8,Action,Strategy,False
Close Your Eyes Old Version,2015,8.7,Adventure,Indie,True
Cards and Castles,2015,7.3,Indie,Massively Multiplayer,True
Shadow Burglar,2022,9.7,Action,N/A,True
Kemono Friends Cellien May Cry,2022,9.7,Action,N/A,True
Taimanin Collection: Battle Arena,2020,7.0,Casual,N/A,True
The Designer's Curse,2019,8.9,Indie,N/A,True
Red Eclipse,2019,8.7,Action,Indie,True
Blocksworld,2017,6.5,Casual,Indie,False
Ascend: Reborn,2022,7.9,Action,Indie,True
The Riflemen,2023,6.6,Action,Casual,True
X Invader: Prologue,2023,8.7,Action,Indie,True
American Theft 80s: Prologue,2022,8.2,Action,Adventure,True
Vedelem: The Golden Horde,2021,9.0,Indie,Strategy,True
Priest Simulator: Heavy Duty,2021,9.7,Action,Indie,True
Not For Broadcast: Prologue,2019,9.3,Indie,Simulation,True
Roller Champions,2022,6.8,Sports,N/A,True
Hellpoint: The Thespian Feast,2020,7.0,Action,Adventure,True
Alpha League,2024,8.1,Casual,Indie,True
Cave Story's Secret Santa,2021,8.3,Adventure,N/A,True
Mecha BREAK Playtest,2024,8.3,N/A,N/A,False
STEINSGATE: Linear Bounded Phenogram,2019,9.7,Adventure,N/A,False
Epic Cards Battle(TCG),2015,5.0,Casual,Strategy,True
Wild West Saga: Idle Tycoon Clicker,2018,6.8,Casual,Indie,True
Infinite Lagrange,2021,5.5,Massively Multiplayer,Simulation,True
Death Skid Marks,2014,9.2,Action,Indie,True
Wardwell House,2020,8.2,Adventure,Simulation,True
Crown and Council,2016,6.4,Casual,Indie,True
Gods and Idols,2016,7.0,Indie,RPG,True
Tale of Toast,2018,5.1,Adventure,Indie,True
Engine Evolution 2021,2022,7.4,Action,Casual,True
Scream Collector,2017,8.8,Casual,N/A,True
Allods Online,2016,6.9,Massively Multiplayer,RPG,True
4 Elements,2010,8.7,Adventure,Casual,False
Boid,2016,7.9,Action,Casual,True
东方幻灵录 Touhou Hakanai Cards,2020,8.6,Casual,Indie,True
Milo and the Christmas Gift,2023,9.3,N/A,N/A,True
Let It Flow,2021,8.2,Action,Adventure,True
DogeFight,2022,7.9,Action,Casual,True
Spartans Vs Zombies Defense,2015,4.6,Action,Casual,True
Pink Heaven,2015,9.0,Action,Indie,True
Dysterra Playtest,2022,7.7,N/A,N/A,False
Incremental Adventures,2020,7.8,Casual,Indie,True
Outpost,2020,8.8,Adventure,Casual,True
Exo One: Prologue,2020,9.4,Adventure,Casual,True
Operation: New Earth,2016,6.0,Massively Multiplayer,Simulation,True
Deepworld,2015,6.0,Action,Adventure,True
League of Angels-Heaven's Fury,2020,5.9,Action,Massively Multiplayer,True
Crafting Idle Clicker,2020,4.8,Casual,Indie,True
Ship Graveyard Simulator 2: Prologue,2023,8.6,Action,Adventure,True
Reign of Guilds,2024,6.6,Action,Adventure,True
TEST TEST TEST,2024,9.2,Adventure,Indie,True
Almost Home Now,2022,8.4,Adventure,Indie,True
SCP: Ground Zero,2022,7.1,Action,Indie,True
Hello Neighbor 2 Alpha 1,2020,8.6,Adventure,Indie,True
Pirate Fighting Simulator,2023,8.9,Action,Simulation,True
Sexy Airlines,2021,4.5,Casual,N/A,True
Yu Crossing Animals,2021,9.2,Adventure,N/A,True
Banzai Escape 2: Subterranean,2021,8.1,Action,N/A,True
Party Jousting,2016,9.2,Casual,Indie,True
100 Space Cats,2024,6.7,Action,Adventure,True
Sounds of Her Love,2017,9.1,Adventure,Casual,True
Rhome,2020,8.9,Adventure,Casual,True
Half-Life: A Place in the West,2016,8.8,Indie,N/A,True
MergeCrafter,2022,7.3,Adventure,Casual,True
BoardLand,2024,9.8,Indie,Strategy,True
PHANTOM GALAXIES,2023,3.9,Action,Adventure,True
Motherless - Season 1,2022,8.0,Casual,Indie,True
Project QT,2024,6.5,Casual,N/A,True
The Feast,2022,7.0,Adventure,Casual,False
DPS IDLE,2021,6.3,Casual,Indie,True
Underminer,2024,9.3,Action,Adventure,True
A Park Full of Cats,2024,9.7,Casual,Indie,True
NSFW Solitaire,2023,9.5,Casual,N/A,True
DPET : Desktop Pet Engine,2022,7.6,Casual,N/A,True
旅燕归航 Swallow Homing,2019,9.8,Indie,N/A,True
Monsters Domain: Prologue,2023,7.7,Action,Adventure,True
Evening Surprise,2017,9.0,Indie,N/A,True
Florensia,2016,6.8,Action,Adventure,True
The Political Machine 2016,2016,7.6,Casual,Indie,False
BACKROOMS NO RETURN: Prologue,2024,2.5,Action,Adventure,True
Chess Evolved Online,2021,9.2,Strategy,N/A,True
The Killing Antidote Playtest,2023,9.3,N/A,N/A,False
Death Rally (Classic),2014,9.1,Racing,N/A,True
Soccer Manager 2019,2018,7.6,Sports,N/A,False
Dogs of War Online,2014,6.4,Strategy,N/A,True
Electronic Super Joy 2,2019,8.7,Indie,N/A,True
Grey Instinct,2021,9.6,Adventure,Casual,True
Wizard And Minion Idle,2019,9.1,RPG,Strategy,True
Black Gunner Wukong: Prologue,2023,9.8,Action,Indie,True
Martial Arts Brutality,2018,8.4,Indie,Strategy,True
Football Manager 2021 Touch,2020,9.0,Simulation,Sports,False
Self Reliance 自我性赖,2019,8.8,Adventure,N/A,True
Pocket Waifu,2018,6.0,Casual,Indie,True
Momotype,2021,9.7,Indie,N/A,True
YIIK Nameless Psychosis,2024,9.3,Indie,RPG,True
Plasma,2023,9.0,Indie,Simulation,True
Poker Legends: Texas Hold'em Poker Tournaments,2018,7.7,Casual,Indie,True
DED,2017,8.2,Action,Indie,True
Lilith Wants to Buy Your Soul,2023,9.8,Indie,N/A,True
CASE: Online,2024,6.4,Action,Indie,True
Trimmer Tycoon,2016,6.8,Casual,Indie,True
Romance Club - Stories I Play,2023,7.9,Adventure,Casual,True
Kraven Manor,2014,5.8,Action,Adventure,True
Sam & Dan: Floaty Flatmates,2018,9.3,Action,Adventure,True
火焰征程,2023,6.7,Massively Multiplayer,RPG,True
Epic Clicker Journey,2016,6.8,Adventure,Casual,True
Amarillo's Butt Slapper,2024,8.5,Casual,Simulation,True
Slow and Steady,2021,8.9,Casual,Indie,True
Sim Companies,2023,8.0,Massively Multiplayer,Simulation,True
Tribal Wars,2020,7.3,Action,Massively Multiplayer,True
U-ena -Far fireworks,2022,9.4,Adventure,Casual,True
Fork Parker's Holiday Profit Hike,2014,8.3,Action,Adventure,True
Mini Settlers: Prologue,2024,8.9,Simulation,Strategy,True
Scarlet Hollow Episode 1,2020,9.7,Adventure,Casual,True
Armajet,2019,8.6,Action,N/A,True
XXZ,2017,7.3,Casual,Indie,True
GUN GODZ,2019,8.7,Action,Indie,True
After the Inferno,2022,9.1,Adventure,N/A,True
Vacuum Warrior - Idle Game,2023,8.3,Casual,Indie,True
Lost Saga NA,2014,6.0,Action,Casual,False
Riding Club Championships,2016,7.4,Action,Racing,True
Miniland Adventure: Prologue,2023,8.8,Action,Adventure,True
TurnSignal,2017,9.1,N/A,N/A,True
Answer Knot,2019,9.0,Indie,N/A,True
Mirror News Center,2022,5.9,N/A,N/A,True
Predecessor Playtest,2022,9.2,N/A,N/A,False
PlayStationVR2 App,2024,5.7,N/A,N/A,True
Dinosaur Fossil Hunter: Prologue,2020,8.1,Action,Adventure,True
Castle Clicker : Idle City Tycoon,2017,6.8,Casual,Indie,True
Soccer Manager 2016,2015,6.9,Indie,Sports,False
Operation Lovecraft: Fallen Doll Playtest,2021,6.8,N/A,N/A,False
Heroes of Scene,2015,4.9,Indie,Massively Multiplayer,True
My GF Doesn't Know What I'm Into,2023,8.2,Indie,N/A,True
My Free Farm 2,2018,5.9,Casual,Simulation,True
天际起源 The Ark of Horizon,2019,5.2,Action,Adventure,True
When The Past Was Around - Prologue,2019,9.5,Adventure,Casual,True
Puzzle Quest 3,2023,5.0,Action,Adventure,True
Forkdrift,2020,8.5,Action,Indie,True
Epic Roller Coasters,2018,6.5,Casual,Indie,True
You Have 10 Seconds 2,2016,9.1,Casual,Indie,True
Terraformers: First Steps on Mars,2021,9.0,Simulation,Strategy,True
Cats and Seek: Kyoto,2024,9.9,Casual,Indie,True
Overload Playable Teaser 3.0,2016,9.4,Action,N/A,True
Wurroom,2019,9.3,Adventure,Casual,True
Belko VR: An Escape Room Experiment,2017,8.6,Action,Casual,True
Tanks: The Crusades,2021,9.4,Action,Casual,True
War of Omens Card Game,2019,8.6,Indie,Strategy,True
Your Dry Delight,2018,9.5,Casual,Indie,True
Stash,2017,6.6,Adventure,Indie,True
Hidden Deep Playtest,2021,9.6,N/A,N/A,False
Mondealy: Day One,2021,9.6,Adventure,Indie,True
Towards Future,2022,9.9,Indie,RPG,True
MetaWare High School (Demo),2020,9.7,Indie,N/A,True
MineSweeper Tetris,2022,9.3,Casual,Indie,True
Classic Marathon,2024,9.1,Action,N/A,True
Isle of Ewe,2020,8.7,Adventure,Indie,True
Pet idle,2021,7.9,Casual,Indie,True
Doorways: Old Prototype,2016,8.6,Action,Adventure,True
Seeker,2018,8.9,Adventure,Casual,True
LoveCraft,2024,7.5,Casual,Massively Multiplayer,True
1980,2020,9.0,Indie,Strategy,True
DemonsAreCrazy,2019,4.3,Action,Adventure,True
Spectre Divide Playtest,2024,7.5,N/A,N/A,False
Pacifish,2022,8.3,Casual,N/A,True
DK Online,2019,4.5,Action,Adventure,True
Command & Conquer Tiberian Sun and Firestorm,2024,8.8,Action,Strategy,False
Born Again,2023,8.1,Action,Indie,True
Shogun Showdown: Prologue,2023,9.8,RPG,Strategy,True
Ambre - a heartbreaking kinetic novel,2017,7.6,Casual,Indie,True
The Lost Dachshund,2022,9.8,Adventure,Casual,True
Robin,2018,8.8,Casual,Indie,True
Orake Classic,2017,7.1,Action,Adventure,True
Get Stuffed!,2021,8.9,Casual,Indie,True
Bomb Bots Arena,2020,8.5,Action,Casual,True
Clicker Guild,2016,5.5,N/A,N/A,True
Quickie: Fantasy Adventure,2023,9.0,Adventure,N/A,True
修仙小屋,2024,8.3,Casual,Massively Multiplayer,True
Momo Mother Bird: Final Story,2022,7.6,Action,Adventure,True
Rain's love memory-雨的恋记,2019,9.7,N/A,N/A,True
Skara - The Blade Remains,2014,5.8,Action,Indie,False
Pocket Waifu: Desktop Pet,2024,9.8,Casual,Indie,True
6 Seasons and a Game,2021,9.0,N/A,N/A,True
Pixel Battle Royale,2019,6.1,Action,Indie,True
热血大唐,2024,9.7,Casual,Strategy,True
Reverse: 1999,2024,9.4,RPG,N/A,True
MilMo,2018,7.9,Action,Adventure,True
Bard Idle,2022,7.1,Indie,RPG,True
Fantasia Sango Mysteria,2023,6.9,Adventure,RPG,True
Space Commander: War and Trade,2020,6.8,Action,Indie,True
MuseSwipr,2022,8.6,Action,Casual,True
Plasticity,2019,8.0,Indie,N/A,True
Mimic Search,2024,8.9,Adventure,Indie,True
Angel Wings,2021,8.9,Adventure,Casual,True
Dwerve: Prologue,2021,9.1,Action,Adventure,True
Hide vs. Seek,2017,3.7,Action,Indie,True
Silver Creek Falls: Chapter 1,2015,8.7,Adventure,Indie,True
The Last Sovereign,2019,9.6,Adventure,Indie,True
Espresso Tycoon Prologue: Underwater,2022,9.0,Casual,Simulation,True
First Snow,2024,9.5,Casual,Indie,True
My Free Zoo,2017,6.2,Casual,Simulation,True
Stellar Overload,2016,6.8,Adventure,Indie,False
Greetings,2018,8.5,Indie,N/A,True
Saloon Simulator: Prologue,2024,8.7,Adventure,Simulation,True
The PenguinGame 2 -Lies of Penguin,2023,9.0,Action,N/A,True
Soccer Manager 2017,2016,6.6,Indie,Sports,False
Atelier Firis: The Alchemist and the Mysterious Journey / フィリスのアトリエ 不思議な旅の錬金術士,2017,8.3,RPG,N/A,False
Rekt: Crash Test,2020,8.4,Action,Indie,True
Overlewd,2023,4.8,Adventure,Casual,True
Geometry May. I swear it's a nice free game,2019,8.1,Action,Adventure,True
Sansar,2018,5.3,Casual,Massively Multiplayer,True
8Bit Fiesta - The Drinking Game,2016,9.3,Action,Casual,True
The Cubicle,2016,8.7,Action,Adventure,True
Command: Modern Air / Naval Operations WOTY,2014,8.3,Simulation,Strategy,False
Zone4,2016,5.9,Action,Casual,False
奕剑江湖,2024,8.9,Action,RPG,True
Faaast Penguin,2024,6.5,Action,Casual,True
Auto Chess,2022,6.5,Strategy,N/A,True
ROG CITADEL XV,2021,7.1,Action,Adventure,True
Racing Classics: Drag Race Simulator,2019,7.5,Racing,Simulation,True
Memoir '44 Online,2011,6.4,Casual,Simulation,True
Warplanes: WW1 Sky Aces,2019,8.3,Action,Indie,True
Janosik - Highlander Precision Platformer,2020,9.4,Action,Adventure,True
UFO Online: Invasion,2016,5.9,Massively Multiplayer,RPG,True
Dragon Nest,2024,4.8,Action,Adventure,True
Witches x Warlocks,2020,9.1,Casual,Indie,True
Deuterium Wars,2019,7.8,Action,Indie,True
Idle Fishing,2024,7.7,Casual,Indie,True
Atma,2019,9.0,Action,Adventure,True
Argentum Online,2022,7.5,Action,Adventure,True
BloodRayne (Legacy),2006,6.5,Action,N/A,False
Love Thyself - A Horatio Story,2019,9.2,Casual,Indie,True
Frog Fighters,2021,9.3,Action,Casual,True
Desktop,2021,8.7,N/A,N/A,True
Dead Seater,2021,9.3,Action,Adventure,True
The Terrible Old Man,2019,8.9,Adventure,N/A,True
Allumette,2016,9.4,Casual,Indie,True
Raji: Prologue,2020,8.9,Action,Adventure,True
Kitten Adventures in City Park,2017,9.4,Adventure,Indie,True
Anarchy: Wolf's law : Prologue,2021,7.7,Action,Adventure,True
Iragon: Prologue 18,2021,8.0,Adventure,Casual,True
Vindictus: Defying Fate Playtest,2024,7.7,N/A,N/A,False
Urban Rivals,2017,6.5,Action,Indie,True
Drunken Wrestlers,2020,9.3,Action,Casual,True
Simutrans,2016,7.5,Simulation,Strategy,True
Delores: A Thimbleweed Park Mini-Adventure,2020,8.9,Adventure,Indie,True
Driver Booster 3 for STEAM,2015,7.7,N/A,N/A,True
Tales Runner,2015,5.7,Action,Adventure,False
斗牌魂,2023,5.0,Casual,Strategy,True
Subspace Continuum,2015,8.8,Action,Casual,True
Til Nord,2021,8.4,Adventure,Racing,True
Truck Mechanic: Dangerous Paths - Prologue,2022,7.1,Action,Adventure,True
The Pirate: Plague of the Dead,2017,7.6,Action,Adventure,True
Eternal Battlefield,2019,7.1,Casual,Indie,True
Sometimes: Success Requires Sacrifice,2015,7.2,Action,Adventure,True
Under What?,2019,8.3,Adventure,Casual,True
Rising Angels: Reborn,2014,8.1,Adventure,Casual,True
Cyphers Game,2022,8.1,Casual,Massively Multiplayer,True
Hello Guest: Hello Neighbor 2 pre-alpha,2020,8.9,Adventure,Indie,True
I Frog-ot,2022,9.9,Adventure,Indie,True
Pinball M,2023,7.8,Simulation,N/A,True
Terroro,2024,9.2,N/A,N/A,True
Esports Godfather: The Legend Begins,2024,8.4,Casual,Indie,True
Mini Battlegrounds,2018,6.5,Action,Casual,True
Pincremental,2020,7.7,Casual,Indie,True
DashPanel,2018,8.3,N/A,N/A,True
FragPunk Playtest,2024,8.1,N/A,N/A,False
Winning Putt: Golf Online,2016,6.4,Massively Multiplayer,Simulation,False
MajorMinor,2016,7.6,Adventure,Indie,True
Just A Humble Swordsmith,2022,9.0,Casual,Strategy,True
Penny Arcade's On the Rain-Slick Precipice of Darkness 3,2012,8.5,Indie,RPG,True
Forty-Five,2024,9.5,Action,Adventure,True
Rumble Club,2024,7.7,Action,Casual,True
Dies irae Amantes amentes,2017,8.7,Adventure,N/A,True
Dave's Fun Algebra Class: Remastered,2024,8.7,Action,Indie,True
Drift Experience Japan,2023,5.5,Casual,Indie,True
How To Cope With Boredom and Loneliness,2018,9.2,Adventure,Indie,True
Lake of Voices,2018,9.5,Casual,Indie,True
StopGate,2020,9.2,Adventure,Casual,True
Bulanci,2023,6.8,Action,Adventure,True
Jivana,2022,9.1,Adventure,Indie,True
Myths and Legends - Card Game,2019,5.9,Casual,Indie,True
HIDDEN CATS: The last of cats,2024,9.9,Casual,Indie,True
Engine Evolution 2023,2024,7.4,Action,Casual,True
I Am Your President: Prologue,2020,7.8,Simulation,Strategy,True
Drop In - VR F2P,2020,8.3,Action,Casual,True
Escape from Ever After: Onboarding,2024,9.6,Adventure,Indie,True
Undisputed Online Beta,2022,9.4,N/A,N/A,False
The Bottom of the Well,2016,8.5,RPG,N/A,True
THE DAY Online,2018,5.9,Action,N/A,False
Merchant,2018,7.8,Casual,RPG,True
Yu Escape / Monday,2020,8.2,Adventure,Casual,True
The Emperor's Own: Alpha Teaser,2020,7.9,Adventure,RPG,True
STEAM HAMMER,2017,4.0,Action,Indie,False
Echoed World,2017,7.6,Action,Adventure,True
Builders of Greece: Prologue,2023,7.6,Indie,Simulation,True
JermaSlots,2019,9.5,Casual,Indie,True
Fly Punch Boom: First Impact!,2020,9.0,Action,Indie,True
Blaston,2020,9.2,Action,Indie,True
Fun Hospital,2018,6.4,Casual,Indie,True
Marvel: Ultimate Alliance,2016,6.4,Action,Adventure,False
The Fishing Club 3D: Multiplayer Sport Angling,2017,7.6,Casual,Indie,True
Nordicandia,2022,6.9,Action,Indie,True
Grow Defense,2021,7.7,Casual,Indie,True
Captain Bones: Prologue,2021,8.7,Action,Adventure,True
Infinity Kingdom,2021,7.1,Adventure,Massively Multiplayer,True
OneBit Adventure,2022,8.7,Adventure,Casual,True
DRAGON BALL: THE BREAKERS Playtest,2022,8.2,N/A,N/A,False
Buriedbornes2 - Dungeon RPG,2024,8.0,Casual,RPG,True
Throne and Liberty Playtest,2024,6.2,N/A,N/A,False
3 Days War,2023,8.7,Massively Multiplayer,Simulation,True
HIS (Heroes In the Sky),2015,3.7,Indie,N/A,True
United Penguin Kingdom: Huddle up,2023,8.9,Indie,Simulation,True
Dofus,2016,7.2,Adventure,Massively Multiplayer,False
AfterHours,2022,7.1,Adventure,Indie,True
Winter Survival: Prologue,2023,6.7,Action,Adventure,True
A Walk in the Woods,2018,4.1,Adventure,Indie,True
Fiesta Online,2014,6.0,Action,Adventure,True
Idle Heros,2024,8.4,Adventure,Casual,True
Project Hardline,2023,8.5,Action,Adventure,True
The Test: Secrets of the Soul 2,2023,9.8,Adventure,Casual,True
Disc Space,2020,8.5,Massively Multiplayer,Sports,True
Passed Out: Prologue,2022,6.8,Action,N/A,True
Shark Simulator,2017,8.9,Action,Casual,True
Atelier Lydie & Suelle The Alchemists and the Mysterious Paintings,2018,9.2,RPG,N/A,False
驱煞,2024,9.0,Action,Adventure,True
The Little Red Lie,2021,9.3,Adventure,Indie,True
RPG World - Action RPG Maker,2020,7.0,Action,Adventure,True
Dream Of Mirror Online,2015,5.9,Adventure,Massively Multiplayer,True
Worlds Adrift Island Creator,2016,8.4,Simulation,N/A,True
Horse Riding Tales,2019,5.8,Action,Adventure,True
Warlords Awakening,2018,7.1,Action,Adventure,False
WOWOWOW KORONE BOX,2024,9.2,Action,N/A,True
Break a Leg,2024,9.2,Simulation,N/A,True
The Aquarium does not dance,2024,9.7,Adventure,RPG,True
Notanote,2024,8.5,Casual,Indie,True
Project Eagle: A 3D Interactive Mars Base,2018,7.5,Simulation,N/A,True
welcome to heaven,2017,7.4,Adventure,Indie,True
ASTRAL TALE-星界神話,2024,3.9,Action,Adventure,True
Alpha Polaris : A Horror Adventure Game,2015,8.1,Adventure,Indie,True
"Creature Clicker - Capture, Train, Ascend!",2017,4.9,Action,Casual,True
SWARMRIDERS,2016,8.9,Action,Indie,True
DFHack - Dwarf Fortress Modding Engine,2023,9.9,RPG,Simulation,True
Project Morpheus: Prologue,2021,8.1,Action,Adventure,True
Creatures of Aether,2021,7.2,Indie,Strategy,True
Griptape Backbone,2017,9.3,Indie,N/A,True
Rock Paper Scissors Champion,2016,5.9,Casual,Sports,True
"FROM ASHES, BLOOM",2024,9.2,Action,Casual,True
Cartoon Strike,2020,6.5,Action,Indie,True
War of Beach,2015,5.3,Action,Simulation,True
Project Zero Deaths,2019,7.8,Action,N/A,True
Surgeon Simulator VR: Meet The Medic,2016,7.6,Action,Indie,True
Street Fighter IV,2009,9.1,Action,N/A,False
Suspicious Downpour,2021,9.5,Adventure,Casual,True
Summer Nightmare,2017,5.5,Adventure,Casual,True
Nanofights,2014,5.4,Indie,N/A,False
Swarm Simulator: Evolution,2019,7.7,Casual,Indie,True
Cannons Lasers Rockets,2014,2.5,Action,Indie,True
Nordhold: Origins,2024,9.5,Indie,Strategy,True
Sound Slide,2019,7.6,Casual,Indie,True
Sex of Thrones Prologue,2024,8.2,Adventure,RPG,True
FROSTBITE: Deadly Climate,2018,8.7,Action,Adventure,True
Hades II Playtest,2024,9.9,N/A,N/A,False
Ready Player One: OASIS beta,2018,5.9,Action,Adventure,True
Tvö,2022,7.3,Adventure,Casual,True
Project 5: Sightseer,2019,7.2,Action,Adventure,True
World of Speed,2017,6.1,Action,Massively Multiplayer,False
Rogalia,2018,7.0,Adventure,Indie,True
La Tale,2017,5.8,Action,Adventure,True
Strongblade - Puzzle Quest and Match-3 Adventure,2023,8.4,Casual,N/A,True
Chroma: Bloom And Blight,2021,7.8,Casual,Indie,True
"Just, Bearly",2018,9.4,Casual,Indie,True
Space Travel Idle,2020,6.5,Adventure,Indie,True
Wings! Remastered Edition,2014,6.1,Action,Simulation,False
Therian Saga,2017,7.1,Action,Adventure,True
Blind Fate: Edo no Yami Dojo,2021,8.7,Action,Adventure,True
Shadownest,2021,5.5,Action,Adventure,True
Puzzle Pirates: Dark Seas,2018,7.4,Adventure,Casual,True
SCP: Observer,2023,9.4,Indie,N/A,True
Frightened Beetles,2018,9.1,Adventure,Casual,True
HRDINA,2019,9.0,Action,Casual,True
FUCK STALIN,2024,8.5,Action,Casual,True
The Ultimatest Battle,2017,7.9,Action,Indie,True
Star Wars: Droid Repair Bay,2017,9.0,Adventure,Casual,True
Overstep,2019,7.0,Action,Indie,True
Ruzh Delta Z,2015,6.2,Action,Casual,True
Soccer Manager 2015,2015,6.9,Sports,N/A,False
打工吧天使酱 天使在魔界的劳改生活,2022,9.7,Casual,Indie,True
The Panic Room. House of secrets,2016,5.7,Adventure,Casual,True
9Dragons,2017,6.8,Massively Multiplayer,RPG,True
Winter Cats,2024,8.9,Casual,Indie,True
VAIL Alpha,2021,9.3,N/A,N/A,False
Instruction,2024,9.5,Casual,N/A,True
YUR,2020,8.3,N/A,N/A,True
Golden Rush,2015,4.5,Action,Massively Multiplayer,False
Warhammer Combat Cards,2021,5.8,N/A,N/A,True
绝望监牢 / 絶望プリズン,2020,7.4,Adventure,Indie,True
冬日树下的回忆(Memories of the Winter Tree),2023,9.9,Casual,RPG,True
Madrun,2020,9.2,Action,Casual,True
Sunrise: survival,2017,4.9,Action,Adventure,True
Islet Online,2019,7.8,Adventure,Indie,True
Retrograde Arena,2020,9.5,Action,Indie,True
Galaxy Control: 3D Strategy,2016,5.9,Massively Multiplayer,Strategy,True
Crush Online,2016,6.1,Action,Massively Multiplayer,False
Emporea: Realms of War and Magic,2016,6.8,Indie,Massively Multiplayer,True
Whiteboyz Wit Attitude: The Pursuit of Money,2020,9.4,N/A,N/A,True
Demise of Nations,2017,8.1,Indie,Strategy,True
Joker Show - Horror Escape,2023,7.5,Action,Adventure,True
Lazerbait,2016,9.7,Indie,Strategy,True
My Little Farmies,2018,5.5,Casual,Simulation,True
The Elder Scrolls Online - Blackwood,2021,4.9,Massively Multiplayer,RPG,False
Island Dash,2017,8.5,Adventure,Casual,True
Colonize Prologue,2022,6.5,Simulation,Strategy,True
Siren Head: The Siren's Forest,2020,5.3,Indie,N/A,True
Barn Finders: The Pilot,2020,9.2,Adventure,Casual,True
Runo,2021,9.2,Casual,Indie,True
4D Minesweeper,2018,9.3,Casual,Indie,True
强军,2018,1.7,Massively Multiplayer,N/A,True
Shattered Horizon,2009,7.2,Action,Indie,False
Doomsday: Last Survivors,2023,6.7,Massively Multiplayer,RPG,True
Karos Returns,2015,7.3,Massively Multiplayer,RPG,False
Smart Factory Tycoon: Beginnings,2022,7.8,Casual,Indie,True
Ryzom,2016,6.4,Action,Adventure,True
Eden Eternal-聖境伝説,2023,5.4,Action,Adventure,True
Oil Rush,2012,6.7,Indie,Strategy,True
Inertial Drift: Sunset Prologue,2020,8.5,Racing,N/A,True
Jerma & Otto: The Curse of the Late Streamer,2021,9.6,Adventure,Casual,True
The 7th Guest,2013,6.7,Adventure,N/A,False
Dragon's Sin,2017,6.7,Action,Indie,True
Cryptis,2024,9.6,Action,Adventure,True
J-Jump Arena,2023,7.8,Action,Casual,True
World War Armies,2024,5.8,Action,Strategy,True
How We Got Here,2021,8.6,Action,Adventure,True
Beneath The Surface,2018,9.4,Sports,N/A,True
Boodunnit,2021,7.0,Casual,Indie,True
Nonogram - Master's Legacy,2018,8.6,Casual,Indie,True
CONCLUSE,2018,7.4,Action,Adventure,True
A Random Maze 某个迷宫,2021,9.6,Adventure,Indie,True
Absent in the Rain,2022,9.5,Adventure,Indie,True
Uebergame,2015,5.2,Action,Casual,True
GranAge,2020,7.4,Action,Casual,True
Elon Simulator 2019,2019,8.3,Action,Adventure,True
Heroes of SoulCraft - Arcade MOBA,2015,4.1,Action,Casual,True
EvoWave,2021,9.6,Action,Adventure,True
A Night In Berlin,2020,8.3,Action,N/A,True
Police Shootout: Prologue,2022,6.0,Action,Adventure,True
ViRo Playspace,2019,4.1,Casual,Indie,True
HIT,2015,3.8,N/A,N/A,True
Zombie Builder Defense,2018,6.9,Action,N/A,True
Breadsticks,2022,9.6,Action,Adventure,True
Morimens,2024,7.3,RPG,Strategy,True
Battle Ball,2021,8.6,Casual,Indie,True
Artist Idle,2019,6.6,Indie,N/A,True
The Backrooms: Unbounded,2023,7.5,Indie,N/A,True
Fantasynth One,2017,9.6,Indie,N/A,True
Tapple - Idle Clicker,2024,7.0,Casual,Indie,True
Space Between Worlds,2018,9.5,Casual,Indie,True
Sphere 3,2015,5.3,Action,Massively Multiplayer,True
Kādomon: Hyper Auto Battlers Prologue,2024,9.6,Casual,Indie,True
凯尔文 - Kelvin And The Chateau,2021,8.9,Indie,RPG,True
Builder Simulator Playtest,2022,9.7,N/A,N/A,False
THE NORMAL THING,2020,9.5,Adventure,N/A,True
Party Animals Playtest,2023,8.6,N/A,N/A,False
Idle Pins,2021,6.3,Casual,Indie,True
World of Shooting,2024,7.9,Action,Simulation,True
EarthKart: Google Maps Driving Simulator,2023,7.7,Action,Adventure,True
Atopes,2021,9.4,Indie,N/A,True
Driver Fusion - The Best Driver Update and Backup Software,2013,7.1,Indie,N/A,False
IronWolf: Free Non-VR Edition,2023,9.4,Action,Indie,True
PROMOD Playtest,2021,8.7,N/A,N/A,False
Incline,2017,5.2,Action,Indie,True
Lost Memories 3 Side Stories,2020,8.8,Adventure,Indie,True
Car Trader Simulator - Welcome to the Business,2020,6.4,Adventure,Casual,True
Slender Threads: Prologue,2021,9.8,Adventure,Indie,True
Sucker for Love: Prelude,2021,9.7,Indie,RPG,True
FPV Drone Simulator,2017,6.5,Racing,Simulation,True
Darkwind: War on Wheels,2014,5.1,Action,Indie,True
Google Spotlight Stories: Age of Sail,2018,9.8,Adventure,N/A,True
Zoria: Prologue (2020),2020,8.3,Action,Adventure,True
Ducks Can Drive,2023,9.7,Casual,Indie,True
Temperia: Soul of Majestic,2022,8.7,Massively Multiplayer,RPG,True
Gooba Ball,2024,9.7,Casual,Indie,True
Vectromirror 0,2020,8.5,Action,Indie,True
Fungiman,2022,9.1,Action,Adventure,True
MadGuns,2020,5.9,Action,Indie,True
The Odyssey of the Mammoth,2022,9.0,Action,Adventure,True
Odysseus Kosmos and his Robot Quest: Episode 1,2018,7.9,Indie,N/A,True
Fantasy Tales Online,2016,6.9,Indie,Massively Multiplayer,True
SQUARE ENIX AI Tech Preview: THE PORTOPIA SERIAL MURDER CASE,2023,1.5,Adventure,N/A,True
Don't Make Love,2017,8.5,Casual,Indie,True
Metaphobia,2020,8.6,Adventure,Indie,True
Beneath a Steel Sky,2020,9.0,Adventure,Indie,True
Breeze,2022,9.6,Indie,RPG,True
Tap Wizard 2,2024,7.6,Action,Indie,True
Who Is Mike - A Visual Novel,2015,9.1,Casual,Indie,True
吞食天地2誕生Reborn,2024,4.9,Adventure,Massively Multiplayer,True
拯救大魔王2 Rescue the Great Demon 2,2016,7.4,Adventure,Indie,True
Hacker Simulator: Free Trial,2022,7.8,Indie,Simulation,True
Force of Warships: Battleship Games,2022,7.1,Action,Casual,True
Graphwar,2022,9.1,Casual,Indie,True
Birds Aren't Real: The Game,2023,7.9,Adventure,Casual,True
Porcelain Tales,2022,8.3,Action,Adventure,True
Sherlock Holmes: The Mystery of the Mummy,2009,6.1,Adventure,N/A,True
Super POTUS Trump,2017,5.9,Casual,Indie,True
Command & Conquer Renegade,2024,8.5,Action,Strategy,False
Byakuya Museum,2023,9.6,Indie,RPG,True
Pixel Puzzles Traditional Jigsaws,2019,7.5,Casual,N/A,True
Grand Theft Auto 2,2008,9.3,Action,N/A,False
Momentum Mod Playtest,2021,9.8,N/A,N/A,False
Braveland Heroes,2019,5.5,Adventure,RPG,True
The Red Stare,2017,8.8,Action,Indie,True
Retail Company Simulator: Prologue,2024,8.9,Casual,Indie,True
CivIdle,2024,7.3,Indie,Simulation,True
Wait! Life is Beautiful! Prologue,2020,8.8,Casual,Indie,True
Rainy Day,2024,9.1,Adventure,Casual,True
Metamorphos,2021,8.0,Action,Adventure,True
SuperCupOnline,2021,8.7,Indie,Sports,True
Blood Strike,2023,4.1,Action,Massively Multiplayer,True
Chernobyl Liquidators Simulator Playtest,2021,9.3,N/A,N/A,False
Space Bear,2020,9.9,Adventure,Indie,True
Sword Rogue,2020,9.6,Action,Casual,True
Spellstone,2016,6.4,Adventure,RPG,True
Cognition Method: Initiation,2021,8.4,Action,Adventure,True
Home Legacy,2017,3.8,Casual,Massively Multiplayer,True
CroNix,2015,4.7,Action,Casual,True
Ring of Titans,2024,8.0,Action,Indie,True
The NADI Project,2016,6.7,Adventure,Indie,True
Defiance 2050 - Beta,2018,2.0,N/A,N/A,True
BloodRayne 2 (Legacy),2006,6.7,Action,N/A,False
Idle Adventure,2018,6.5,Adventure,Indie,True
Propnight Playtest,2021,9.2,N/A,N/A,False
Impulse of War,2017,6.4,Action,Indie,True
Caribbean Legend: Sandbox,2024,5.8,RPG,N/A,True
Don't get lost,2023,8.0,Adventure,Casual,True
Keyboard Killers,2017,5.0,Action,Casual,True
Jelly Brawl: Classic,2020,6.9,Action,Casual,True
LAY,2022,8.5,Indie,N/A,True
Crustacean Nations,2022,9.2,Action,Casual,True
Broken Arrow Playtest,2024,9.0,N/A,N/A,False
SPACE / MECH / PILOT,2020,8.4,RPG,Strategy,True
RoShamBo,2016,6.4,Action,Casual,True
Hidden Lands - Spot the differences,2021,9.5,Casual,Indie,True
GraalOnline Era,2024,7.2,Action,Adventure,True
Zeal,2018,7.1,Action,Indie,True
Soccer Manager 2018,2017,6.9,Sports,N/A,False
InMind VR,2015,7.9,Action,Casual,True
绮罗四时谭,2019,9.7,Adventure,Indie,True
Star Chef 2: Cooking Game,2021,7.0,Casual,Indie,True
Veneficium,2021,7.4,Action,Adventure,True
Tricking 0,2022,7.8,Action,Indie,True
Warlander Playtest,2022,8.4,N/A,N/A,False
Ghostwire: Tokyo - Prelude,2022,6.1,Adventure,Casual,True
Draw,2023,9.7,Adventure,Casual,True
疯狂炮炮捕鱼,2021,7.0,Adventure,Casual,True
DarkStory Online,2020,6.6,Action,Adventure,True
GET OUT!,2021,9.4,Casual,Indie,True
Escape to Moscow,2020,8.6,Adventure,Casual,True
Sono,2020,9.1,Adventure,Casual,True
Iron Grip: Warlord,2008,5.9,Action,Indie,False
Clam Man 2: Open Mic,2020,9.7,Adventure,Casual,True
Transport Defender,2017,8.0,Casual,Strategy,True
Loop-Loop DX,2020,9.9,Action,Adventure,True
Motorbike Evolution 2024,2024,7.5,Action,Casual,True
Riding to Bounce City,2022,7.8,Action,Casual,True
La Rana,2019,9.6,Adventure,Casual,True
Ball at Work: The Ultimate Speedrun Platformer!,2020,8.5,Casual,Indie,True
Fear in Hospital,2019,4.8,Adventure,N/A,True
Faefever,2020,8.7,Adventure,Casual,True
my eyes deceive,2024,8.3,Adventure,Indie,True
Monster Tiles TD: Tower Wars,2024,8.2,Action,Casual,True
Wretched Depths,2023,9.7,Action,Adventure,True
Idle Atomic,2021,6.2,RPG,Simulation,True
幽灵高校(Ghost College),2021,7.8,Adventure,Indie,True
Mizi NO!,2024,9.9,Casual,Indie,True
Tetris Ultimate,2015,3.0,Casual,N/A,False
Lab Rags,2021,9.3,Indie,N/A,True
Splitgate 2 Playtest,2024,7.1,N/A,N/A,False
Arcanists,2024,9.2,Action,Casual,True
For The King 2 Closed Beta,2023,8.1,N/A,N/A,False
Bell Ringer,2016,2.3,Action,Indie,True
Project H,2021,8.9,Casual,Indie,True
Stonies,2018,5.3,Casual,Simulation,True
Revelations 2012,2012,5.6,Action,Indie,True
Gangs of Space,2017,7.6,Action,Indie,True
Shattered Lights,2019,8.8,Indie,N/A,True
Luna Online: Reborn,2017,6.1,Adventure,Casual,True
Colony Simulator,2022,6.7,Indie,Simulation,True
街机捕鱼Arcade Fishing,2020,7.0,Adventure,Casual,True
Charlie in the Moistverse of Madness,2022,9.7,Action,Indie,True
Where Dragon Spirits 龙魂在哪里,2024,9.6,Casual,Indie,True
Legend of Edda: Pegasus,2023,7.9,Massively Multiplayer,RPG,True
GizmoVR Video Player,2018,6.3,N/A,N/A,True
Project: Name,2022,4.8,Action,Casual,True
Animyst,2018,8.6,Action,Adventure,True
The Windows Are Gone,2023,9.3,Action,N/A,True
Scratches - Director's Cut,2011,8.2,Adventure,N/A,False
Kaion Tale MMORPG,2020,7.9,Massively Multiplayer,RPG,True
Escape the Clinic,2020,7.3,Indie,N/A,True
贪婪大地 Playtest,2024,9.7,N/A,N/A,False
Idle Bouncer,2017,8.3,Casual,N/A,True
Galaxy of Pen & Paper 1,2017,7.2,Indie,RPG,False
Bloodwood Reload,2015,3.8,Adventure,Indie,True
Museum of Other Realities,2020,9.1,Casual,Simulation,True
Letter Quest: Grimm's Journey,2014,7.3,Casual,Indie,False
Invisible Apartment,2015,7.1,Adventure,Indie,True
Task Force,2022,7.4,Action,Indie,False
Rogue Reaper,2019,7.8,Action,Adventure,True
Fayburrow,2022,8.3,Adventure,RPG,True
SpiderHeck Playtest,2022,9.8,N/A,N/A,False
Something for Someone Else,2019,8.8,Adventure,Casual,True
The Market of Light,2021,8.2,Action,N/A,True
Jected - Rivals,2023,4.6,Action,Racing,True
//TODO: today,2021,9.3,Adventure,Casual,True
Wizards,2021,8.6,Casual,Indie,True
Ghosts of Tabor Playtest,2023,9.1,N/A,N/A,False
No70: Eye of Basir,2017,5.2,Adventure,Indie,True
Refight:Burning Engine,2018,6.8,Massively Multiplayer,Strategy,True
Cateau,2018,9.6,Indie,N/A,True
Mothlight,2017,9.5,Indie,RPG,True
Post-Apo Builder: Prologue,2023,6.9,Indie,Simulation,True
XXX Puzzle,2018,6.3,Casual,Indie,True
Tales of Rein Ravine,2024,8.5,Adventure,Indie,True
Home - A VR Spacewalk,2017,7.0,Action,Adventure,True
Maui,2016,5.3,Action,Adventure,True
Heads Will Roll: Downfall,2022,6.9,Adventure,RPG,True
MONSTER CARDS,2022,9.6,Casual,Indie,True
AQtion,2022,7.9,Action,N/A,True
Phoenix Dynasty 2,2018,4.1,Action,Massively Multiplayer,True
Freud Gate,2019,8.0,Casual,Indie,True
Untitled Ghost Game,2023,9.1,Action,Casual,True
Kepler-2100,2024,8.4,Adventure,Massively Multiplayer,True
幻想枝魂 Soul Fantasy,2021,9.7,Adventure,Indie,True
Die Young: Prologue,2019,7.7,Action,Adventure,True
Find You,2017,9.4,Casual,Indie,True
NEW SCUFFED BHOP SIMULATION 2026 GOTY EDITION,2022,7.9,Simulation,N/A,True
Going Medieval Playtest,2021,9.9,N/A,N/A,False
Campaign Clicker,2016,4.8,Casual,Indie,True
Football Manager 2019 Touch,2018,8.3,Simulation,Sports,False
Wing of Misadventure Retro,2020,5.7,Action,Adventure,True
lure,2022,9.1,Adventure,Indie,True
Cosmic Sugar VR,2016,9.4,Simulation,N/A,True
Super Friends Party,2019,6.8,N/A,N/A,True
Six Days of Snow,2017,7.7,Simulation,N/A,True
Drinks With Abbey,2019,7.9,Indie,N/A,True
Infected Shelter,2019,8.5,Action,Adventure,True
Lost Planet: Extreme Condition Colonies Edition,2010,7.0,Action,Adventure,False
WW2 Rebuilder: Germany Prologue,2022,8.5,Adventure,Simulation,True
Shiver,2017,9.1,Adventure,Indie,True
Nocturne: Prelude,2020,9.7,Adventure,Indie,True
Lord of the Other World,2023,7.7,Adventure,Massively Multiplayer,True
Interloper,2015,7.7,Indie,Strategy,True
Daisho: Survival of a Samurai,2023,7.4,Action,Adventure,True
Kakele Online - MMORPG,2021,8.6,Indie,Massively Multiplayer,True
AXIOM SOCCER,2019,6.7,Action,Casual,True
Eros Fantasy,2022,6.7,Adventure,Casual,True
Battle Clash,2024,7.0,Action,Casual,True
Rogue Heist,2019,3.4,Action,Indie,False
Romans: Age of Caesar,2022,4.5,Massively Multiplayer,Strategy,True
Age of Fear: The Free World,2019,8.4,Adventure,Indie,True
Slay the Dragon!,2021,9.6,Action,Casual,True
Mega Hasan,2020,9.3,Action,Adventure,True
WarriOrb: Prologue,2019,8.9,Action,Adventure,True
Cooking Companions: Appetizer Edition,2020,8.9,Casual,Indie,True
A Book of Beasts and Buddies,2018,9.6,Adventure,Casual,True
T.E.C. 3001,2014,9.0,Action,Indie,False
Revenant,2023,9.5,Action,Indie,True
Dissolving,2019,8.8,Indie,N/A,True
Harvest Seasons,2018,5.7,Casual,Indie,True
The Last Weekend,2017,6.1,Adventure,Casual,True
Cards and Castles 2,2023,8.0,Indie,Strategy,True
White Dove 白雀,2019,8.5,Adventure,Casual,True
Famaze,2014,7.9,Casual,Indie,True
Mystic Destinies: Serendipity of Aeons,2016,8.2,Adventure,Casual,True
Aroma,2022,8.4,Adventure,Indie,True
Aces High III,2017,5.9,Massively Multiplayer,Simulation,True
"PlayClaw 7 - Game Overlays, Recording and Streaming",2020,8.6,N/A,N/A,True
Ego In A Coma (自我状態昏睡),2020,8.3,Action,Indie,True
Kings Call,2023,6.7,Massively Multiplayer,RPG,True
RetroArch Playtest,2020,9.5,N/A,N/A,False
Rumble Fighter: Unleashed,2016,5.4,Action,N/A,True
局外人 L'Etranger,2019,8.3,Indie,N/A,True
Bunker Builder Simulator: Prologue,2023,6.3,Casual,Indie,True
PLANES ATTACK,2019,7.8,Action,Casual,True
Poker World - Single Player,2017,4.6,Casual,Simulation,True
Cat Simulator,2016,4.5,Action,Adventure,True
Fujiwara Bittersweet,2021,8.8,Indie,N/A,True
House Builder: First Job,2021,8.4,Casual,Simulation,True
Merge Nymphs,2021,6.5,Casual,Strategy,True
NETHER HEROES,2024,8.9,Action,Adventure,True
Climb,2018,7.6,Action,Indie,True
Knock Harder: Useless,2020,9.4,Action,Adventure,True
Puzzle Quest 2,2010,8.3,Casual,RPG,False
GunboundM,2021,6.4,Strategy,N/A,True
Dungeon-Party,2013,4.3,Massively Multiplayer,N/A,True
Rapid Tap,2018,9.2,Casual,Indie,True
Sheepy,2021,9.1,Casual,Indie,True
Arc Apellago,2020,8.7,Action,N/A,True
Clothing Store Simulator: Prologue,2024,8.8,Casual,Indie,True
The Dark Pictures Anthology: House of Ashes - Friend's Pass,2022,7.2,Action,Adventure,False
超将棋,2021,8.9,Casual,Indie,True
某1种青春,2019,9.6,Casual,Indie,True
Hide and Seek,2017,3.9,Casual,Indie,True
Drill Deal: Borehole (Alpha),2020,8.7,Indie,N/A,True
Archangel: Hellfire - Enlist FREE,2017,5.5,Action,Simulation,True
Kingdom: The Blood,2024,2.2,Action,RPG,True
"A Place, Forbidden",2020,8.6,Adventure,Casual,True
Regiments Playtest,2021,9.7,N/A,N/A,False
Tiny Toy Tanks,2020,9.3,Action,Casual,True
Epic Conquest 2,2020,8.4,Action,Indie,True
VOCÊ É UM DEFUNTO MECÂNICO,2022,9.7,Indie,N/A,True
Uncharted Waters Online,2018,7.0,Adventure,Massively Multiplayer,True
Super Totally Ultimate Dad Showdown,2021,7.8,Action,Casual,True
Three Finger Battle Arena,2022,8.9,Action,Casual,True
Neglected,2020,9.0,Adventure,Casual,True
God Awe-full Clicker,2018,6.5,Action,Adventure,True
Spell Fighter VR,2016,6.8,Action,Adventure,True
He Fucked The Girl Out of Me,2023,9.3,Indie,N/A,True
Who Am I: The Tale of Dorothy,2018,9.3,Adventure,Indie,False
HELLCARD: Prologue,2023,8.7,Adventure,Indie,True
Absent,2015,8.1,Adventure,N/A,True
Jackpot Poker by PokerStars,2017,5.1,Casual,Massively Multiplayer,True
Rustbucket Rumble,2015,5.7,Action,Casual,True
Clash of the Monsters,2016,5.3,Action,Indie,True
Glitch,2018,5.3,Adventure,Casual,True
Ragnarok Online,2013,7.6,Massively Multiplayer,RPG,False
The Wall,2018,7.3,Action,Indie,True
Wakaru ver. beta,2018,8.9,N/A,N/A,True
Kawaii Neko Girls 2,2023,7.5,Adventure,Casual,True
The Lancaster Leak - Entity Exam,2024,9.2,Action,Indie,True
Auf Abwegen,2019,7.3,Adventure,Indie,True
天缘传说,2024,9.7,Action,Adventure,True
Despot's Game Playtest,2021,9.9,N/A,N/A,False
Becalm,2019,8.4,Casual,Indie,True
Traum,2018,9.2,Adventure,Indie,True
project canvas ヰ世界情緒育成計画,2024,10.0,Adventure,Casual,True
Formula Bwoah: Online Multiplayer Racing,2023,7.4,Racing,N/A,True
Cat Burglar: A Tail of Purrsuit,2019,9.2,Adventure,Casual,True
Rogue Agent,2018,8.4,Casual,Indie,True
Chinese Frontiers: Prologue,2023,7.7,Action,Adventure,True
3.04,2019,8.1,Action,Adventure,True
Bloodhound: First day in hell,2023,7.9,Action,Indie,True
FISHGUN,2023,9.7,Action,Indie,True
Ballads at Midnight,2022,9.5,Adventure,Indie,True
Acan's Call: Act 1,2016,8.2,Action,Adventure,True
東方催狐譚 Servants of Harvest Wish,2020,9.7,Action,N/A,True
The Last Job,2022,6.8,Adventure,Indie,True
Google Spotlight Stories: Pearl,2017,9.6,Adventure,N/A,True
Operation: Harsh Doorstop Playtest,2021,8.2,N/A,N/A,False
Loot Grind Simulator,2020,8.1,Casual,Indie,True
Descent: Road to Legend,2016,9.0,Adventure,RPG,True
SCP: The Foundation,2020,4.7,Action,Adventure,True
BREATHE,2018,4.9,Adventure,Simulation,True
Prince Maker美少年梦工厂3重生,2019,9.6,Indie,RPG,True
IKEA VR Experience,2016,7.0,N/A,N/A,True
Flightless Classic,2017,9.1,Adventure,Indie,True
Monolight,2020,8.8,Adventure,Indie,True
Toy Tinker Simulator: BETA,2021,8.2,Casual,Indie,True
The Ranger: Lost Tribe,2017,8.0,Action,Adventure,True
Escape from Tatris,2020,9.0,Casual,Indie,True
Over the Counter,2022,9.3,Simulation,Strategy,True
Talisman: Prologue,2013,5.6,Indie,RPG,False
Ashen Empires,2022,7.6,Adventure,Massively Multiplayer,True
Marvel: Ultimate Alliance 2,2016,5.4,Action,Adventure,False
Dead Horizon: Origin,2017,9.6,Action,Adventure,True
Adventure Climb VR,2019,7.3,Action,Adventure,True
Boss Monster,2016,6.2,Casual,Indie,False
Wild Dive,2021,9.0,Action,Adventure,True
Left to Survive: Shooter PVP,2021,6.0,Action,N/A,True
Racecar.io,2016,5.7,Massively Multiplayer,Racing,True
RockShot,2018,4.7,Action,Massively Multiplayer,False
The Backrooms Deluxe,2024,3.5,Adventure,Indie,True
Wayfinder Playtest,2023,8.4,N/A,N/A,False
Regeria Hope Episode 1,2016,8.2,Adventure,Indie,True
ManaRocks,2020,7.7,Indie,Massively Multiplayer,True
Glitchspace,2016,7.3,Adventure,Indie,True
Super Sus,2024,5.6,Action,Casual,True
Wanderland,2016,6.0,Adventure,Casual,True
The Last Man Survivor: Prologue,2024,8.1,Action,N/A,True
Realm Revolutions,2018,7.5,N/A,N/A,True
Bloop,2015,4.7,Casual,Indie,True
SCP器関ノ彷徨 -The will of a single Tale-DEMOver,2018,9.0,Adventure,Simulation,True
State of Survival,2023,5.7,Strategy,N/A,True
FIST OF AWESOME,2014,6.0,Action,Adventure,True
The Backroom - Lost and Found,2022,8.9,Adventure,Indie,True
Bunny Must Die! Chelsea and the 7 Devils,2013,6.9,Action,Adventure,False
Eschalon: Book I,2009,7.5,Indie,RPG,True
Quintet,2015,7.7,Action,Indie,True
Supply Chain Idle,2018,8.0,Casual,N/A,True
Emoji Clicker,2024,8.0,Casual,N/A,True
FrankenStorm TD: Prologue,2021,8.8,Casual,Indie,True
MareQuest,2022,9.7,Adventure,Indie,True
The Art of Fight 4vs4 Fast-Paced FPS,2017,6.7,Action,Indie,True
IKEA VR Pancake Kitchen,2017,7.2,N/A,N/A,True
Tales of Yore,2023,7.9,Adventure,Indie,True
World of Talesworth: Idle MMO Simulator,2022,7.0,Adventure,Indie,True
Command Ops 2 Core Game,2017,8.2,Indie,Simulation,True
The Longest Walk,2022,9.6,Adventure,Casual,True
冒险小分队-爆衣.美少女.卡牌.游戏,2024,9.4,Casual,RPG,True
Life Forge - Reborn ORPG,2018,6.8,Casual,RPG,True
Irrational Exuberance: Prologue,2016,8.5,Adventure,Casual,False
just a game to test your lQ,2021,6.5,N/A,N/A,True
Tempest Rising Playtest,2023,9.4,N/A,N/A,False
Dirty League,2024,7.1,Adventure,RPG,True
Project Lonely Fish Playtest,2021,9.0,N/A,N/A,False
The Secret of Tremendous Corporation,2015,8.2,Adventure,Casual,True
Factory Outlet Simulator: Prologue,2024,7.9,Simulation,N/A,True
Happy's Humble Burger Barn,2021,9.2,Action,Adventure,True
Dominance,2023,6.5,Action,Indie,True
Destined,2018,6.5,Action,Indie,True
蜀山初章网络版,2023,4.1,Action,Adventure,True
Exocraft,2019,5.3,Action,Casual,True
Knight's Path: The Tournament,2023,8.7,Action,Adventure,True
iVRy Driver for SteamVR,2019,6.7,N/A,N/A,True
Sniper Strike: Special Ops,2018,6.0,Action,N/A,True
RYB,2016,9.1,Indie,N/A,True
Bear With Me - Collector's Edition,2018,8.4,Adventure,Indie,False
Pet Shop Simulator: Prologue,2024,7.9,Casual,Indie,True
Quanero VR,2016,9.0,N/A,N/A,True
Epic battles within 5 seconds!,2016,5.6,Action,Casual,True
The Room Syndrome,2019,9.5,Casual,Indie,True
Pets Hotel: Prologue,2023,8.9,Indie,Simulation,True
Arcfall,2017,5.5,Massively Multiplayer,RPG,True
그레텔과 윈슬로의 별장,2022,9.2,Adventure,Casual,True
Green Elephant 2D,2017,9.1,Action,Adventure,False
Bone Voyage,2019,6.5,Adventure,Indie,True
SoulSaverOnline,2017,6.6,Massively Multiplayer,RPG,True
Star Chef: Cooking & Restaurant Game,2019,5.7,Casual,Indie,True
Phantasmal: Survival Horror Roguelike,2016,4.4,Indie,N/A,True
FOS,2020,8.0,Action,Adventure,True
Skelethrone: The Prey,2024,7.7,Action,RPG,True
Hotline Miami 2: Wrong Number Digital Comic,2015,9.3,N/A,N/A,True
Gunslingers,2015,5.3,Strategy,N/A,False
Idle Cave Miner,2023,7.5,Casual,Indie,True
BOOMEROAD,2024,9.5,Action,Adventure,True
STG Football,2023,7.1,Casual,Sports,True
projectM Music Visualizer,2020,9.6,Casual,Simulation,True
Самый дорогой человек,2024,9.4,Indie,N/A,True
Lucent Heart,2016,5.0,Adventure,Casual,True
Music Store Simulator Prologue,2023,7.8,Indie,Simulation,True
Mutants: Genesis,2023,7.9,Strategy,N/A,True
Fly Dangerous,2022,7.9,Indie,Racing,True
Virtua Tennis 4,2011,6.6,Sports,N/A,False
RUKIMIN's Disappointing Adventure!,2022,9.2,Action,Indie,True
Death Goat,2016,7.6,Action,Casual,False
Sopwith VR,2018,8.6,Action,Casual,True
Elong Plug,2023,9.8,Adventure,Casual,True
Just Hit The Button,2023,9.8,Action,Casual,True
Biters & Bullets: Prologue,2022,9.0,Action,Indie,True
Idle Hero TD - Tower Defense,2024,8.0,Action,Casual,True
King Rabbit - Puzzle,2019,9.1,Action,Adventure,True
Formula Evolution 2024,2024,6.7,Action,Casual,True
Grapple Tournament,2023,9.1,Action,Casual,True
"Causa, Voices of the Dusk",2021,7.2,Indie,Strategy,True
The Savior From Above,2021,9.5,Adventure,Indie,True
AOD: Art Of Defense,2020,7.9,Action,Indie,True
Time For You - Chapter 01,2020,6.1,Adventure,Indie,True
Purrfectly Hidden Cats - Kittenrock,2024,9.8,Casual,N/A,True
World Seed,2022,7.4,Indie,Massively Multiplayer,True
Wauies - The Pet Shop Game,2018,6.5,Casual,Simulation,True
Jendo: Origins,2020,7.9,Casual,Indie,True
Bouncy Goat Climb,2022,7.8,Adventure,Indie,True
NOKBAK,2017,7.4,Action,Sports,True
Three Kingdoms 2019 阿达三国志2019 横版,2018,7.6,Casual,RPG,True
Cube Racer 2,2022,9.0,Action,Casual,True
Castle Of Secrets: Prologue,2022,7.7,Adventure,Indie,True
Iron Order 1919,2022,7.1,Massively Multiplayer,Simulation,True
Gladiators: Survival in Rome,2023,6.4,Action,Adventure,True
Cover Fire: Offline Shooting Game,2021,7.1,Action,Indie,True
triptrue,2021,7.6,Indie,Simulation,True
Deus Ex: Breach,2017,4.5,Action,RPG,True
Cemetery Mary,2021,9.7,Indie,RPG,True
Progress Game,2020,9.2,Casual,RPG,True
Fancy Skulls,2014,7.2,Action,Indie,True
Knight Club,2020,8.9,Action,Casual,True
Crow Story,2021,9.5,Adventure,Casual,True
Sonder,2024,8.9,Casual,Indie,True
Perceptions of the Dead,2017,9.2,Adventure,Casual,True
Trikaya,2021,8.6,Adventure,Casual,True
One Way To Die,2015,5.6,Adventure,N/A,True
Verde Station,2014,7.5,Adventure,Casual,True
Affected Zone Tactics,2015,5.5,Massively Multiplayer,Strategy,True
SORE,2017,6.6,Indie,N/A,True
Old Edition Croixleur Sigma,2014,5.6,Action,Casual,False
Pirate101,2023,8.2,Adventure,Casual,True
Sputnika Game,2024,8.8,Casual,Indie,True
Jigsaw Puzzles Infinite,2023,8.6,Casual,Indie,True
Pregnancy,2015,5.7,Indie,RPG,False
Meridian 59,2018,8.5,Indie,Massively Multiplayer,True
Karambola,2022,9.7,Adventure,Casual,True
Project Wunderwaffe: Prologue,2022,6.7,Action,Indie,True
Big Tiddy Goth GF Simulator,2020,8.2,Adventure,Casual,True
Idle Heist,2018,2.9,Action,Adventure,True
女神守护者,2023,7.5,Action,Adventure,True
Hollow Survivors: Prologue,2024,9.1,Adventure,Casual,True
The Hardest Game Ever,2023,8.0,Adventure,Indie,True
Overclocked,2018,9.3,Action,Indie,True
Retail Royale Playtest,2021,9.3,N/A,N/A,False
Curse That Magic Cat!,2021,9.3,Casual,Simulation,True
Core Keeper Playtest,2021,9.9,N/A,N/A,False
Tricky Doors,2023,8.5,Casual,N/A,True
Dungeon Tycoon: Prologue,2024,9.7,Simulation,Strategy,True
Terra Firma,2021,9.2,Simulation,Strategy,True
Wolfteam: Reboot,2022,4.8,Action,N/A,True
Movie Night,2022,7.3,Casual,N/A,True
Formicide,2017,8.2,Action,Indie,True
Ajaxs Trial,2023,8.2,Action,Adventure,True
SCP: Daybreak,2022,7.5,Action,Adventure,True
Мафия Онлайн,2022,6.3,Action,Indie,True
Battle Snails,2017,8.9,Action,Casual,True
Plokoth,2021,6.9,Action,Adventure,True
Han'yo,2022,8.4,Action,N/A,True
Prologue: Fish idle 2,2024,6.7,Adventure,Casual,True
Modern Tanks: War Tank Games,2018,5.3,Action,Massively Multiplayer,True
Soul Guardians,2023,6.9,Action,Adventure,True
Talesshop Puzzle,2019,9.3,Casual,Indie,True
Nice Jumper,2019,8.4,Casual,Indie,True
All Walls Must Fall - A Tech-Noir Tactics Game,2018,7.2,Indie,RPG,True
Veterans Online - Open Beta,2020,6.4,Action,Casual,True
Totemori,2017,8.7,Casual,Indie,True
Astral Heroes,2016,7.0,Indie,Strategy,True
修真大陆,2024,7.8,Casual,Massively Multiplayer,True
SimRail - The Railway Simulator Playtest,2022,9.7,N/A,N/A,False
Cat Search In The Wild West,2024,9.6,Adventure,Casual,True
Grass Cutter - Mutated Lawns,2017,8.8,Action,Casual,True
The Walking Fish 2: Final Frontier,2020,8.8,Adventure,Indie,True
Escape Lala - Retro Point and Click Adventure,2019,9.8,Adventure,Indie,True
MakerKing,2021,8.2,Action,Adventure,True
Hellevator,2021,9.2,Adventure,Indie,True
Scorch,2018,8.2,Casual,Indie,True
Hero Realms,2022,7.4,Strategy,N/A,True
RED,2017,9.5,Action,Adventure,True
CubeGun,2014,5.9,Action,Indie,True
Shipping Manager,2023,4.3,Simulation,Strategy,True
Unearned Bounty,2018,6.8,Action,Indie,True
Doggone Hungry,2021,9.4,Casual,Indie,True
RC Plane 3,2017,6.7,Racing,Simulation,True
Connected Hearts - Visual novel,2017,9.0,Casual,Indie,True
Where Jellyfish 水母在哪里,2023,9.8,Casual,Indie,True
Chicken Farm 2K17,2017,7.9,Casual,Indie,True
Infestation: Battle Royale,2020,4.8,Action,Indie,True
文字獄,2019,8.9,Adventure,Indie,True
Virtual Villagers Origins 2,2018,4.7,Simulation,N/A,True
Exoblast,2022,8.0,Action,Indie,True
My Therapy,2022,9.6,Casual,Indie,True
The Last Flame: Prologue,2024,8.8,Adventure,Indie,True
Welcome to Hanwell,2017,4.9,Action,Adventure,True
DAMNOSAUR,2018,9.2,Action,Casual,True
XOXO Droplets,2017,7.6,Casual,Indie,True
Codename: Rogue Fleet,2016,6.0,Action,Indie,True
CopperCube 6 Game Engine,2018,8.0,N/A,N/A,True
Kaigrad,2021,9.4,Adventure,Indie,True
Pointless,2016,6.3,Indie,N/A,True
源战役,2024,9.4,Action,Adventure,True
Tetris for Two,2022,8.8,Casual,N/A,True
Zen of Sudoku,2006,8.9,Casual,Indie,True
Zezenia Online,2016,6.8,Action,Adventure,True
Die pig die,2018,3.3,Action,Adventure,True
我是渣男-Dishonest,2019,9.0,Adventure,Indie,True
It Moves,2019,8.9,Indie,N/A,True
Torchlight: Infinite Playtest,2022,6.8,N/A,N/A,False
Cervus Blade,2023,8.9,Action,N/A,True
Leaf Blower Man: This Game Blows!,2023,8.8,Action,Adventure,True
Canvas The Gallery,2017,9.3,Casual,Indie,True
Hyper Dash,2021,8.8,Action,N/A,True
A Bewitching Revolution,2019,9.4,Indie,N/A,True
Senza Peso,2016,9.4,Adventure,Casual,True
잭과 콩나무: 숨겨진 이야기,2020,6.2,Adventure,Indie,True
Vinyl,2016,5.9,Action,Casual,True
晚上nano好,2021,9.7,Casual,Indie,True
Techwars: Global Conflict,2017,6.8,Action,Indie,True
The Paperman,2019,7.0,Indie,N/A,True
Zold:out,2023,7.1,RPG,Strategy,True
"Understanding, The Game",2020,8.2,Adventure,Casual,True
Vampire: The Masquerade - Heartless Lullaby,2022,8.1,Adventure,Indie,True
Little Man Has a Day,2023,9.7,Casual,Indie,True
五五午时书,2020,9.3,Indie,RPG,True
Tactical Squad SWAT Stories: Prologue Playtest,2024,8.2,N/A,N/A,False
Nohra,2020,9.7,Action,N/A,True
Gizmo,2018,9.5,Action,Indie,True
Siren Head: The Horror Experience,2022,7.2,Adventure,Indie,True
Interstate Drifter 1999,2020,9.6,Action,Casual,True
Astroflux,2016,7.3,Action,Adventure,True
Ginkgo,2020,9.2,Action,Adventure,True
The Legend of Karl,2021,7.5,Action,Adventure,True
Pro 11 - Football Manager Game,2020,7.6,Simulation,Sports,True
Refight:The Last Warship,2019,6.5,Massively Multiplayer,Strategy,True
Loading Story,2021,9.5,Adventure,Casual,True
The VR Museum of Fine Art,2016,8.8,Casual,Indie,True
Dark Nights,2022,9.2,Adventure,Indie,True
Moe! Ninja Girls,2019,7.4,Simulation,N/A,True
Angry Angry Shark,2022,8.5,Action,Adventure,True
Boundel: The Second Era,2016,5.5,Indie,Massively Multiplayer,True
3tene,2018,8.7,N/A,N/A,True
In The Rural Village of Nagoro,2022,9.6,Casual,Indie,True
Lords Of The Lockerroom,2019,9.7,Action,Indie,True
MiniRoyale Playtest,2022,7.2,N/A,N/A,False
仙侠世界2,2022,6.3,Massively Multiplayer,RPG,True
Void Whispers,2024,9.4,Adventure,N/A,True
Sword of the Necromancer - Prologue,2020,8.7,Action,Adventure,True
ABE VR,2016,6.2,Adventure,N/A,True
Mad Pack,2022,6.8,Action,Adventure,True
The Hidden Room,2021,7.0,Adventure,Indie,True
Ohm Studio,2013,5.9,N/A,N/A,True
Waves 2: Notorious,2015,9.2,Action,N/A,True
The Mildew Children: Chapter 1,2023,8.7,Adventure,N/A,True
VTuber Editor,2022,8.1,N/A,N/A,True
Nyctophilia,2015,6.5,Adventure,Indie,True
The Elder Scrolls Online: Necrom,2023,8.2,Action,Adventure,False
World of Myths,2019,8.5,Indie,Strategy,True
Guns'n'Stories: Preface VR,2017,8.2,Action,Adventure,True
Hotel Remorse,2018,7.7,Action,Indie,True
Comedy Quest,2015,8.5,Adventure,Casual,True
Mirth Melody,2024,9.2,Action,Adventure,True
SCP: Blackout,2024,6.8,Indie,N/A,True
Speedway Challenge 2024,2024,7.3,Racing,Sports,True
Steel Ocean: Wolves of Deep Sea,2022,5.6,Massively Multiplayer,Simulation,True
Mega Serval,2022,9.8,Action,Adventure,True
Immortal Empire,2015,7.2,Indie,RPG,True
Epicinium,2020,8.8,Indie,Strategy,True
Crashphalt,2018,9.5,Indie,N/A,True
KillSteel,2020,8.6,Action,Casual,True
Death Toll,2018,7.2,Action,Indie,True
Legend of the Outlaw Mage,2022,9.4,Action,Indie,True
Milthm,2023,9.5,Casual,Indie,True
Sunset Motel: Prologue,2024,9.4,Action,Casual,True
Distant Kingdoms,2021,4.4,Indie,Simulation,False
DayZ Tools,2018,9.0,N/A,N/A,False
Clickteam Fusion 2.5 Free Edition,2016,7.6,N/A,N/A,True
Krosmaster Arena,2015,6.2,Strategy,N/A,False
Star Trek Adversaries,2018,5.9,Casual,Strategy,False
High School Simulator,2018,7.7,Simulation,N/A,True
You Must be 18 or Older to Enter,2017,8.3,Action,Adventure,True
90 Minute Fever - Online Football (Soccer) Manager,2023,6.4,Massively Multiplayer,Simulation,True
Kriegsfront Tactics - Prologue,2024,9.4,Indie,RPG,True
Coloring Book for Adults,2020,7.9,Casual,N/A,True
Mayonnaise Simulator,2022,9.6,Action,Simulation,True
Handy Dandy,2020,9.7,Adventure,Indie,True
Epic Arena,2015,6.6,Indie,Strategy,True
Princess Maker 3: Fairy Tales Come True,2017,5.9,Simulation,N/A,False
Call of Duty: Black Ops - Mac Edition,2012,6.1,Action,N/A,False
大亨传奇,2021,8.1,Casual,Strategy,True
Unroaded,2019,9.4,Adventure,Casual,True
Warmonger,2018,5.8,Action,Massively Multiplayer,False
Octarina,2021,8.4,Adventure,Casual,True
Infinite Air with Mark McMorris,2016,7.7,Simulation,Sports,False
1943 Berlin Blitz,2018,9.3,Indie,N/A,True
Press Any Key,2024,9.7,Casual,Indie,True
Drive Megapolis,2016,3.8,Casual,Indie,False
Without a Voice,2020,9.6,Casual,Indie,True
Ruins of Albion,2021,8.7,Action,Adventure,True
Galaxy in Turmoil,2020,4.0,Action,Adventure,True
Eisenhorn: XENOS,2016,4.6,Action,Adventure,False
Car Manufacture: Prologue,2023,8.5,Indie,Simulation,True
5050,2023,8.8,Casual,Indie,True
FULFILLMENT,2019,9.2,Action,Adventure,True
The Purge Dilemma,2023,8.6,Strategy,N/A,True
Together in Between: Chapter One,2024,6.9,Adventure,Indie,True
Imperia Online,2016,5.7,Massively Multiplayer,Simulation,True
GRANDMA,2023,8.6,Action,Indie,True
Coal Mining Simulator: Prologue,2022,6.6,Adventure,Indie,True
Midnight Witch,2023,9.4,Casual,Indie,True
BROK the InvestiGator - Prologue,2020,9.8,Action,Adventure,True
Fairytale Fables,2023,8.7,Casual,Strategy,True
The Political Machine,2012,5.4,Strategy,N/A,False
Quest for the Golden Candelabra,2023,9.9,RPG,Strategy,True
Helium Rain,2018,7.8,Action,Indie,True
Toribash Next,2024,3.6,Action,Casual,True
Fighting Fantasy Classics,2018,7.9,Indie,RPG,True
The Huntsman: Winter's Curse,2016,7.2,Adventure,Casual,True
Light of Alariya,2023,7.3,Adventure,RPG,True
50 Floors: The Paranormal Investigators Prologue,2024,7.5,Indie,Simulation,True
MannaRites,2020,9.1,Action,Adventure,True
Escape,2015,6.2,Indie,Strategy,True
Galaxy Idle Clicker,2024,7.6,Casual,Indie,True
FatalZone: Outbreak,2023,7.6,Action,Casual,True
Horse Farm,2018,5.5,Casual,Simulation,True
The Director's Disorder: Pilot Episode,2023,9.0,Adventure,Indie,True
Flag Clicker,2024,6.2,Casual,Indie,True
HEAT REBORN,2021,6.2,Action,Indie,True
The Coma: Cutting Class,2015,6.9,Adventure,Indie,False
SLUDGE LIFE: The BIG MUD Sessions,2023,9.8,Adventure,Indie,True
Incremental Epic Hero,2021,7.5,Adventure,RPG,True
Monuments Flipper: Prologue,2022,7.8,Casual,Indie,True
Capybara: The story of Sisyphus,2024,7.4,Adventure,Casual,True
Soccer Kids Alpha,2023,9.5,Indie,RPG,True
Tiny Survivors,2023,6.0,Action,Casual,True
The Westport Independent,2016,6.3,Indie,Simulation,True
Hex Commander: Fantasy Heroes,2017,7.6,Indie,Strategy,True
Detective Butler: Maiden Voyage Murder,2017,8.3,Adventure,Casual,True
Banana Drama,2022,9.5,Action,Casual,True
白花 the white flower,2021,9.5,Adventure,Casual,True
Meow Express,2022,8.7,Adventure,Casual,True
炎黄战纪之三国烽烟,2018,6.7,Indie,Strategy,True
Choplifter HD,2012,6.5,Action,N/A,False
Night Reverie: Prologue,2020,9.2,Adventure,Casual,True
HOW WE KNOW WE'RE ALIVE,2023,9.8,Adventure,N/A,True
Oldage,2017,7.1,Indie,Strategy,False
Juniper's Knot,2017,9.5,Casual,Indie,True
InCell VR,2015,6.9,Indie,Racing,True
BattleCON: Online,2018,7.2,Indie,Strategy,True
Joint War - BETA,2022,5.3,Action,N/A,True
Axilon: Legend of Artifacts - Prologue,2021,7.5,Action,N/A,True
Royal Revolt II,2021,7.6,Action,Massively Multiplayer,True
Dr. Frank's Build a Boyfriend,2018,8.9,Indie,Simulation,True
Free Stars: The Ur-Quan Masters,2024,9.8,Action,Adventure,True
Isles of Limbo,2020,7.3,Action,N/A,True
Snood,2018,7.8,Casual,Indie,True
哈希绿洲 Hash Oasis,2024,8.9,Action,Casual,True
Jidousha Shakai,2017,5.2,Indie,Massively Multiplayer,False
Sketch Crawler,2022,8.9,Indie,RPG,True
Cloney,2016,5.3,Casual,Indie,True
Sprite Fantasia,2021,5.0,Action,Adventure,True
Heroes Of The Dark,2022,6.1,Action,Massively Multiplayer,True
Legends of Callasia,2016,7.7,Strategy,N/A,True
Peasant Royale,2023,7.1,Action,Massively Multiplayer,True
Armored of Doom,2024,9.1,Action,Massively Multiplayer,True
九劫曲:诅咒之地 NineTrials Test Server,2019,5.3,Action,Massively Multiplayer,True
Dark Swords,2019,6.4,Adventure,Casual,True
Mojo XXX,2019,8.2,Casual,Indie,True
Retro Commander,2023,7.4,Indie,Strategy,True
Plan A,2021,8.9,Action,Indie,True
Farlanders: Prologue,2021,9.3,Indie,Simulation,True
Tribe XR DJ Academy,2019,8.3,Casual,Indie,True
Welcome to Light Fields,2018,9.6,Casual,N/A,True
Tatari: The Arrival,2023,6.8,Adventure,Indie,True
CasinoRPG,2018,6.3,Casual,Indie,True
King of the Couch: Zoovival,2017,8.3,Action,Casual,True
Rotwood Playtest,2023,9.8,N/A,N/A,False
Union of Gnomes: Prologue,2024,8.3,Adventure,Indie,True
Kidz,2018,8.7,Casual,Indie,True
Nowhere: Mysterious Artifacts,2023,3.8,Action,Adventure,True
Task Force Elite,2019,8.2,Action,Indie,False
Heart Fragment,2021,9.1,Indie,RPG,True
Touhou Crisis,2022,9.6,Action,N/A,True
Revolution Idle,2024,6.6,Casual,Indie,True
Warudo,2023,9.4,N/A,N/A,True
Pro Office Calculator,2018,9.2,Adventure,Indie,True
Deadly Hunter VR,2017,8.1,Action,Adventure,True
Margo,2022,9.5,Adventure,Casual,True
9Dragons : Kung Fu Arena,2019,6.5,Action,Indie,False
Lycanthorn II - Rain of Beasts,2021,9.1,Action,Adventure,True
Operation Airsoft Beta,2021,5.7,Action,Casual,True
Swarm,2020,9.4,Action,Indie,True
Dinogen Online,2023,8.4,Action,Indie,True
部落幸存者 Playtest,2021,9.2,N/A,N/A,False
Sect-Machina,2023,6.2,Action,Adventure,True
BattleCore Arena,2024,6.4,Action,Sports,True
NS2: Combat,2014,5.3,Action,Indie,True
Engine Evolution 2020,2020,6.8,Action,Casual,True
TEKKEN 8 Playtest,2023,8.4,N/A,N/A,False
Labyrinth,2016,6.6,Indie,RPG,False
Omno: Prologue,2020,9.8,Action,Adventure,False
Sands,2023,5.2,Action,Adventure,True
The Abbey of Crime Extensum,2016,8.6,Adventure,N/A,True
Grimmwood Open Beta,2018,6.9,Simulation,Strategy,False
Captain Starshot,2019,7.3,Action,Adventure,True
The Alchemist's House,2019,7.0,Adventure,Indie,True
Wyrmsun,2015,7.8,Adventure,Indie,True
Medieval Shopkeeper Simulator,2018,6.2,Adventure,Indie,True
Shooting Hurts,2018,9.2,Action,Indie,True
Farming Fever: Pizza and Burger Cooking game,2023,7.3,Casual,Simulation,True
The Elder Scrolls Online: High Isle,2022,6.0,Action,Adventure,False
Margonem,2019,5.5,Massively Multiplayer,RPG,True
VR Benchmark Kanojo,2018,7.7,N/A,N/A,True
Plant Therapy,2023,9.7,Casual,Indie,True
Egg RTX,2024,7.9,Simulation,N/A,True
Potion Craft Playtest,2021,9.9,N/A,N/A,False
ANVIL Playtest,2021,9.0,N/A,N/A,False
100 Cats New York,2024,9.8,Casual,Indie,True
Alchemia Story,2023,6.1,Massively Multiplayer,RPG,True
VZX Player,2019,8.9,N/A,N/A,True
Meow Moments: Celebrating Together,2024,9.7,Casual,Indie,True
Iso Racer,2023,7.1,Action,Casual,True
The Night Cafe: A VR Tribute to Vincent Van Gogh,2016,9.5,Casual,Indie,True
Green Reaper,2023,9.3,Action,N/A,True
ChronoBreach,2019,9.8,Action,Indie,True
Stern Pinball Arcade,2016,3.6,Casual,Simulation,True
TO4: Tactical Operations,2020,7.4,Action,Indie,True
Myth of Empires Playtest,2024,9.0,N/A,N/A,False
Life Tastes Like Cardboard,2019,9.5,Indie,N/A,True
Dynopunk: Welcome to Synth-City,2023,9.7,Adventure,Casual,True
World of Tennis: Roaring 20s,2020,7.5,Action,Simulation,True
Drugs and Crime Idle,2020,6.9,Casual,Indie,True
Dark Eden,2016,4.9,Massively Multiplayer,RPG,True
Stream Racer,2020,8.5,Casual,Massively Multiplayer,True
Skala,2022,9.1,Adventure,Indie,True
Surge,2016,9.5,Indie,N/A,True
Winter Voices,2010,6.5,Adventure,Indie,True
Lots of Cats in Every Moment,2024,9.6,Casual,Indie,True
Peepo Island,2022,7.5,Action,Adventure,True
non-binary,2022,9.3,Indie,RPG,True
Loria,2018,8.3,Strategy,N/A,True
The Lancaster Leak - Crisis At Call Center,2023,8.6,Action,Indie,True
The Body VR: Journey Inside a Cell,2016,9.2,Casual,Simulation,True
Psycho地雷InLove : 싸이코지라이 인 러브,2022,9.6,Casual,Indie,True
Ninja Hanrei,2020,8.4,Action,Adventure,True
Kach,2022,8.3,Adventure,Indie,True
Kingshunt,2022,5.0,Action,Indie,True
Gravity Sketch,2017,7.9,N/A,N/A,True
Conquistadorio: Prologue,2023,8.7,N/A,N/A,True
Ruka,2021,9.6,Casual,Indie,True
Palinurus,2016,9.5,N/A,N/A,True
Curse of Mermos,2015,5.7,Action,Indie,True
Dirge,2024,6.4,Indie,N/A,True
The RPG Engine,2023,8.6,Adventure,RPG,True
Star Sonata 2,2020,6.7,Indie,Massively Multiplayer,True
東方実在相 Dream Logical World,2022,8.4,N/A,N/A,True
Blackhaven,2021,8.0,Indie,N/A,True
Holy Shit,2022,8.5,Casual,Indie,True
Jay Fighter: Remastered,2017,7.3,Action,Indie,True
Steambirds Alliance Beta,2019,8.8,Action,Indie,False
The Slimeking's Tower,2021,7.4,Action,Adventure,True
Nimbatus - Drone Creator,2020,9.1,Action,Indie,True
Ironbound,2018,6.8,Indie,RPG,True
Realities,2016,7.4,Adventure,Simulation,True
Cowboy Life Simulator: Prologue,2022,7.6,Action,Adventure,True
Remove: 범죄는 흔적을 남긴다,2023,8.6,Indie,Simulation,True
Adventure in My Head,2022,8.3,Adventure,Indie,True
Histera,2024,2.2,Action,Casual,True
风与鸟 - Wind and Bird,2024,9.9,Adventure,Casual,True
Horror Night,2022,5.6,Adventure,Casual,True
Tomb Rumble,2021,7.5,Action,Adventure,True
World Of Robots,2022,6.0,Action,Indie,True
Forklift Racer,2023,6.3,Indie,Racing,True
Zamboni Simulator 2019,2020,8.9,Indie,Simulation,True
Looking For Cats In a Badly Drawn Forest,2024,9.5,Casual,Indie,True
Burn Me Twice,2020,8.3,Adventure,Indie,True
I Must Kill: Fresh Meat,2015,2.8,Adventure,Indie,True
b 2,2020,9.0,Casual,Indie,True
Penimorta,2021,7.7,Action,Adventure,True
"Warhammer 40,000: Speed Freeks Open Beta",2024,9.1,N/A,N/A,False
White Mourning: Museum In Pale,2022,9.7,Casual,Indie,True
Anarchy Online,2017,7.2,Action,Adventure,True
SUPER DRINK BROS,2020,8.2,Action,N/A,True
Little Green Girl,2023,9.7,Adventure,Indie,True
Assault Bots,2022,8.2,Action,Adventure,True
7 Days to Die Dedicated Server,2014,7.9,N/A,N/A,False
PLAY'A VR Video Player,2019,6.8,N/A,N/A,True
Avani,2022,8.0,Action,Adventure,True
L.S.D.: Prologue to Lasting Spiritual Derangement,2021,8.0,Action,Adventure,True
VHS,2024,8.1,Casual,Simulation,True
Dear Devere,2020,9.6,Casual,Indie,True
Wheel Riders Online OBT,2017,2.7,Action,Massively Multiplayer,True
Lonely Knight - Idle Roguelike RPG,2024,7.4,Casual,Indie,True
The Magician's Research,2019,5.8,Adventure,Casual,True
DRAKERZ-Confrontation,2014,5.2,Indie,Strategy,True
Nick Beard: The Fedora of Destiny,2018,8.5,Indie,RPG,True
Harbinger,2024,9.6,Action,Indie,True
THE MULLER-POWELL PRINCIPLE: Foreword,2023,8.1,Action,Adventure,True
Hargrave,2020,9.3,Adventure,Casual,True
Guilt Free,2020,8.6,Casual,Indie,True
From the Shadows,2020,8.5,Action,Adventure,True
Rocket of Whispers: Prologue,2018,7.7,Adventure,Indie,True
Humanity Must Perish,2017,8.3,Casual,Indie,True
Chroma Blast,2017,8.2,Action,Casual,True
Metaball,2024,6.7,Action,Casual,True
Damascus,2020,7.7,Indie,Massively Multiplayer,True
Moon Runner,2022,8.5,Action,Indie,True
Legendary Hoplite: Arachnes Trial,2024,7.8,Action,Adventure,True
Biphase,2021,9.6,Adventure,Casual,True
Cheese Game,2022,8.9,Action,Indie,True
Thief Simulator 2 Playtest,2023,9.4,N/A,N/A,False
Gun Witch,2020,9.2,Action,Adventure,True
Mortal Royale,2018,4.0,Action,N/A,True
TAKANARIA,2019,9.1,Casual,Indie,True
M.E.A.T. Veterans,2023,7.0,Action,Massively Multiplayer,True
Low Oxygen,2023,8.9,Adventure,Casual,True
BEKKOUAME,2018,9.4,Action,Adventure,True
12 bananas,2020,8.0,Action,N/A,True
One Ping Only,2018,9.2,Action,Adventure,True
Redie,2016,7.9,Action,Indie,True
Hero Plus,2018,5.9,Massively Multiplayer,N/A,True
Uptasia,2018,5.8,Casual,N/A,True
Make It Rain: Love of Money,2018,4.9,Action,Casual,True
Knights of Pen and Paper 2: Free Edition,2018,6.4,Indie,RPG,True
VEGAS Pro 15 Edit Steam Edition,2017,6.3,N/A,N/A,False
Substance Painter 2019,2018,8.4,N/A,N/A,False
CLASH,2016,3.8,Action,Indie,True
Ways of History,2017,5.1,Indie,Massively Multiplayer,True
RoboSquare,2021,8.0,Action,Casual,True
雨鸦 - You are my sanctuary,2018,9.4,Indie,RPG,True
Wartune Reborn,2021,6.5,Adventure,Casual,True
Elle: Portal,2023,9.4,Action,Adventure,True
Fitforce,2021,7.7,Action,Casual,True
Fish Tycoon 2: Virtual Aquarium,2018,5.7,Simulation,N/A,True
BOLSOMITO,2018,8.5,Action,Casual,False
DinoScape,2021,8.1,Action,Adventure,True
Spacelines from the Far Out: Flight School,2022,8.4,Action,Adventure,True
EV3 - Drag Racing,2018,4.9,Indie,Racing,True
Beach Island Deluxe,2022,9.5,Action,Adventure,True
PLANETS OF WAR,2017,5.6,Action,Adventure,True
Fantastic Haven: Prologue,2024,7.6,Simulation,Strategy,True
からぱりうぉーず,2022,9.8,Indie,Simulation,True
Divided We Fall: Play For Free,2017,5.5,Action,Indie,True
"The End o,,,o",2017,6.6,Action,Adventure,True
4X-Galaxy 无主之地银河,2018,5.1,Adventure,Indie,True
Super Dirt Racers,2021,8.0,Action,Casual,True
Viltnemda,2022,8.2,Adventure,N/A,True
Warhammer Quest: Silver Tower,2021,5.2,RPG,Strategy,True
candle flame in the wind,2020,9.1,Adventure,Casual,True
Make Me LAG,2020,9.3,Action,Indie,True
Kaetram,2024,7.5,Indie,Massively Multiplayer,True
The Last Train,2023,9.8,Adventure,Casual,True
Thunder Tier One Playtest,2021,9.8,N/A,N/A,False
The Dummy Experiment,2018,6.4,Adventure,Indie,True
Project Crypt,2022,8.8,Action,Adventure,True
Mainland,2015,8.2,Adventure,Indie,True
Ethereal Estate,2021,8.7,Simulation,N/A,True
Grimmwood - They Come at Night,2018,7.3,Simulation,Strategy,False
Fragsurf,2020,8.3,Action,Adventure,True
Orakyubu,2021,9.9,Indie,N/A,True
Nighthunt,2022,5.4,Action,N/A,True
Capsa,2022,5.9,Casual,Indie,True
Taphouse VR,2018,9.3,Indie,Simulation,True
SCHiM Playtest,2024,9.9,N/A,N/A,False
Line Strike,2022,7.0,Casual,Indie,True
The Last Conflict,2017,7.6,Action,Indie,True
Party Bots,2023,9.4,Action,Indie,True
Fight Angel/格斗天使,2019,8.2,Action,Indie,False
Face The Abyss,2024,4.0,Action,Indie,True
Magical Otoge Ciel,2016,9.2,Casual,Indie,True
Private Military Manager: Prologue,2024,8.7,Simulation,Strategy,True
Bash the Teacher! - Classroom Clicker,2022,8.2,Casual,Indie,True
The Mind of Marlo,2017,9.4,Adventure,Indie,True
XOXO Blood Droplets,2019,9.0,Casual,Indie,True
Time Leap Paradise SUPER LIVE!,2016,7.8,Casual,N/A,True
Onirim - Solitaire Card Game,2017,8.4,Casual,Strategy,True
Toran,2019,9.4,Adventure,Indie,True
Prologue for a Vacant Kingdom,2019,9.6,Action,Adventure,True
The Bellows,2016,8.6,Action,Adventure,True
Beneath steel clouds,2020,6.2,Adventure,Casual,True
Nuclear Option Playtest,2022,9.5,N/A,N/A,False
Goblin Summer Camp,2020,9.3,Action,Adventure,True
Destroy All Humans! Clone Carnage,2022,3.7,Action,Adventure,True
Ubinota,2015,9.1,Indie,N/A,True
Impasto,2022,8.9,Adventure,Indie,True
LASER LAB,2022,9.3,Casual,Indie,True
Hamster,2024,6.9,Casual,Indie,True
Zigfrak,2013,7.3,Action,Indie,False
The Flaws of Gravity,2017,6.1,Adventure,Indie,True
Mission Zigloton,2020,9.5,Adventure,Indie,True
Orpheus's Dream,2019,7.0,Adventure,Casual,True
Doll Explorer Prologue,2021,9.4,Casual,Indie,True
Space Wars: Interstellar Empires,2017,6.7,Massively Multiplayer,Strategy,True
Rounds of Zombies,2022,7.0,Action,N/A,True
To the Core,2018,6.8,Action,Adventure,True
Ultimate Coaster X,2019,8.6,Simulation,N/A,True
Zzzz-Zzzz-Zzzz,2017,7.9,Adventure,Casual,True
Bleeding Roots,2024,9.3,Indie,N/A,True
Palace of Cards,2017,6.8,Casual,Indie,True
Dark Roll,2019,8.7,Action,Adventure,True
Evenicle 2 - Clinical Trial Edition,2020,7.9,RPG,N/A,True
Fadeout: Underground,2022,8.1,Action,Indie,True
R.I.C.A,2019,8.7,Adventure,Indie,True
Shipwreck,2015,8.2,Adventure,Indie,True
The Looking Stone,2021,5.8,Massively Multiplayer,RPG,True
Lovebirb,2023,8.1,Indie,RPG,True
Heal & Hurt,2023,8.1,Action,N/A,True
Age of Advent,2023,9.5,Action,Casual,True
SQUIDS FROM SPACE,2017,8.8,Action,Casual,True
Wuxing Master 五行师(CCG),2018,7.6,Indie,Massively Multiplayer,True
My Sunny Resort,2018,5.4,Casual,Simulation,True
Nut City Blues,2023,9.7,Adventure,Casual,True
CrocoMars,2018,8.2,Action,Adventure,True
EXS1EthnologySisterCultural functionalism,2021,9.6,Adventure,Casual,True
Sky Clash: Lords of Clans 3D,2018,7.7,Massively Multiplayer,Strategy,True
Viking Rise: Valhalla,2024,7.3,Massively Multiplayer,RPG,True
Viral Firar,2021,8.2,Casual,Indie,True
Impossible Runner,2018,6.3,Casual,Indie,True
Mission in Snowdriftland - Snowlogue,2021,9.0,Action,Adventure,True
Sleeping With Sakuya Izayoi,2024,9.6,Casual,N/A,True
Stampede: Racing Royale,2024,8.6,Casual,Massively Multiplayer,True
江湖问情,2024,9.2,Action,Adventure,True
Kingdoms Conquer / 攻城天下,2021,9.2,Massively Multiplayer,RPG,True
Limb From Limb,2024,7.9,Strategy,N/A,True
The Lady,2015,4.2,Action,Adventure,True
Click To Eleven,2023,8.3,Action,Adventure,True
猎魔战纪,2022,8.8,Adventure,Indie,True
EXCALIBURIAN!!,2021,9.3,Adventure,Casual,True
DF-41 Simulator,2020,5.3,Action,Indie,True
Cyberdrome,2019,8.8,Action,Adventure,True
Idle Space Raider,2019,7.4,Casual,Strategy,True
Dynast.io,2023,6.8,Action,Adventure,True
Pandemic Love,2021,9.4,Indie,Simulation,True
Trimurti Online,2024,4.4,Massively Multiplayer,RPG,True
Memoir,2022,9.7,Casual,Indie,True
Few Nights More: Genesis,2023,7.9,Indie,RPG,True
Outnumbered,2022,8.1,Action,Casual,True
Idle Monster Frontier,2022,6.5,Indie,RPG,True
Ingnomia,2018,7.2,Indie,Simulation,True
Project L33T Playtest,2024,3.8,N/A,N/A,False
Meridian 157: Prologue,2020,7.9,Adventure,Indie,True
Wish Giver 偿愿人,2018,7.9,Adventure,Casual,True
Milkcraft,2021,5.7,Adventure,Casual,True
Squirrel Launcher,2023,9.3,Action,Casual,True
Heroes of Havoc: Idle Adventures,2016,4.1,RPG,N/A,True
The Floor Is Still Really Cheap Lava,2020,9.5,Action,Casual,True
契灵之约,2021,8.8,Action,Adventure,True
Is It Wrong to Try to Shoot 'em Up Girls in a Dungeon?,2020,9.2,Action,N/A,True
Tactical Genius Online,2017,6.8,Indie,Strategy,False
Farmer's Life: Prologue,2021,7.1,Action,Adventure,True
Legends of Aria Classic,2024,5.4,Adventure,Massively Multiplayer,True
Frog Bath,2020,8.6,Action,Casual,True
Arena,2020,9.3,Action,Indie,True
Idle Dungeons,2019,3.1,Action,Adventure,True
Demon Peak,2017,7.0,Action,Adventure,True
SIC-1,2022,9.6,Simulation,N/A,True
GameLooper,2016,6.9,N/A,N/A,True
R2BEATアールツービート,2023,9.3,Casual,Racing,True
Stewart The Fox,2023,7.4,Action,Adventure,True
Demolish & Build 3: Excavator Playground,2022,8.3,Casual,Indie,True
Metaverse Construction Kit,2015,6.8,Casual,Indie,True
Rally Mechanic Simulator: Prologue,2024,8.3,Indie,Racing,True
Hanako: Honor & Blade,2021,7.5,Action,Adventure,True
Kingdom Under Fire: A War of Heroes (GOLD Edition),2022,5.9,Action,RPG,True
枝江第一舞斗会,2022,8.5,Action,Casual,True
佩尔霍宁,2022,9.1,Adventure,Indie,True
Meth Master,2022,6.8,Indie,Simulation,True
The Unluckiest Man,2022,9.3,Adventure,Indie,True
Nefertari: Journey to Eternity,2018,9.2,Simulation,N/A,True
Easy Cat Timer,2019,9.6,N/A,N/A,True
Disco Simulator: Prologue,2023,7.8,Adventure,Casual,True
NAKWON: LAST PARADISE Playtest,2023,6.8,N/A,N/A,False
東方眠世界 Wonderful Waking World,2022,9.8,Action,Indie,True
Circles,2017,7.6,Casual,Indie,True
DEPO : Death Epileptic Pixel Origins,2022,9.5,Adventure,Indie,True
Spaceship Looter,2017,7.0,Action,Adventure,True
TDP5 Arena 3D,2015,4.7,Action,Massively Multiplayer,True
Disney Speedstorm Closed Beta,2022,8.6,N/A,N/A,False
Spellwake,2018,8.6,Action,Casual,True
The Navigator,2018,9.7,Adventure,Casual,True
Critical Annihilation,2016,8.8,Action,Indie,True
Blood and Lust,2019,8.3,Adventure,Casual,True
Townsmen,2016,7.4,Casual,Simulation,False
Drift GEAR Racing Free,2016,3.6,Indie,Racing,True
EQI,2021,8.7,Action,Adventure,True
Descent: Legends of the Dark,2021,9.1,Adventure,Strategy,True
FRAIM - Survival Rhythm Aim Trainer,2022,5.8,Action,Casual,True
Celestial Empire Playtest,2023,7.3,N/A,N/A,False
"So, uh... a spaceship crashed in my yard",2018,9.4,Adventure,Indie,True
El Dorado: The Golden City Builder - Prologue,2024,7.5,Indie,Simulation,True
2D Dawg 2,2023,9.1,Casual,Indie,True
Cyrah's Ascent,2022,8.8,Action,Adventure,True
A Shopping Trip to Eklan Tor,2020,9.9,Adventure,Casual,True
A Mining Game,2019,6.7,Indie,Simulation,True
Spellbound Spire,2020,9.3,Adventure,Casual,True
Crowalt: Traces of the Lost Colony - Prologue,2021,8.4,Adventure,Indie,True
REMOTE LIFE,2019,9.0,Action,Indie,False
アリスのハニハニクラッシュ,2024,9.8,Action,N/A,True
江湖求生 Ganghood Survival,2018,5.4,Action,Indie,True
SWOLLEN TO BURSTING UNTIL I AM DISAPPEARING ON PURPOSE,2023,9.7,Adventure,Indie,True
Goblin Gearshop,2018,7.5,Casual,Indie,True
Cthulhu Realms,2016,7.2,Strategy,N/A,True
Soccer Manager,2016,6.3,Indie,Massively Multiplayer,False
The Dark Egg Demo,2022,9.6,Adventure,Indie,True
Freedom Locomotion VR,2017,8.7,Casual,Indie,True
Ruff Night At The Gallery,2020,9.2,Adventure,Indie,True
Void Memory,2017,6.7,Action,Adventure,True
AVABEL ONLINESteam版,2020,3.1,Action,Adventure,True
Pixel Puzzles Illustrations & Anime,2021,7.5,Casual,N/A,True
Front Lines,2019,7.0,Action,Adventure,True
Our way down,2022,9.4,Adventure,Indie,True
Grabity,2018,9.1,Action,Indie,True
Night in Riverager,2021,8.3,Adventure,Casual,True
Nova Empire,2022,5.3,Massively Multiplayer,Strategy,True
LISA: The First,2024,8.2,RPG,N/A,True
Containers,2024,6.7,Casual,Indie,True
Miners Settlement,2023,4.2,Adventure,Indie,True
Kneedle Knight,2024,9.1,Action,RPG,True
ArchiTac,2020,6.5,Adventure,Casual,True
Disney Movies VR,2016,5.4,N/A,N/A,True
Deluge: Threnody of Crashing Waves,2022,8.7,Indie,Simulation,True
Satisfactory Modeler,2024,9.5,N/A,N/A,True
Fruity Smoothie,2017,8.8,Casual,Indie,True
Caliban Below,2018,9.3,Adventure,Casual,True
Melon,2024,5.2,Casual,Simulation,True
7,2018,8.1,Adventure,Indie,True
Warhammer: Vermintide VR - Hero Trials,2016,5.9,Action,N/A,True
Armillo,2020,8.9,Action,Adventure,True
Nevrosa: Prelude,2017,8.7,Action,Adventure,True
Ignis Universia: Eternal Sisters Saga DX,2020,9.2,Adventure,Indie,True
Ghostbane: Prologue,2024,5.5,Action,Adventure,True
Trap welcome to Beryl Part 1,2018,8.6,Adventure,Indie,True
TANKS,2018,9.6,Action,Casual,True
Darkness and Flame: The Dark Side f2p,2018,7.6,Adventure,Casual,True
SEARCH ALL - UFO,2023,8.8,Casual,Indie,True
Shrinking Pains,2018,8.5,Indie,N/A,True
Fox! Hen! Bag!,2020,9.5,Adventure,Casual,True
Cat Warfare,2020,9.4,Action,Casual,True
TwelveSky 2 Classic,2017,6.8,Action,Massively Multiplayer,True
Drift.Wav,2023,9.4,Casual,Indie,True
RFLEX,2015,9.2,Action,Casual,True
Life On A Pizza,2021,6.9,Action,Adventure,True
The Knobbly Crook,2015,9.2,Adventure,Indie,True
Toast Defense,2020,8.5,Strategy,N/A,True
Lethal RPG: War,2015,8.0,Indie,RPG,True
Gunhound EX,2014,6.9,Action,Indie,False
Endlanders : First Encounter,2022,8.1,Action,Indie,True
Wicked Games,2022,9.8,Adventure,Indie,True
Say Goodbye,2017,5.5,Adventure,Casual,True
The Most Boring Game Ever,2021,9.1,Simulation,N/A,True
Antenna Dilemma,2019,9.4,Adventure,Indie,True
Ascendant,2014,7.7,Action,Adventure,True
Dinosaurs A Prehistoric Adventure,2017,4.5,Action,Adventure,True
GunFleet,2017,5.9,Action,Massively Multiplayer,False
Breach of Contract Reloaded,2018,4.6,Action,Indie,False
東方翠神廻廊 Faith in the Goddess of Suwa,2024,7.7,Adventure,Indie,True
Role Player: Full Immersion,2021,7.6,Action,Adventure,True
Feud,2024,9.0,Indie,Strategy,True
Khan: Absolute Power,2016,5.6,Action,Adventure,True
Freshman Year,2015,6.2,Indie,N/A,True
HEBEREKE!: March! Red Army Girls' Brigade,2016,8.7,Indie,RPG,True
SAVE Teaser: Before the Dawn,2024,6.9,Action,Adventure,True
外兽祭兽人们的冒险酒馆,2021,9.1,Adventure,Indie,True
Alganon,2015,3.6,Action,Adventure,False
荣耀斗罗,2021,9.3,Massively Multiplayer,RPG,True
12 Hours to Die,2020,7.4,Adventure,Indie,True
Battlegrounds of Eldhelm,2014,7.0,Indie,RPG,False
Jiangshi x Daoshi,2020,9.3,Action,Adventure,True
Blooming Nightshade,2019,8.5,Adventure,Casual,True
Together,2018,7.2,Indie,Simulation,False
Aztlan Uncovered: Prologue,2022,9.2,Adventure,Indie,True
Blocks by Google,2017,8.5,N/A,N/A,True
Acro FS,2018,5.7,Simulation,N/A,True
World of Football Playtest,2022,9.2,N/A,N/A,False
Underlevel,2023,9.6,Action,N/A,True
Mission: It's Complicated,2020,9.1,Adventure,Casual,True
A Pinch of Magic,2021,8.5,Casual,Indie,True
Tower Ball - Incremental Tower Defense,2021,6.6,Casual,Indie,True
The Portal Trial,2024,8.2,Action,Adventure,True
Quatro!,2024,8.6,Casual,N/A,True
Mirlo Above the Sun,2021,8.5,Action,Adventure,True
Autopsy Simulator Playtest,2021,8.8,N/A,N/A,False
Substance Painter 2018,2017,8.6,N/A,N/A,False
Tex-Mechs,2020,9.1,Action,Indie,True
Cute Puzzle,2018,7.9,Casual,Indie,True
MATH EXPRESSions,2022,8.6,Casual,Indie,True
冬日树下的回忆AFTER,2023,9.9,Indie,RPG,True
RPG Paper Maker,2019,8.5,N/A,N/A,True
Sunset Drive 1986,2021,8.7,Action,Casual,True
The Infinite Black,2016,6.7,Indie,Massively Multiplayer,True
Chocolate Factory Simulator: Prologue,2024,9.2,Action,Adventure,True
Helpless,2023,9.2,Adventure,Casual,True
Adventure Craft,2017,8.2,Action,Adventure,True
Vidiot Game,2020,8.8,Casual,Indie,True
The Visitor,2016,7.6,Casual,Indie,True
Resident Evil 4 Chainsaw Demo,2023,9.4,Action,Adventure,True
Tacview,2019,9.3,N/A,N/A,True
Inward,2023,8.3,Indie,Simulation,True
深海捕鱼/Deep Fishing,2022,6.2,Adventure,Casual,True
Siren's Call,2022,9.5,Adventure,Casual,True
Walk While My Grandmother Plays The Piano,2022,9.3,Casual,Indie,True
Abbot's Book Demo,2016,8.8,Adventure,Indie,True
be you,2019,8.2,Adventure,Casual,True
Phucker in the Gulag,2019,9.2,Adventure,Casual,True
Sexy Space Airlines,2022,5.2,Casual,N/A,True
Downtown Drift,2019,8.4,Action,Indie,True
Session Seven,2019,8.7,Adventure,Indie,True
THE DEVIL HAUNTS ME,2019,9.2,Adventure,N/A,True
Wild Assault PlayTest,2024,8.9,N/A,N/A,False
Destined to Die,2021,7.6,Casual,Indie,True
Kitten Squad,2017,5.1,Action,Casual,True
Flora,2017,7.4,Adventure,Indie,True
Break Arcade Games Out,2019,9.5,Action,Casual,True
HellCat,2018,8.6,Action,Adventure,True
Idol Party,2024,7.6,Casual,RPG,True
Prodeus Playtest,2020,9.8,N/A,N/A,False
Rumble Arena,2019,6.2,Action,Indie,True
WarLeague,2023,5.0,Casual,Indie,True
Outcast Tales: The First Journey,2024,8.5,Adventure,Indie,True
Snow Plow Playtest,2022,9.9,N/A,N/A,False
The Cooking Game,2016,6.1,Casual,Indie,True
SnOut,2021,9.1,Action,Casual,True
Recycling Center Simulator: Prologue,2024,9.3,Casual,Indie,True
大老爷,2019,3.1,Adventure,Casual,True
Hats and Hand Grenades,2022,8.5,Action,Indie,True
Fields of Battle,2017,6.9,Action,Sports,True
Voice of Chernobyl,2022,7.2,Action,Indie,True
Vixen Wars,2020,6.7,Action,Casual,True
The Tale of Fighting Nymphs,2021,9.0,Action,Indie,True
nothing_matters,2023,8.6,Adventure,Casual,True
Cowpocalypse - Episode 0,2019,8.6,Adventure,Casual,True
Cobalt WASD,2017,8.6,Action,Indie,True
Heroes of Dire,2017,6.8,Adventure,Indie,True
SOF: Enemy from the future,2024,8.8,Indie,Strategy,True
Generation Streets,2020,7.5,Casual,Indie,True
Memory Lost: Chapter One,2022,9.5,Action,Indie,True
A Work of Art,2024,9.6,Adventure,Indie,True
Slash/Jump,2024,10.0,Action,Adventure,True
Zoo Simulator: Prologue,2024,7.1,Adventure,Casual,True
Atlantica Europe,2021,6.6,Action,Adventure,True
Pan Panda,2018,8.3,Action,Casual,True
Prey with Gun 带枪的猎物,2017,8.6,Casual,RPG,True
Abyss of Neptune,2021,6.7,Action,Adventure,True
Astro Lords,2015,6.7,Indie,Massively Multiplayer,True
Clicker Guardians,2024,6.7,Casual,RPG,True
狂神无双,2021,9.2,Action,Massively Multiplayer,True
Time Gap,2018,6.9,Adventure,Casual,True
SlapBR,2021,9.3,Action,N/A,True
Photos,2019,8.8,Casual,Indie,False
Life After Magic,2023,9.8,Casual,Indie,True
Take the Throne,2022,8.0,Action,Indie,True
Kingdom Heroes M,2023,6.7,Massively Multiplayer,RPG,True
Wheelie King Online,2021,8.1,Action,Indie,True
Project Oasis,2020,9.3,Indie,N/A,True
Whimsy,2019,9.4,Adventure,Casual,True
斗罗大陆-王国印记,2021,6.1,Action,Adventure,True
Party Maker Farm Fest,2021,6.5,Adventure,Casual,True
The Jeffy Game,2023,8.4,Adventure,Casual,True
Sewer Rave,2021,9.8,Casual,Indie,True
Gauntlet of IRE,2017,7.3,Action,Casual,True
Multiplayer FPS Demo,2017,5.5,Action,Casual,True
The Pulse of Evil,2023,9.5,Action,Adventure,True
BATTLECREW Space Pirates,2017,5.5,Action,Indie,True
Bone: Out From Boneville,2008,6.8,Adventure,N/A,False
Porradaria 2: Pagode of the Night,2016,5.4,Action,Adventure,False
PNGTuber Plus,2023,8.9,N/A,N/A,True
愚者地牢-UP主的消失,2019,8.5,Adventure,Casual,True
Looking For Cats In a Badly Drawn City,2024,9.7,Casual,Indie,True
Nightmare knock,2022,8.5,Action,Indie,True
Idle Dice 2,2023,7.9,Casual,Simulation,True
Abalyte,2018,6.7,Action,Adventure,True
Electro Ride Prologue,2020,7.1,Action,Casual,True
My Hole is a Mouth of Dirt,2020,9.3,Adventure,Indie,True
Elements: Soul of Fire,2015,4.9,Indie,RPG,False
Lamia Must Die,2015,6.1,Action,Indie,True
bit Dungeon,2016,4.2,Indie,RPG,False
To Be Headed Or Not To Be,2019,6.1,Adventure,Casual,True
Kitty Ball,2022,9.1,Casual,Indie,True
PngTuber Maker,2023,8.9,N/A,N/A,True
Totally Unbalanced,2016,8.4,Action,Adventure,True
Battle Brawlers,2018,5.8,Strategy,N/A,True
Ultimate Tag,2021,7.0,Action,Casual,True
DPS IDLE 2,2024,4.5,Indie,Strategy,True
Stones Keeper: King Aurelius,2022,7.9,Strategy,N/A,True
Dodge It! 2,2022,8.6,Action,Adventure,True
Command & Conquer and The Covert Operations,2024,8.2,Action,Strategy,False
Cosmic Flow: A Relaxing VR Experience,2020,9.6,Indie,N/A,True
BRAINPIPE: A Plunge to Unhumanity,2009,8.6,Casual,Indie,True
Pixel Puzzles Junior Jigsaw,2017,8.8,Adventure,Casual,True
Football Manager Touch 2018,2017,7.1,Simulation,Sports,False
Arms Dealer,2015,4.3,Simulation,Strategy,False
Wander No More,2017,8.5,Casual,Indie,True
Vagrus - The Riven Realms: Demo (Prologue),2020,7.3,Indie,RPG,True
Dissolution,2018,5.4,Action,Adventure,True
Love Alone Death,2023,9.8,Adventure,Indie,True
Drowning Cross,2019,9.2,Adventure,Indie,True
Naev,2017,7.9,Action,Indie,True
Relic Hunters Legend Closed Beta,2023,9.7,N/A,N/A,False
To Hell With It,2021,8.7,Action,Adventure,True
theBlu,2022,7.5,Adventure,Casual,True
ShadowBringer,2022,8.1,Action,N/A,True
SANNABI: The Revenant Playtest,2022,9.9,N/A,N/A,False
Kibbi Keeper,2022,8.5,Adventure,Casual,True
XAOC,2017,7.4,Massively Multiplayer,RPG,False
Shrimp.io,2024,8.8,Action,Casual,True
rooMaze,2017,6.0,Action,Adventure,True
Trash Bomber,2022,9.4,Casual,Indie,True
Shades of Rayna,2021,7.4,Action,Adventure,True
The 111th Soul,2017,7.0,Action,Adventure,True
Dream Three Kingdoms 2,2022,4.0,Massively Multiplayer,RPG,True
Every Letter,2023,9.7,Casual,Indie,True
Larry The Unlucky Part 1,2021,9.4,Adventure,Indie,True
Silent dream,2021,7.9,Action,Adventure,True
그랑 엠파이어,2021,9.3,Indie,Simulation,True
Garden of Oblivion,2018,8.6,Casual,Indie,True
Sparky Marky: Episode 1,2023,6.6,Adventure,Indie,True
Robo Cats,2024,8.5,Casual,Indie,True
Derp Souls,2022,6.9,Action,Adventure,True
CryptoClickers: Crypto Idle Game,2021,6.5,Indie,Simulation,True
Master Arena,2022,6.7,Action,Indie,True
Good Morning World,2020,6.9,Adventure,Indie,True
Moose Lost in the Woods,2023,9.5,Adventure,Casual,True
I Won't Forget Hue,2023,9.1,Adventure,Indie,True
Skater Frog,2020,9.2,Casual,N/A,True
Bouncing DVD : The Game,2019,8.5,Casual,Indie,True
Vacuum Pilot,2022,9.2,Racing,N/A,True
screamdown,2023,4.8,Action,Casual,True
The Lancaster Leak - O'Brien State Park,2023,8.2,Action,Indie,True
Gunsmith Simulator Playtest,2022,9.1,N/A,N/A,False
Nadir: A Grimdark Deck Builder - Prologue,2022,8.2,Action,Indie,True
Late photographer,2021,6.3,Casual,Indie,True
Schwarzerblitz,2020,9.6,Action,N/A,True
KRITIKA: ZERO,2024,5.1,Action,Casual,False
Wild Wet West,2021,6.5,Adventure,Casual,True
Touhou: Fading Illusion,2022,9.3,Adventure,Casual,True
MagiCats Builder (Crazy Dreamz),2018,6.2,Adventure,Indie,False
晨晨力量人 Adventure of Roger,2023,8.7,Action,Indie,True
Poop,2024,6.0,Adventure,Casual,True
13:ORIGIN - Prologue,2021,8.0,Adventure,Indie,True
Time Thief,2022,9.7,Action,Adventure,True
The Nest,2016,6.3,Action,Indie,True
Death Swap: End As One,2023,6.1,Action,N/A,True
Shadow Racer,2022,8.5,Action,Adventure,True
Acid Nimbus,2018,9.2,Action,Indie,True
CalorieMate LIQUID FOR GAME CREATORS,2024,7.7,Action,Adventure,True
Two Brothers,2013,5.7,Action,Adventure,False
Game Master Engine,2021,8.2,Indie,RPG,True
Fluid Lander - フリュードランダー,2019,9.6,Action,N/A,True
Combat Monsters,2015,7.1,Action,Indie,False
Indecent Details - Find the Difference,2022,7.2,Casual,Indie,True
深渊与地下城,2024,8.6,Action,Adventure,True
Abiotic Factor Playtest,2023,9.7,N/A,N/A,False
Perdition,2019,8.9,Action,Adventure,True
GUILTY GEAR -STRIVE- Playtest,2024,8.9,N/A,N/A,False
Cursed 3,2022,9.9,Action,Adventure,True
The Saga of Nino's Transmigration (尼諾的異世界物語 光與影與各自的信仰 ),2019,9.4,Adventure,Indie,True
Cockville 18,2023,7.0,Casual,Simulation,True
Qwilight,2022,8.9,Action,Casual,True
Caelus Trident,2019,3.2,Action,Indie,True
DUCKSIDE Playtest,2024,7.5,N/A,N/A,False
Street Sense,2022,3.3,Simulation,N/A,True
ArmaCulture,2021,9.0,Indie,RPG,True
Skyreach,2016,4.2,Casual,Indie,True
頭痛,2021,7.3,Adventure,Casual,True
Classic Marathon 2,2024,9.2,Action,N/A,True
Phobos,2020,6.7,Action,Adventure,True
UOS Prototype,2020,10.0,N/A,N/A,True
I commissioned some invisible people 0,2024,4.9,Casual,Indie,True
1 Screen Platformer: Prologue,2020,8.6,Action,Adventure,True
天岚行 - Through the Mist and Sky,2018,9.6,Adventure,Indie,True
Blossoms Bloom Brightest,2017,7.0,Adventure,Casual,True
Hitogata Happa,2011,8.0,Action,Indie,False
Jar Wars,2020,7.3,Action,Indie,True
IdleTale,2024,6.5,Indie,RPG,True
The snow Reach,2024,6.5,RPG,Strategy,True
Island Marauder,2019,8.1,Adventure,Indie,True
Creo God Simulator,2019,7.8,Casual,Indie,True
Sefirot Shards,2023,7.0,Indie,Massively Multiplayer,True
Bitardia Cards: Memes of 2ch,2016,7.5,Casual,Strategy,True
INFLUXIS,2020,7.0,Adventure,Indie,True
鶴鄉戀旅,2020,9.8,Adventure,Casual,True
Girls Overboard,2022,6.1,Casual,Indie,True
Chess'Extra,2020,8.8,Casual,Indie,True
Fear the Spotlight,2023,9.8,Action,Adventure,False
They Came From a Communist Planet,2019,8.8,Action,Adventure,True
Gunman And The Witch,2020,7.3,Action,Indie,True
Kowloon's Curse: Lost Report,2023,9.3,Adventure,Indie,True
INVASION!,2016,8.8,Adventure,Casual,True
Ortus Regni,2016,8.3,Indie,Strategy,True
不被忘记的你,2023,9.7,Adventure,Casual,True
rote² (roteSquare),2023,9.5,Casual,Indie,True
Company of Heroes 2 - The Western Front Armies,2014,8.0,Strategy,N/A,False
Ardor,2022,9.5,Indie,Strategy,True
School For The Friendless,2021,7.8,Casual,Simulation,True
Miska's Cave,2021,8.8,Action,Adventure,True
The Ghost Cage,2021,9.7,Adventure,Indie,True
Red Button,2021,8.7,Indie,Strategy,True
Earthlingo,2019,9.5,Casual,N/A,True
Valor Time,2018,4.3,Action,Massively Multiplayer,True
Spaceball,2018,7.8,Action,Indie,True
Gym Manager: Prologue,2024,7.9,Casual,Indie,True
Hamster Combat,2024,7.2,Casual,N/A,True
Bring Me that Shawarma,2024,9.4,Casual,Indie,True
Snow Plowing Simulator - First Snow,2024,5.4,Adventure,Casual,True
Just Ski,2018,8.8,Action,Indie,True
Weyrdlets : Idle Desktop Pets,2024,7.2,Casual,Simulation,True
Witchpunk,2022,8.8,Action,N/A,True
Teravit,2023,2.5,Action,Adventure,True
The Rose and I,2016,8.9,Casual,Indie,True
ExoTanks,2020,6.7,Action,Massively Multiplayer,True
Legionwood 1: Tale of the Two Swords,2016,8.4,Casual,RPG,True
Crystal Call,2021,9.3,Action,N/A,True
Casual Desktop Game,2020,8.5,Action,Casual,True
Meteor Volleyball!,2022,8.6,Action,Casual,True
Negligee: Spring Clean Prelude,2021,8.3,Adventure,Casual,True
Age of Empires IV Content Editor,2022,2.8,N/A,N/A,False
My Horse: Bonded Spirits - Prologue,2024,6.2,Adventure,Casual,True
Masks Of Deception,2022,6.7,Casual,Indie,True
Four Kings One War,2021,5.5,Strategy,N/A,True
"a completely normal dating simulation that is definitely completely sweet, innnocent and normal: SOMETHINGETH ANIVERSARY EDITION",2022,9.1,Indie,Simulation,True
Curvatron,2016,8.2,Casual,Indie,True
Buffet Knight,2021,9.8,Action,Adventure,True
Global Adventures,2017,3.9,Action,Adventure,True
Karisvale,2022,9.4,Adventure,Casual,True
Mannequin,2023,8.4,Adventure,Indie,True
Masterplan Tycoon: Foundations,2024,7.8,Indie,Simulation,True
Estigma Steam Edition,2020,9.2,Action,Casual,True
Horizon Beyond,2019,8.9,Adventure,Indie,True
All Our Asias,2018,8.2,Adventure,Indie,True
The Dream Libra had,2021,9.5,Adventure,Indie,True
Fantasy World Souls,2023,8.7,Indie,Massively Multiplayer,True
BDSM: Big Drunk Satanic Massacre Demo,2020,8.4,Action,Indie,True
Elemental Raiders,2024,7.3,RPG,Strategy,True
The Suits Have Gone Mad!,2023,9.6,Action,Indie,True
What if George Washington was a Girl?,2022,9.4,Casual,Indie,True
Short Life,2018,7.3,Adventure,Indie,True
Nine Realms Prologue,2024,6.5,Action,Indie,True
Gravulse Experimental,2020,7.5,Action,Indie,True
Whateverland: Prologue,2020,8.6,Adventure,Indie,True
Pancake Sailor,2020,8.6,Casual,Racing,True
Guardians of Graxia,2010,3.8,Strategy,N/A,False
Abathor - Atlantis Landing,2023,9.0,Action,Adventure,True
Enamored Risks,2020,8.7,Casual,Indie,True
Rad Rodgers: World One,2016,7.2,Action,Adventure,False
Destiny of Ancient Kingdoms,2016,5.2,Action,Adventure,True
Dot to Dot Puzzles,2018,8.1,Casual,Indie,True
缄默咖啡厅,2022,8.4,Indie,RPG,True
Indie Game Battle,2015,4.0,Action,Indie,False
Ashina: The Red Witch: Prologue,2020,8.8,Adventure,Casual,True
The Walking Dead: No Man's Land,2024,7.6,Action,RPG,True
Dingletopia: Nation Under Siege (by Orcs),2020,9.2,Casual,Indie,True
DEATH FIELD: The Battle Royale of Disaster,2018,3.2,Action,Adventure,False
Lucky Night: Texas Hold'em VR,2017,8.0,Casual,N/A,True
Once Upon an All Hallow's Eve,2017,8.3,Simulation,N/A,True
The Shadow Government Simulator: Prologue,2022,8.6,Indie,Simulation,True
Aliens After Ava,2023,9.9,Action,Indie,True
Path Out,2017,9.2,Adventure,N/A,True
Castle Woodwarf,2019,8.5,Indie,Strategy,True
Monkey GO Happy,2019,9.7,Adventure,Casual,True
Malzbie's Pinball Collection,2017,7.9,Casual,Indie,True
Shrouded in Sanity: Freebirth,2018,8.3,Action,Adventure,True
Ms. Han's After-School Tutoring,2021,4.0,Casual,RPG,True
Star Wars: Imperial Assault - Legends of the Alliance,2017,8.8,Adventure,RPG,True
Navy War: Battleship Games,2022,6.3,Action,Massively Multiplayer,True
Brimstone Brawlers - Early Access,2020,9.1,Action,Casual,True
Steno Arcade,2016,7.8,Casual,Indie,True
Insanity VR: Last Score,2017,8.4,Adventure,Indie,True
海鳥野ガクの精神鑑定録,2024,8.5,Adventure,Indie,True
Bless Global,2023,3.0,Massively Multiplayer,RPG,True
Unreal Physics,2024,7.5,Casual,Indie,True
Hentai Honeys Jigsaw,2020,8.2,Casual,N/A,True
Soccer Clubs,2022,5.0,Casual,RPG,True
Socrates Jones: Pro Philosopher,2023,9.8,Adventure,Indie,True
VFurrika!,2023,9.4,Casual,Indie,True
IL DIVINO: Michelangelo's Sistine Ceiling in VR,2019,9.7,Simulation,N/A,True
X8,2023,8.3,Action,N/A,True
Elemental Heroes,2016,6.0,Indie,Massively Multiplayer,True
Relik,2017,8.0,Indie,Strategy,True
"Double Cheeseburger, Medium Fries",2023,9.7,Casual,Indie,True
Heavy Dreams,2018,3.7,Adventure,Indie,True
Trash Patrol - Academic Version,2022,6.9,Action,Casual,True
UniBall,2017,9.1,Action,Indie,True
Castle: Never Judge a Book by its Cover,2014,6.7,Casual,N/A,False
Atman:Rebel Flame,2024,8.5,Casual,Indie,True
HORSE,2019,5.3,Adventure,Indie,True
DoraKone,2019,9.7,Casual,Indie,True
Old Market Simulator: Prologue,2024,9.1,Simulation,N/A,True
The King's Request: Physiology and Anatomy Revision Game,2018,9.4,Adventure,Casual,True
Retrocycles,2020,9.5,Action,Indie,True
The Book of Distance,2020,9.8,Adventure,Casual,True
Take the Dream IX,2016,7.7,Adventure,Indie,True
Fishards,2021,9.8,Action,Indie,True
Public Bounce,2023,7.2,Adventure,Casual,True
Project Exhibited,2020,8.3,Action,Adventure,True
Once on a windswept night,2017,8.8,Casual,Indie,True
Perspectives: Paradise,2019,9.0,Adventure,Casual,True
Ultimate Sudoku Collection,2018,7.5,Casual,Indie,True
Les aventures de Fierot,2021,9.6,Casual,N/A,True
Grandpa's Cheese,2022,9.4,Action,Indie,True
Ok I Pull Up,2022,8.8,Adventure,Casual,True
Stellar Survivor,2019,6.6,Action,Strategy,True
Death Penalty: Beginning,2017,1.7,Indie,RPG,False
Class Reunion Chat Room,2023,7.9,Casual,Indie,True
Stargazing: Genesis,2022,8.4,Adventure,Indie,True
Light & Shadow,2022,9.3,Adventure,N/A,True
Crash And Run,2021,8.4,Casual,Indie,True
Mobile Astro,2016,7.1,Action,Indie,True
Skeet: VR Target Shooting,2016,7.7,Action,Simulation,True
AL QMRAH RESTAURANT,2024,4.3,Action,Adventure,True
Morendo,2022,8.8,Indie,N/A,True
Истории ужасов: Воскрешение,2022,7.3,Action,Adventure,True
World Warfare,2018,6.2,Indie,Massively Multiplayer,True
Rag Doll Joe,2019,8.1,Casual,Indie,True
EXIT 2,2021,9.2,Action,Adventure,True
Tina & Rook! Cookie Quest!,2022,9.7,Casual,N/A,True
求闻编年史 Gensokyo Recollection,2022,9.8,Adventure,Indie,True
Iron Armada,2024,7.8,Action,Adventure,True
War Builder League,2019,5.9,Action,Indie,True
Shot In The Dark,2015,4.8,Action,Indie,True
索罗灵魂之戒,2022,8.7,Adventure,Casual,True
反现实症候群γ - Counterrealstic Syndrome γ,2019,9.2,Adventure,Indie,True
War of Tanks: Blitzkrieg,2019,5.8,RPG,Strategy,True
Betrayal Beach,2024,7.8,Casual,Indie,True
Oats Studios - Volume 1 Assets,2017,9.4,Action,Adventure,True
Samurai Shampoo Classic,2021,8.9,Action,Casual,True
Krai. Digital-poetry vol. 1,2022,9.0,Adventure,Indie,True
Song of Farca: Prologue,2021,8.9,Adventure,Simulation,True
100 Waiting Cats,2024,9.6,Action,Adventure,True
SEQUENCE STORM,2018,9.6,Action,Indie,True
Microsoft Allegiance,2017,8.6,Action,Simulation,True
Symbiotic,2022,8.5,Action,N/A,True
Sandwalkers - Prologue,2024,8.5,Indie,RPG,True
The tram of wishes,2021,9.2,Indie,N/A,True
Active Neurons - Wonders Of The World,2020,9.6,Casual,Indie,True
One Night at Barneys 3,2023,9.2,Indie,Simulation,True
My Museum Prologue: Treasure Hunter,2022,7.0,Adventure,Casual,True
Arruyo,2022,5.3,Casual,N/A,True
Lightless,2020,8.3,Adventure,Indie,True
Seek Or Die,2018,6.8,Casual,Indie,True
Bounty Below,2021,8.2,Action,Adventure,True
Naval Armada: Fleet Battle,2020,5.6,Action,Casual,True
Madu Maths,2017,8.6,Casual,Indie,True
Outside the Lines,2018,8.2,Action,Casual,True
Dieselpunk Wars Prologue,2020,7.6,Action,Indie,True
Illyriad - Grand Strategy MMO,2017,6.7,Indie,Massively Multiplayer,True
Queen Beast,2022,9.4,Adventure,Casual,True
Greed is Good Playtest,2023,4.8,N/A,N/A,False
Deeply Dark: Found Footage,2023,6.5,Indie,Simulation,True
Alien Arena: Warriors Of Mars,2017,7.9,Action,Indie,True
Degraman: Act I. Vincent,2021,8.5,Casual,Indie,True
Tempo,2021,7.9,Action,Casual,True
Super Raft Boat VR,2021,9.9,Action,Indie,True
Last Message,2021,8.8,Adventure,Casual,True
Yore VR,2016,4.1,Action,Adventure,True
幻想乡之玉,2024,5.5,Casual,Massively Multiplayer,True
Empire Takeover,2022,4.4,Casual,Strategy,True
Lively Chair Simulator,2023,9.3,Action,Indie,True
We're Tethered Together,2023,9.6,Indie,N/A,True
Gromopoli,2021,8.4,Casual,Strategy,True
Astronite - Landing on Neplea,2022,8.6,Action,Adventure,True
Fallstreak,2018,8.3,Adventure,Casual,True
Clip maker,2021,7.9,Indie,Simulation,True
百将群英传,2022,7.4,Action,Adventure,True
a Museum of Dubious Splendors,2018,7.5,Adventure,Casual,True
Dissonance,2022,9.3,Adventure,Casual,True
街机捕鱼嘉年华,2022,8.0,Casual,N/A,True
EzBench Benchmark,2022,6.9,N/A,N/A,True
Duel Revolution,2024,4.1,Adventure,Indie,True
Strip 'Em,2020,8.2,Casual,Indie,True
Fear For Freedom,2017,5.0,Adventure,Casual,True
Mystic Journey: Tri Peaks Solitaire,2017,5.3,Adventure,Casual,True
GOR3,2022,8.6,Action,Indie,True
TEST RE,2022,7.4,Action,Adventure,True
Entropy,2022,9.6,Adventure,Casual,True
Playing Kafka,2024,9.8,Adventure,Indie,True
Doctor Who: The Runaway,2020,8.5,Action,Adventure,True
Tactical Nexus,2019,9.7,Indie,RPG,True
Power Fantasy,2023,8.4,Action,RPG,True
Qbert: Rebooted,2014,6.2,Action,Casual,False
The Grandfather,2016,5.5,Adventure,Indie,True
Clawface,2018,8.8,Action,Indie,True
No One But You,2016,8.1,Adventure,Indie,False
Zero Grounds,2024,6.4,Action,Indie,True
ZM Desktop Elf,2024,8.2,Casual,N/A,True
Space Tail: Lost in the Sands,2022,9.5,Action,Adventure,True
觅光第一章 - Seeking Light : Chapter 1,2023,9.7,Casual,Indie,True
秋色的記憶(體驗版) / Fall...in Love (Demo),2018,9.2,Adventure,N/A,True
Moko's Advice,2019,9.6,Indie,Simulation,True
MatchyGotchy,2018,7.6,Casual,Indie,True
Illusion,2022,9.1,Adventure,Casual,True
Grace of Zordan,2017,5.5,Indie,Strategy,True
Defold,2021,8.7,N/A,N/A,True
Key To Heaven,2021,7.3,Adventure,Casual,True
Worn Thin,2021,7.3,Indie,N/A,True
Scions of Fate,2018,6.5,Massively Multiplayer,RPG,True
Cuit,2017,7.7,Casual,Indie,True
Cracking the Cryptic,2022,9.2,Casual,Indie,True
Scrapvival,2021,5.7,Action,Adventure,True
GundeadliGne,2011,8.4,Action,Indie,False
Top Speed 2: Racing Legends,2019,6.2,Racing,Simulation,True
Handyman Corporation: Prologue,2022,7.5,Casual,Indie,True
Relive,2015,7.2,Adventure,Indie,True
Markus Ritter - The Lost Family,2021,8.4,Adventure,Casual,True
Snail Trek - Chapter 1: Intershellar,2017,9.5,Adventure,Indie,True
Alien Hominid Invasion Playtest,2021,9.9,N/A,N/A,False
Sheaf - Together EP,2019,9.7,Indie,N/A,True
Galactic Glitch: Prologue,2023,9.8,Action,Adventure,True
无畏舰队炮火战争Noah City:Rise of the conqueror,2024,7.1,Massively Multiplayer,Simulation,True
Chocolate Factory: Prologue,2024,7.6,Action,Adventure,True
Riddles of the Owls Kingdom,2018,7.1,Casual,Indie,True
STEAMRUSH,2024,7.1,Action,Adventure,True
This is Timmy Playtest,2021,9.0,N/A,N/A,False
Cat Purrtrol: Find All 100!,2024,5.9,N/A,N/A,True
Conjury Revell,2023,9.3,Action,N/A,True
Nova Blitz,2017,7.2,Action,Indie,True
The Wild Eternal,2017,7.5,Adventure,N/A,True
Star Apprentice: Magical Murder Mystery,2021,9.4,Action,Adventure,True
Turbo Tunnel,2018,8.9,Indie,Racing,True
Gundemonium Recollection,2011,9.1,Action,Indie,False
KRAMPEN,2023,8.8,Adventure,Casual,True
Quiet is the Eyes,2023,9.8,Indie,N/A,True
Stairway,2024,9.6,Indie,N/A,True
Apocalypse: Party's Over,2016,8.6,Action,Indie,False
ANYU,2023,6.6,Adventure,N/A,True
Wizard's Wheel 2,2022,6.8,Adventure,Casual,True
Guiding Light,2020,8.6,Adventure,Casual,True
Kink.inc 18,2023,5.2,Casual,N/A,True
Strange Creatures,2020,7.6,Casual,Indie,True
Animal Trainer Simulator: Prologue,2024,8.2,Casual,Indie,True
Rainbowcore Hypernova,2023,8.1,Action,Indie,True
Echo of Combats,2021,7.8,Indie,Massively Multiplayer,True
Lacuna: Prologue,2021,9.1,Adventure,Indie,True
The Imagined Leviathan: Prologue,2020,7.9,Adventure,Casual,True
Golf Defied,2019,6.8,Casual,Indie,True
Marble Combat,2019,7.9,Action,Casual,True
玉剑倾城,2024,9.7,Adventure,Casual,True
Pawn Planet: First Sales,2024,8.7,Action,Indie,True
The Bond,2018,9.4,N/A,N/A,True
MermaidVR Video Player,2017,6.8,N/A,N/A,True
Your Quest,2015,5.8,Casual,Indie,True
Cubico,2019,8.0,Action,Indie,True
Craft Hero - Prologue,2022,9.5,RPG,Simulation,True
Liber Prologue,2022,7.2,Action,Adventure,True
Farm Empire,2023,5.2,Casual,Indie,True
Annie and the Art Gallery,2022,8.5,Indie,RPG,True
Deceit 2 Playtest,2023,6.0,N/A,N/A,False
Phucker in the Woods,2019,9.4,Casual,Indie,True
Badland Bandits,2015,4.3,Action,Massively Multiplayer,True
The Unfallens: Awakening,2023,7.7,Action,Adventure,True
Shy Cats Hidden Tracks - Paris,2024,9.0,Casual,N/A,True
World Of Mystery,2023,8.7,Action,Adventure,True
Hard Love - Darkest Desire,2019,7.8,Indie,RPG,True
Doomtrooper CCG,2020,7.6,Casual,Massively Multiplayer,True
Counter Agents,2016,9.1,Action,Adventure,True
The FOO Show featuring Will Smith,2016,8.6,Simulation,N/A,True
Fifo's Night,2020,9.1,Adventure,Casual,True
Until None Remain: Battle Royale PC Edition,2018,5.1,Action,Indie,False
8/8/88 Needle AL,2023,8.3,Adventure,Simulation,True
Space Choice: Data Analyzer,2021,9.3,Casual,Indie,True
VELVETIST: Prototype,2020,8.3,Action,Adventure,True
Roller Riot,2020,9.2,Action,Casual,True
Sunset's Ashes,2016,8.9,Casual,Indie,True
VeeR VR:VR Video and Movie Platform,2017,7.7,N/A,N/A,True
Submorse,2021,9.2,Casual,Indie,True
Cycle Idle RPG,2024,7.0,RPG,N/A,True
书之旅人 Story Walker,2022,9.6,Casual,Indie,True
Hoversteppers: Zone 1,2024,8.5,Indie,Racing,True
The Dandelion Girl: Don't You Remember Me?,2019,9.6,Indie,Simulation,True
Faded Grey,2021,7.8,Indie,N/A,True
Time Survivors: Chapter 0,2023,8.2,Action,Casual,True
Evil Mansion,2021,7.5,RPG,Strategy,True
Succubus With Guns,2021,5.2,Action,Adventure,True
VEGAS Movie Studio 14 Steam Edition,2017,6.1,N/A,N/A,False
Slider,2024,9.7,Adventure,Casual,True
Puzzle Plunder,2018,8.6,Casual,N/A,True
Andarin Weppes: Pre-Dementia,2024,9.4,Adventure,Indie,True
Sound Shift,2015,8.4,Action,Casual,True
CARRUMBLE,2019,6.2,Action,Casual,True
Cat Simulator: Meow,2021,6.5,Casual,RPG,True
Pewt 'em Up!,2022,9.8,Action,Indie,True
Toy Tinker Simulator: Prologue,2021,8.3,Casual,Indie,True
Nekoview,2020,9.3,N/A,N/A,True
Pixel Fodder,2015,7.9,Action,Indie,True
PUNCH FIT,2022,8.4,Action,Casual,True
Fantasy Battles,2018,6.5,Indie,Simulation,True
J.A.W.S,2018,4.9,Action,Casual,True
The Palace of Unrest,2023,5.8,Adventure,Simulation,True
Time on Frog Island - Prologue,2021,9.0,Adventure,Indie,True
Tales of Fablecraft,2024,7.9,Adventure,Indie,True
GunGirl 2,2016,9.2,Action,Adventure,True
Hollowed,2017,8.0,Action,Adventure,True
In Your Face TD,2017,9.5,Action,Strategy,True
Distancing,2021,7.9,Casual,Simulation,True
36 apples,2020,9.2,Adventure,Casual,True
City idle,2023,7.5,Simulation,Strategy,True
灵魂筹码:契约,2022,4.5,Action,Indie,True
CUBEMATRIX,2023,8.3,Casual,Indie,True
Your Average Bear,2023,9.5,Action,Indie,True
Godumas,2022,5.3,Action,Adventure,True
Without Romance,2020,7.9,Casual,Indie,True
Blood Orange: Definitive Edition,2023,9.7,Adventure,Casual,True
Hentai Honeys Slider,2020,7.9,N/A,N/A,True
PC Building Simulator Playtest,2021,9.6,N/A,N/A,False
Millidor,2018,6.2,Massively Multiplayer,Strategy,True
Live2D VR Girls,2017,9.2,N/A,N/A,True
Counterpact,2023,9.2,Action,Indie,True
Sumo Revise,2015,5.1,Action,Casual,True
Halo 3 Mod Tools - MCC,2021,9.5,Action,N/A,False
Elephant Rave 2,2023,9.6,Action,Indie,True
Dream Team Basketball,2023,8.8,Indie,Sports,True
飄流幻境M,2024,7.1,Adventure,Casual,True
"Command & Conquer Red Alert, Counterstrike and The Aftermath",2024,8.5,Action,RPG,False
Mobler,2019,8.8,Casual,N/A,True
Way To Yaatra,2020,9.5,Adventure,Casual,True
Build Master: MarsVille,2023,4.0,Massively Multiplayer,Simulation,True
FORGOTTEN: THE GAME,2022,6.7,Indie,N/A,True
Gravity Snake,2021,9.5,Casual,N/A,True
Kaf village,2024,6.5,Action,Indie,True
Undress Tournament,2019,4.7,Adventure,Casual,True
Kore,2021,8.0,Adventure,Indie,True
Lumber King,2017,3.8,N/A,N/A,True
HITMAN 3 Playtest,2024,9.2,N/A,N/A,False
Ready Action,2022,6.3,Action,Adventure,True
Ghoul Kid,2016,7.5,Casual,Indie,True
FAREWELL SEN,2022,9.4,Adventure,Indie,True
Dinosaur Hunting Patrol 3D Multiplayer Online,2019,8.6,Action,Adventure,True
Gamma Bros,2018,9.1,Action,Indie,True
Tower Keepers,2018,5.5,RPG,N/A,True
TinShift,2021,7.3,Action,Indie,True
Creatures Docking Station,2021,9.6,Casual,Simulation,True
Abyss The Forgotten Past: Prologue,2020,6.2,Action,Adventure,True
Skeleton Hell,2024,8.8,Adventure,Indie,True
Shiner,2023,9.1,Adventure,RPG,True
天空之森,2024,9.4,Casual,Massively Multiplayer,True
The Plane Effect Prologue,2021,8.8,Adventure,Casual,True
Brutal Alice -The Hundred Day's War,2018,8.8,Adventure,RPG,True
"Impulse, From Here!",2021,8.6,Action,Indie,True
Beyond Hanwell Teaser: The Royal Hallamshire,2023,8.9,Action,Adventure,True
Mushroom Heroes,2018,8.5,Action,Adventure,True
P3TT,2021,6.5,Action,Indie,True
Kismet,2016,9.0,Casual,Indie,True
Hot Squat,2016,9.1,Indie,Simulation,True
Stillwater,2022,9.4,Adventure,Casual,True
Ley Lines,2016,8.2,Action,Adventure,True
GPRO - Classic racing manager,2023,7.8,Indie,Massively Multiplayer,True
Defense Clicker,2017,7.4,Casual,Strategy,True
Zombie Survival online,2021,8.4,Casual,Indie,True
NOX TIMORE REMAKE,2022,7.8,Casual,Indie,True
Fur the Game,2019,9.0,Adventure,Casual,True
KEEK,2022,9.8,Action,Indie,True
Watch,2024,6.6,Indie,N/A,True
Please Love My Computer Game,2018,7.4,Adventure,Indie,True
Rescue Dash - Management Puzzle,2023,7.3,Adventure,Casual,True
Axiom,2023,7.4,Action,Indie,True
Total War: Elysium Playtest,2020,8.3,N/A,N/A,False
Deadwater Saloon Prologue,2022,7.9,Simulation,N/A,True
DMVR,2023,9.4,Racing,Simulation,True
Mean Beans,2023,7.9,Action,Indie,True
Robin Hood - Sherwood Builders Playtest,2023,9.3,N/A,N/A,False
Hibernation Day,2023,9.5,Adventure,Indie,True
Hyperhell,2023,9.8,Action,Adventure,True
Freedom Defender,2017,6.6,Casual,Indie,True
Veritex,2018,3.7,Action,Adventure,True
SQUAKE,2017,6.5,Action,Casual,False
Space Expedition,2023,9.4,Action,Adventure,True
Stones of Solace,2019,9.4,Indie,N/A,True
Towaga: Among Shadows,2020,9.1,Action,Indie,True
Tyrania - A Kinetic Visual Novel,2020,7.8,Indie,N/A,True
"Warhammer 40,000: Rogue Trader Playtest",2023,9.5,N/A,N/A,False
Catch Me If You Can,2022,9.3,Action,Casual,True
Clandestinity of Elsie,2015,7.8,Action,Indie,True
Moonstuck,2022,8.9,Action,Casual,True
Imitosis,2024,9.9,Adventure,Casual,True
Zombie Island,2020,6.5,Action,Adventure,True
LUCKCATCHERS2,2024,4.8,Indie,Massively Multiplayer,True
Lichtspeer,2016,7.2,Action,Adventure,False
ESPIONAGE: Mafia Evolved,2022,7.9,Action,Casual,True
Dank Subs,2022,8.4,Indie,N/A,True
Elementcore Revelations: Journey Prologue,2023,7.0,Adventure,Casual,True
The Dawn of Art,2020,9.5,Adventure,Indie,True
Rebornia,2020,7.9,Adventure,Indie,True
The Indifferent Wonder of an Edible Place,2020,8.4,Adventure,Casual,True
everybody's sad,2019,8.7,Indie,N/A,True
烈焰对决-经典归来,2024,8.3,Action,Adventure,True
Tree of Life 2 Playtest,2022,8.9,N/A,N/A,False
Dreams of Dali,2018,8.7,Casual,Simulation,True
副作用之瞳-Tlicolity Eyes,2021,6.6,Adventure,Casual,True
Kovox Pitch,2022,8.9,Action,Indie,True
Starfield: Creation Kit,2024,7.4,N/A,N/A,True
Jagged Alliance Online: Reloaded,2015,5.4,Indie,RPG,False
Fantasmagorie,2024,8.2,Adventure,N/A,True
RUKIMIN's Disappointing Adventure! SHOBOMI AND THE PHANTOM RUINS,2022,9.5,Action,Casual,True
Runeverse,2022,8.2,Casual,Massively Multiplayer,True
Club Soccer Director 2021,2020,5.9,Sports,N/A,True
Fractal Fury,2021,7.2,Action,Indie,True
Ellisar,2022,7.6,Adventure,Casual,True
Colosse,2016,8.3,Adventure,N/A,True
256,2023,8.2,Adventure,Indie,True
Go! Go! Hamster Chef!,2024,9.7,Adventure,Simulation,True
AC Sailing,2024,6.8,Racing,Simulation,True
Genesis - 创世争霸,2019,5.5,Action,Casual,False
Longsword - Tabletop Tactics,2017,5.5,Indie,Strategy,True
White Middle Class Guy Simulator,2023,8.3,Casual,Indie,True
MineFight,2017,3.3,Action,Indie,True
Trolley Delayma,2023,9.9,Indie,N/A,True
Best in the West,2023,6.4,Action,Casual,True
Ultimechs,2022,8.7,Sports,N/A,True
pemsa,2022,9.2,Action,Adventure,True
Inheritance: Ladeina's Path,2022,6.7,Action,Adventure,True
Calturin and Clone,2020,7.6,Indie,N/A,True
Nomori: Prologue,2022,9.6,Adventure,Indie,True
Typing Incremental,2021,7.8,Indie,N/A,True
Dungeonborne Playtest,2024,5.2,N/A,N/A,False
Technicity: Prologue,2022,8.6,Action,Indie,True
修仙神诀,2024,7.1,Casual,RPG,True
Wolf's Gang,2020,9.3,RPG,N/A,True
Joyspring,2021,8.2,Adventure,Casual,True
Blackout Hospital,2023,9.7,Adventure,Indie,True
Virtual Pool 4 Multiplayer,2016,6.4,Sports,N/A,True
KILLFISH,2023,8.0,Action,Indie,True
Alice in Stardom - A Free Idol Visual Novel,2019,8.5,Casual,Indie,True
Idle TD: Heroes vs Zombies,2022,7.5,Casual,Indie,True
69 Balls,2023,9.2,Action,Casual,True
Legacy of Epstein: Bad Omen,2023,9.2,Adventure,Indie,True
Retro Machina: Nucleonics,2021,9.0,Action,Adventure,True
Blast the Past,2018,8.6,Action,Casual,True
Clown Thug Cop Zombies,2019,7.5,Action,Indie,True
Nomads of Driftland,2020,7.4,Indie,Simulation,True
Legacy of Defense - Prologue,2024,9.3,Casual,Indie,True
Funky Panic Attack,2024,9.5,Action,Adventure,True
Occult Crime Police,2021,9.2,Adventure,Casual,True
The Archipelago Promise,2023,4.1,Adventure,N/A,True
2.0.3 MEH,2024,5.3,Indie,Massively Multiplayer,True
Twisted Worlds,2016,5.4,Adventure,Casual,True
Shotgun Shenanigans,2023,8.4,Sports,N/A,True
Azusa RP Online,2019,5.7,Indie,Massively Multiplayer,True
TRATEL64,2017,7.5,Adventure,Indie,True
Plastic Playground,2016,3.2,Action,N/A,True
Shrimp,2024,5.9,Casual,Indie,True
Soulbind: Prologue,2024,9.4,Action,Indie,True
TET,2023,9.7,Casual,Indie,True
Westwood Shadows: Prologue,2021,8.6,Action,Adventure,True
NationWar:Annals,2021,6.6,Indie,Strategy,True
Idle Expanse,2020,5.6,Casual,Indie,True
William and Sly: Classic Collection,2023,9.7,Adventure,Casual,True
Covid Tale: Ignorance,2020,8.8,Adventure,Casual,True
UTOPIA 9 - A Volatile Vacation,2016,8.3,Action,Indie,False
Found,2016,8.9,Adventure,Casual,True
Almost My Floor: Prologue,2020,9.0,Adventure,Indie,True
Covert Syndrome,2017,6.8,Action,Casual,True
The Dark Pictures Anthology: The Devil In Me - Friend's Pass,2023,3.1,Adventure,N/A,False
DRAGON BALL PROJECT: Multi Playtest,2024,8.5,N/A,N/A,False
Dinosaur Park Primeval Zoo,2022,6.9,Casual,Simulation,True
Everyone Dies,2020,7.7,Action,Adventure,True
VRCapture,2016,3.6,N/A,N/A,True
ZACH-LIKE,2019,9.7,Indie,N/A,True
Alpacalypse,2023,9.3,Adventure,Casual,True
Chilli Con Valley,2022,9.1,Adventure,Indie,True
Click Click Dig: Prologue,2024,8.0,Casual,Simulation,True
Son Korsan,2017,4.2,Action,Massively Multiplayer,True
Elements II: Hearts of Light,2016,5.7,Indie,RPG,False
Harem Girl: Nikki,2020,6.8,Adventure,Casual,True
GashiShachiNoSachi,2021,9.6,Adventure,N/A,True
Shine Within,2021,9.1,Action,Adventure,True
Steel Salvo,2021,9.7,Action,Indie,True
Haha Doodle,2022,9.2,Casual,Indie,True
三国很忙-0.1版,2024,8.2,Casual,Massively Multiplayer,True
A Game Called Paako,2024,8.0,Adventure,Indie,True
Psycho Bathroom,2022,9.6,Action,Indie,True
Space Quest: 2099,2022,9.2,Action,Adventure,True
Idle Medieval Tavern,2023,5.4,Adventure,Casual,True
Taimanin Asagi 1: Trial,2019,8.0,Adventure,N/A,True
全球戒备,2024,7.3,Massively Multiplayer,Strategy,True
Gods of Savvarah Part I,2023,9.8,Adventure,Indie,True
Who Is The Red Queen?,2022,9.6,Casual,N/A,True
Daedalus - No Escape,2014,8.2,Action,Indie,True
Virtual Aquarium - Overlay Desktop Game,2022,7.8,Casual,Simulation,True
奇天烈相談ダイヤル,2024,9.1,Adventure,Indie,True
Figment 2: Creed Valley - Prologue,2021,8.9,Action,Adventure,True
Zom Nom,2020,9.4,Casual,N/A,True
The Marvellous Machine,2019,8.4,N/A,N/A,True
HitBox,2017,6.0,Action,Indie,True
Letter Lancers: Prologue,2024,10.0,Action,Indie,True
Athenian Rhapsody: Thunder Goober's Personality Dungeon,2023,9.3,Adventure,Indie,True
Diamonds,2019,7.1,Action,N/A,True
CantEscapeTheBackrooms,2023,6.3,Action,Adventure,True
Blood Metal,2024,5.3,Action,Adventure,True
Onii-Chan,2018,5.6,N/A,N/A,False
Downtown Mafia: Gang Wars,2018,6.7,Casual,Indie,True
Void Pyramid,2016,9.6,RPG,N/A,True
Lightseekers,2019,7.3,Strategy,N/A,True
Museum Mystery: Deckbuilding Card Game,2024,8.5,Adventure,Indie,True
Don't Forget,2024,9.6,Casual,Indie,True
Oppaidius Tropical Cruise!,2020,9.1,Adventure,Casual,True
Spirits of Baciu - Prologue,2022,8.7,Adventure,Indie,True
Fare Thee Well,2018,9.3,N/A,N/A,True
OyasumiVR - VR Sleeping Utilities,2023,9.6,N/A,N/A,True
Stranded Sails - Prologue,2021,8.2,Action,Adventure,True
Twin Stones: The Journey of Bukka,2021,9.0,Action,Adventure,True
Art Plunge,2019,9.6,Casual,Indie,True
Dream Golf VR,2017,7.4,Casual,Indie,True
SCORCH,2021,8.6,Action,N/A,True
Scp: Resonance,2019,6.9,Adventure,Indie,True
Military Tanks,2023,6.6,Action,Adventure,True
Crypt- The Black Tower,2018,7.5,Action,Adventure,True
SISYPHUS,2021,9.4,Action,Indie,True
Nyanco Project,2019,8.2,Action,Adventure,True
Toaster Arena Playtest,2023,9.7,N/A,N/A,False
Beer Factory Playtest,2024,8.0,N/A,N/A,False
英雄道國際服,2021,6.5,Adventure,Massively Multiplayer,True
Alder's Blood: Prologue,2020,7.7,Adventure,Indie,True
Astonia Reborn,2018,6.5,Action,Adventure,False
Decently Bad Tower Defense,2020,7.6,Casual,Indie,True
Action: Source,2019,7.6,Action,N/A,True
Creature Card Idle,2019,7.3,Casual,Indie,True
Aimlabs VR,2021,5.1,Action,Adventure,True
Croppy Boy,2020,6.4,Indie,Simulation,True
Albert Innovation,2022,9.1,Action,Adventure,True
Deserving Life,2017,8.4,N/A,N/A,True
Black Screen,2024,8.5,Action,Adventure,True
Dust and Aliens,2023,8.8,Action,Indie,True
Survival: Fountain of Youth Playtest,2022,9.4,N/A,N/A,False
ALTER EGO,2023,9.4,Action,Adventure,True
Ruza,2022,9.6,RPG,N/A,True
Eternal Cave Escape,2021,8.4,Indie,N/A,True
Tank Battle,2020,7.4,Action,Indie,True
Robot Daycare,2021,8.8,Casual,Indie,True
Cthulhu: Death Escape / 克苏鲁:死亡逃脱 Prototype,2022,7.3,Action,Adventure,True
Tornado!,2019,8.3,Adventure,Casual,True
FinalFire,2018,5.4,Massively Multiplayer,Racing,True
Doors Quest Demo,2018,8.7,Indie,N/A,True
Elewar: Fused Survivors,2024,9.3,Action,Indie,True
Pogo Rogue,2024,9.4,Action,Adventure,True
Mage Noir - Infinity,2022,7.3,Strategy,N/A,True
The Adventures of Nick & Willikins,2018,9.1,Adventure,Casual,True
Road Dogs,2017,5.0,Action,Adventure,True
Riff XR,2023,6.8,Indie,Massively Multiplayer,True
Lapso: NIMBO,2020,9.0,Adventure,N/A,True
Football Club Management 2023,2022,5.3,Indie,Simulation,True
About Elise,2017,7.8,Adventure,Casual,True
Amigdala,2016,7.0,Action,Adventure,True
WWR: Warfare Robots,2021,4.6,Action,Casual,True
Ghosts'n DJs,2020,9.0,Action,Indie,True
Snooker-online multiplayer snooker game!,2016,4.1,Casual,Indie,True
Walkover,2015,6.2,Action,Indie,True
Ubaste,2022,9.5,Casual,Indie,True
WhiteClothes,2023,9.3,Indie,RPG,True
Meat Saw,2022,6.3,Action,Indie,True
Kokurase Episode 1,2016,9.0,Adventure,Indie,True
VTuber Connect,2022,9.6,Casual,Indie,True
13iew,2023,6.4,Adventure,Indie,True
MSI Electric City,2016,7.4,Adventure,Casual,True
Banana Monkeys,2024,5.9,Adventure,Casual,True
Woof Blaster,2015,8.2,Action,Indie,True
Paws Trail,2024,7.5,Adventure,N/A,True
Winning Love by Daylight Ep 1 Demo,2021,8.9,RPG,Simulation,True
Open Brush,2021,9.6,Casual,N/A,True
Rogue Operatives Hide and Seek,2016,7.2,Action,Casual,True
Doodle God: Mighty Trio,2018,6.6,Casual,Indie,True
CasinoLife Poker - 1 Free Texas Holdem 3D,2020,6.0,Casual,Massively Multiplayer,True
Dungeon Of Zaar - Open Beta,2018,6.9,Indie,Strategy,True
Temporality,2018,8.7,Indie,N/A,True
Zombie Killing Simulator,2023,6.6,Action,Casual,True
Ping Pong League,2017,5.9,Sports,N/A,True
Coin,2024,5.5,Simulation,N/A,True
Echocalypse: The Scarlet Covenant,2024,4.8,Adventure,RPG,True
Land Above Sea Below Prologue,2023,8.4,Adventure,Casual,True
Cold Space,2017,7.4,Action,Indie,True
Free Will,2024,9.7,Indie,RPG,True
Hexagon Knockout,2021,8.8,Action,Casual,True
Show It 2 Me,2017,9.7,Casual,Indie,True
Loneliness,2021,8.9,Adventure,Casual,True
Viveport Video,2017,5.3,N/A,N/A,True
Astonia Remastered,2020,8.3,Massively Multiplayer,RPG,True
Artistic Girl 1,2022,6.4,Casual,Indie,True
Last Resort,2021,5.8,Action,N/A,True
ABEL,2023,8.6,Adventure,Indie,True
Steam 360 Video Player,2017,5.5,N/A,N/A,True
Picma - Picture Enigmas,2023,7.4,Casual,Indie,True
Godsbane,2022,8.1,Casual,Indie,True
SECTOR,2015,2.3,Action,Indie,True
Netsoccer,2019,7.5,Sports,N/A,True
A tractor,2018,7.3,Casual,Indie,True
Infinite Children,2019,6.5,Indie,N/A,True
For Mother Matron,2022,9.1,Adventure,Indie,True
In Passing,2019,7.9,Action,Adventure,True
Project R4T,2022,9.3,Casual,Indie,True
Buccaneers! The New Age of Piracy,2022,8.0,Action,Adventure,True
Cartoon Network Journeys VR,2019,9.3,Action,Adventure,True
Lawyer Guy: Defender of Justice,2020,7.8,Action,Indie,True
Bankrupt Heroines 2,2021,8.6,Action,Adventure,True
Peasants War,2020,7.0,Action,Indie,True
超级捕鱼,2022,6.7,Casual,RPG,True
Interactive Horror Stories,2019,6.7,Adventure,Indie,True
LAVALAMP,2023,9.3,Adventure,Casual,True
Mech Mechanic Simulator: Prologue,2021,7.7,Casual,Indie,True
Scamp: High Hat Havoc,2018,6.7,Adventure,N/A,True
Hidden Corgi Mansion,2024,9.6,Casual,N/A,True
冰火启示录,2023,5.5,Action,Indie,True
Food Fighter Clicker Games,2023,7.9,Simulation,N/A,True
Big Fish Legend,2015,7.9,Adventure,Casual,True
In Game Adventure: Legend of Monsters,2017,7.7,Action,Casual,True
Owlone in the Woods,2022,9.5,Action,Adventure,True
Mist of the Dark,2018,4.5,Action,Indie,True
Leons Identität,2020,6.8,Adventure,N/A,True
Bitweb,2015,4.0,Casual,N/A,True
Cart To The End,2024,7.5,Action,Casual,True
War Identity,2020,5.4,Action,Indie,True
Ceramic Soul,2022,6.5,Adventure,N/A,True
Attractio,2016,4.0,Action,N/A,False
S.U.M. - Slay Uncool Monsters,2021,9.5,Casual,Indie,True
League of Pixels - 2D MOBA,2019,8.5,Action,Casual,True
PROTOTYPE原型,2023,8.4,Indie,N/A,True
Level Zero: Extraction - Closed Beta,2024,5.6,N/A,N/A,False
Sneak Out Playtest,2024,8.7,N/A,N/A,False
VersaillesVR the Palace is yours,2019,7.5,Simulation,N/A,True
Weird and Unfortunate Things Are Happening,2023,9.9,Indie,RPG,True
Le Dernier Don,2024,8.1,Action,Adventure,True
TSUKUMOHIME,2018,7.1,Casual,N/A,False
Flower Fight,2024,6.6,Indie,Strategy,True
Mystery Society 2: Hidden Puzzles,2024,6.2,Adventure,Casual,True
Beyond the Void,2018,5.8,Indie,Strategy,True
Bucket Brawl: Ahlman Edition,2023,8.2,Casual,Indie,True
Woodways,2018,9.5,Casual,Indie,True
SAGA,2015,6.1,Indie,Massively Multiplayer,True
Clicker Warriors,2019,4.4,Action,Adventure,True
Twilight Town,2017,6.2,Adventure,Casual,True
Out of Hand,2023,7.1,Action,Indie,True
Luke Sidewalker,2016,5.8,Action,Adventure,True
Phil Alone,2022,8.5,Adventure,Indie,True
Harvest Island: Beginnings,2020,7.9,Adventure,Casual,True
Contraband Police Playtest,2024,9.2,N/A,N/A,False
Alien Horizon (Preview Alpha),2024,9.0,Simulation,Strategy,True
Octopus Bar,2017,9.0,Action,Adventure,True
Fight or Flight,2020,7.0,Action,Indie,True
Knight Overloaded,2023,8.6,Action,Adventure,True
Destiny's Divide,2023,6.3,Strategy,N/A,True
Low Light Combat,2021,7.3,Action,Indie,True
Offroad Mechanic Simulator: Prologue - First Job,2023,6.7,Racing,Simulation,True
"The Day We Met was a Regular Day in the Infinitely Looping Highschool, is That Normal?",2022,9.7,Casual,N/A,True
Animal Rescuer: Prologue,2020,7.0,Action,Adventure,True
Big Klondike - Classic Solitaire,2021,9.3,Casual,N/A,True
Broll,2020,7.6,Action,Adventure,True
Dungeon Mage,2023,8.8,Action,Adventure,True
Perseverance: Part 1,2018,8.9,Adventure,Indie,True
Wyoming Winter,2022,6.5,Action,Casual,True
Lands Of Peace: Legends - Chapter 1,2021,3.7,Adventure,Indie,True
Arcadia,2019,7.5,Indie,N/A,True
Idle Cooking Emperor,2019,5.5,Simulation,Strategy,True
Ducks,2024,5.4,Simulation,N/A,True
Coin Treasures,2021,8.0,Casual,N/A,True
D3L3T3.exe - Aplicativo do Mal a origem,2021,7.3,Adventure,Indie,True
EVIL POSSESSION,2017,5.7,Action,Adventure,True
The Pilgrim,2019,9.6,N/A,N/A,True
DreamDasher,2020,8.8,Action,Adventure,True
An Aspie Life,2018,7.3,Adventure,Casual,True
Crash Force,2017,7.3,Action,Indie,True
The Witch's Garden,2022,4.7,Casual,Simulation,True
myFloppy Online!,2021,7.2,Casual,Massively Multiplayer,True
Costume Party,2021,4.6,Simulation,N/A,True
Click to 13,2024,8.6,Casual,N/A,True
HoCWar,2016,5.6,Strategy,N/A,True
Party Quiz,2023,9.2,Casual,Indie,True
星际工业国崛起,2023,9.0,Casual,Indie,True
Scuffy Game,2022,7.5,Action,Casual,True
Graveyard Girls,2022,9.9,Simulation,N/A,True
Epic Card Game,2020,7.6,Strategy,N/A,True
Gunspell 2 Match 3 Puzzle RPG,2020,5.5,Adventure,Casual,True
Good Doggo,2018,7.9,Action,Casual,True
Dragonflight,2017,5.1,Action,Indie,True
Daikaiju Daikessen: Versus,2020,6.4,Action,Indie,True
Evolution VR,2017,7.9,Action,Casual,True
TUNNEL DIVERS,2018,8.7,Action,Indie,True
Immersion Chess,2017,6.5,Casual,Sports,True
ENDLESS Dungeon Closed Beta,2023,9.4,N/A,N/A,False
Stargunner,2014,8.2,Action,N/A,True
Moen,2024,7.8,Indie,Massively Multiplayer,True
SLAYERS FOR HIRE,2020,9.1,Action,Indie,True
Trendpoker 3D: Free Online Poker,2020,7.2,Casual,Indie,True
Short Circuit VR,2018,8.2,Indie,Simulation,True
Shop Legends,2024,4.3,Adventure,Casual,True
古战三国 Ancient War: Three Kingdoms,2019,6.2,Indie,RPG,True
Antbassador,2023,8.3,Adventure,Casual,True
"20,000 Miles Under the Sea",2020,3.9,Indie,Simulation,True
Space Gladiators: The Hole,2020,8.7,Action,Indie,True
Larry The Unlucky Part 2,2021,9.1,Adventure,Indie,True
Royale Island Showdown,2021,8.4,Action,Indie,True
Origin Of Destiny: Crimson Awakening,2016,7.3,Adventure,Indie,True
GetMeBro!,2020,8.1,Action,Indie,True
Neptunian Donut,2017,8.7,Indie,N/A,True
Malcatras' Maiden,2024,9.7,Adventure,Casual,True
Spiders Everywhere,2022,7.8,Action,Casual,True
The Mine,2018,7.4,Indie,N/A,True
Rent A Car Simulator 24: Prologue,2024,7.4,Casual,Racing,True
Ruiga Pirates: Cursed Seas,2024,7.1,Action,Adventure,True
Sid Classic,2021,8.0,Adventure,Casual,True
NYKRA: Before,2021,6.0,Adventure,Indie,True
Those Who Crawl,2022,7.2,Adventure,Indie,True
Nemesis Perspective,2016,9.0,Action,Indie,True
Bloodthief Playtest,2023,9.7,N/A,N/A,False
Unlock the Feelings,2022,9.1,Casual,Strategy,True
Meet My Teacher,2024,6.1,Casual,Indie,True
Tribe: Primitive Builder Playtest,2023,9.5,N/A,N/A,False
The Waters Above: Prelude,2018,9.1,Casual,N/A,True
Monster Jam Battlegrounds,2015,4.7,Action,Racing,False
Space of Darkness,2018,4.8,Action,Adventure,True
Buzz Aldrin: Cycling Pathways to Mars,2017,9.1,N/A,N/A,True
Find & Destroy: Tank Strategy,2018,6.2,Indie,Massively Multiplayer,True
Polygod,2018,8.7,Action,Indie,False
Runeous: Part One,2016,7.7,Casual,Indie,True
Dragon Lords: 3D Strategy,2017,7.3,Massively Multiplayer,Strategy,True
Beneath The Cherry Trees,2016,6.6,Adventure,Casual,True
The Riese Project - Prologue,2023,8.1,Action,Adventure,True
King of the World,2018,8.2,Indie,Strategy,True
Men Bang,2020,6.1,Casual,N/A,True
Head 2 Head,2021,8.0,Action,Indie,True
By Moonlight,2019,9.0,Casual,Indie,True
HipWitch,2022,9.4,Adventure,Casual,True
Evaverse,2021,7.5,Casual,Indie,True
President Erect VR,2016,8.0,Casual,Indie,True
Merge Adventure: Magic Dragons,2023,7.7,Casual,Indie,True
Kika & Daigo: A Curious Tale,2020,6.4,Action,Adventure,True
三千零一页 3001 Pages : a fairy tale for 33,2023,9.2,Adventure,Casual,True
PHAGEBORN: Online Card Game,2020,7.5,Action,Adventure,True
None Shall Intrude: Descent,2024,8.7,Indie,Strategy,True
琳琳,2022,9.8,Indie,RPG,True
All Dream Long A Flower Storm,2021,9.8,Adventure,Indie,True
Loop,2020,7.8,Adventure,Casual,True
this was for you,2019,8.7,Indie,N/A,True
MEGAJUMP,2020,7.8,Adventure,Casual,True
Balance 97.261/100,2023,9.2,Casual,Indie,True
Solarium,2017,6.9,Adventure,Simulation,True
Hideout: Face your fears,2021,6.7,Adventure,N/A,True
Potion Commotion,2020,8.3,Adventure,Casual,True
Wheels of Duty,2022,8.3,Action,N/A,True
CAGE,2016,8.7,Action,Casual,True
MiniDrivers,2015,5.6,Indie,Racing,False
The Druid,2023,8.7,Action,Adventure,True
Swordcery: Prologue,2021,8.3,Action,RPG,True
Home Designer Makeover Blast,2023,6.6,Casual,Simulation,True
Tangles,2024,9.4,Action,Adventure,True
HOT FIT!,2018,7.9,Adventure,N/A,True
LOVEY DOVEY,2023,9.0,Action,Adventure,True
白昼梦 心象病院,2024,8.6,Adventure,Indie,True
Ho-Ho-Home Invasion,2020,9.3,Action,Indie,True
幻现的花海 - Sea of Phantom Flowers,2024,9.8,Adventure,Indie,True
Tank Operations: European Campaign,2013,3.1,Indie,Strategy,False
WKSP Rumble,2020,8.4,Action,Casual,True
Banter,2023,8.2,Adventure,Casual,True
New Age,2019,6.5,RPG,Strategy,True
Epic Cards Battle 2 (TCG),2018,5.9,Adventure,Casual,True
Is this Game Trying to Kill Me? Preface,2024,10.0,Adventure,Indie,True
Superfuse Playtest,2023,6.9,N/A,N/A,False
Child of Lothian,2022,7.5,Adventure,Casual,True
Project Castaway Playtest,2024,8.4,N/A,N/A,False
Plot of the Druid: Nightwatch,2021,9.2,Adventure,Indie,True
Ope,2019,7.7,Action,Adventure,True
_keyboardkommander,2022,9.0,Action,Indie,True
Kari,2020,7.8,Adventure,Indie,True
PEP,2022,6.8,Action,Casual,True
The Space in Between,2021,8.0,Adventure,Casual,True
Drifting with Maxwell Cat: The Game,2023,6.2,Action,Casual,False
Equinox,2021,8.6,Adventure,Indie,True
The Picture in The House,2020,5.3,Adventure,Indie,True
Dragon Spirits : Prologue,2020,9.9,Adventure,Indie,True
Dark Throne : The Queen Rises,2022,6.4,Action,RPG,True
DOLL EYE: CHAPTER ONE,2024,9.4,Indie,RPG,True
Classified Stories: Color Out of Space,2022,6.9,Action,Adventure,True
Dungeons Forever,2018,8.2,Action,Indie,True
PaintballX,2022,6.6,Action,Casual,True
Idle Campaign,2022,5.6,Adventure,Casual,True
College Craze,2022,9.1,Casual,Indie,True
The Circus,2022,6.6,Indie,RPG,True
In the Pause Between the Ringing,2019,8.2,Adventure,Casual,True
Clay Game,2020,8.7,Adventure,Casual,True
iTop Screen Recorder for Steam,2021,5.6,N/A,N/A,True
Lockheart Indigo,2020,9.9,Adventure,Indie,True
Ultimate Fishing Simulator 2 Playtest,2022,8.9,N/A,N/A,False
A Wonder,2017,5.1,Adventure,Casual,True
Idle Monkeylogy,2021,5.6,Casual,Simulation,True
best game eu,2018,8.2,Casual,N/A,True
Attic Panic,2023,8.1,Action,Casual,True
Coral Cove,2023,9.6,Casual,Indie,True
FREE GIRLS!,2024,7.4,Casual,Indie,True
Bombagun,2022,7.5,Casual,N/A,True
Towards The Pantheon: Escaping Eternity,2017,9.1,Adventure,Casual,True
航海霸業 Maritime hegemony,2022,7.4,Adventure,Massively Multiplayer,True
2ECONDS TO STΔRLIVHT: My Heart's Reflection,2021,8.5,Casual,Indie,True
SquadBlast,2023,7.4,Action,Massively Multiplayer,True
Coloring Book for Kids,2021,8.9,Casual,Indie,True
FIT Food,2020,7.5,Casual,N/A,True
DinoTribe:New Era,2024,8.3,Casual,Simulation,True
EX-XDRiVER,2024,7.2,Indie,Racing,True
3 Blind Mice: A Remediation Game for Improper Children,2019,7.6,Indie,Simulation,True
Franzen,2023,9.8,RPG,N/A,True
My Loving Wife,2022,7.8,Casual,Simulation,True
Golf Party,2021,6.2,Casual,Indie,True
HEAT REBORN 火線特戰隊 Playtest,2021,8.5,N/A,N/A,False
Monster Castle,2019,6.3,Casual,Simulation,True
Keepers of the Trees,2020,5.4,Action,Adventure,True
The Secret of Pineview Forest,2016,5.7,Action,Adventure,True
Just War Trains,2024,9.2,Action,Casual,True
Mortal Online 2 Playtest,2021,7.0,N/A,N/A,False
World of Soccer RELOADED,2020,7.0,Indie,Massively Multiplayer,True
Tentlan,2018,4.8,Strategy,N/A,True
Turbo Golf Racing Playtest,2022,9.8,N/A,N/A,False
Wayward Harbor,2022,8.4,Action,Adventure,True
Super Club Soccer,2023,6.6,Massively Multiplayer,Sports,True
Find someone else,2018,9.2,Adventure,Indie,True
Cubiscape 2,2020,8.9,Casual,Strategy,True
DIGITAL EXORCIST case_(0),2023,9.5,Adventure,Indie,True
阿津,2019,9.1,Adventure,RPG,True
Clash of Legions,2021,5.2,Casual,RPG,True
Bloody Painter Dating Sim,2024,9.8,Indie,RPG,True
none,2015,6.9,Adventure,Indie,False
Demon Turf: Trials,2020,9.2,Action,Adventure,True
Floor is Water,2022,7.9,N/A,N/A,True
One Way Road: Firehunt,2024,7.7,Action,Adventure,True
vApe Escape,2019,9.3,Adventure,Indie,True
Helbreath Nemesis,2024,7.8,Massively Multiplayer,RPG,True
Rappelz,2022,6.2,Massively Multiplayer,RPG,True
iStorm,2017,4.1,Action,N/A,True
AESIR Online,2023,6.8,Adventure,Indie,True
Find 101 Doomers,2024,7.5,Casual,Indie,True
大城主战略版,2021,6.6,Adventure,Casual,True
Just One Line,2018,7.0,Adventure,Casual,True
Cinemaware Anthology: 1986-1991,2014,7.4,Action,Simulation,False
The night of fire stealing/盗火之夜,2018,9.3,Adventure,Indie,True
LAZ3RZ,2022,7.7,Action,Casual,True
CHRONO,2018,7.7,Action,Casual,True
FlowState,2020,8.2,Racing,Simulation,True
"Learn Game Development, Unity Code Monkey",2020,8.3,Simulation,N/A,True
Goalie Challenge VR,2017,9.3,Simulation,Sports,True
Occupy Mars: The Game Playtest,2022,8.7,N/A,N/A,False
Emberfate: Tempest of Elements,2023,9.9,Indie,N/A,True
Slipstream: Rogue Space,2024,9.2,Indie,Massively Multiplayer,True
Special Tactics,2016,8.2,Action,Indie,True
Survivor,2019,6.4,Adventure,Indie,True
GemCrusty,2023,8.9,Adventure,Casual,True
Kirchhoff's Revenge,2019,8.2,Casual,Indie,True
Monster Stalker: Prologue,2022,8.9,Indie,RPG,True
Loot'N Shoot,2017,6.7,Action,Casual,False
Touhou : Shooting Star 東方流星譚,2020,8.8,Indie,N/A,True
TRAFFIC,2022,8.3,Action,Adventure,True
Boiling Steel: Preface,2020,7.8,Action,Adventure,True
Bananamana,2024,6.1,Simulation,N/A,True
いるかにうろこがないわけ,2023,8.9,Action,Indie,True
Minion Raid: Epic Monsters,2022,5.8,Action,Casual,True
Cool Kid Cody,2022,9.8,Adventure,Indie,True
7 summer days: Youth sky,2020,8.2,Adventure,Casual,True
午前五時にピアノを弾く,2023,9.9,Adventure,Casual,True
Record of Lodoss War Online,2019,5.0,Massively Multiplayer,RPG,False
IdleCoin,2020,6.5,Casual,Indie,True
Super Blue Fighter,2016,7.8,Action,Casual,True
Fractal Fly,2022,7.8,Adventure,Casual,True
Defenders of Ardania,2012,5.8,Strategy,N/A,False
业火 Hellfire,2024,9.9,Indie,N/A,True
SMITE 2 Playtest,2024,6.0,N/A,N/A,False
Blackout Rugby - World Cup Edition,2022,6.6,Massively Multiplayer,Simulation,True
Star Leaping Story:prologue,2024,9.5,Action,Adventure,True
Mya of the Desert,2020,6.6,Action,Adventure,True
Time Idle RPG,2023,3.7,Casual,Indie,True
The Cursed Amulet,2023,8.6,Action,Adventure,True
Point of Mew,2023,9.7,Adventure,Casual,True
1000 Cuts: Jomaku,2024,8.7,Action,Adventure,True
Undead World,2023,9.0,RPG,N/A,True
FreeInfantry,2024,9.1,Action,Massively Multiplayer,True
Skybox3D,2021,9.2,Strategy,N/A,True
Airborne,2024,8.7,Action,Casual,True
Citizens: Far Lands - Prologue,2023,8.8,Simulation,Strategy,True
Dragon VR,2021,6.8,Action,Adventure,True
Crawlspace,2021,9.3,Action,N/A,True
Spirit of Europe - Origins,2021,9.0,Indie,RPG,True
Pirates of Everseas,2019,6.5,Massively Multiplayer,RPG,True
The Floor Is Really Cheap Lava,2019,8.6,Casual,Indie,True
Black Desert Online - Explorer's Package,2017,8.2,Action,Adventure,False
Taimanin Yukikaze 1: Trial,2020,8.0,Adventure,N/A,True
Neonscape,2023,7.9,Action,Indie,True
鬼畜战记金坷垃传说,2019,9.0,Indie,RPG,True
메스가키 영애님!,2023,9.2,Casual,Indie,True
Multibombers,2018,6.9,Action,Casual,False
Grapple Gear,2022,6.7,Action,Casual,True
Annotation of Love,2018,7.5,Casual,Indie,True
Boneless,2024,6.1,Action,Adventure,True
Game Of Puzzles: Animals,2019,9.4,Casual,Indie,True
Rexodus: A VR Story Experience,2016,7.1,Casual,Indie,True
Sig.NULL,2016,7.2,Casual,Indie,True
Bloodworks,2017,6.8,Action,Casual,True
Gordian Rooms: A curious heritage Prologue,2020,8.8,Adventure,Casual,True
RPG Sounds,2021,9.1,N/A,N/A,True
Sunday Gold: Prologue,2022,9.6,Action,Adventure,False
Fingerbang: All Bullets Pointin',2022,8.1,Action,Indie,True
Starsiege Alpha Playtest,2023,7.9,N/A,N/A,False
Sicaria,2024,8.1,Action,Adventure,True
How Stories Die,2020,9.2,Casual,Indie,True
Live Inc,2021,7.5,Action,Indie,True
戾谈,2021,7.7,Adventure,Indie,True
Cassiculus,2024,7.8,Simulation,N/A,True
Republique VR,2020,7.3,Action,Adventure,True
Space Fighter,2017,6.6,Action,N/A,True
Panzer Hearts - War Visual Novel,2018,8.4,Adventure,Casual,True
Rail Route: The Story of Jozic,2022,9.3,Casual,Indie,True
FLASHOUT 3D: Enhanced Edition,2022,7.0,Action,Casual,True
Etched Memories Demo,2021,7.1,Adventure,Indie,True
Optimum Link,2019,6.7,Casual,Indie,True
Iron Mandate,2023,9.5,Action,Adventure,True
Space Pressure 3D: Prelude,2023,8.4,Action,Indie,True
鋼鉄戦記C21,2020,6.6,Action,Massively Multiplayer,True
HAWKED Playtest,2024,7.7,N/A,N/A,False
Eudemons Online,2020,5.7,Adventure,Casual,True
龙傲天的多元宇宙,2023,3.9,Casual,Indie,True
大逃亡专家 Escape Expert,2018,7.5,Casual,Indie,True
Bananner Nababber,2022,9.2,Action,Casual,True
Team Indie,2014,5.0,Action,Indie,False
Dark Gnome,2019,5.8,Action,Casual,False
Carrier Command 2 Playtest,2021,10.0,N/A,N/A,False
Tile Runner,2021,7.8,Adventure,Casual,True
Metal Assault - Gigaslave - Europe,2016,6.5,Action,Casual,True
Cactus Cowboy - Plants at War,2022,9.0,Action,Adventure,True
Bung Ball,2023,9.8,Action,Adventure,True
モンスターコマンダーズ - 混沌の戦略譚,2024,9.5,Casual,Indie,True
Laplace拉普拉斯的神子,2018,6.3,Adventure,Massively Multiplayer,True
Noise Hunters,2020,7.3,Action,Adventure,True
Under Maintenance,2023,9.7,Casual,Indie,True
No Strings Attached,2024,8.8,Adventure,Casual,True
Matchville - Match 3 Puzzle,2019,4.2,Adventure,Casual,True
原灵深海遗梦 Medusa the Origin Lost Dream of the Deep,2022,9.6,Casual,Indie,True
Tomai,2020,9.3,Casual,Indie,True
Yerr Out,2024,8.8,Action,Casual,True
Remnants,2020,8.4,Action,Indie,True
Coffee Run,2017,7.8,Action,Casual,True
Aimi,2020,8.2,Indie,RPG,True
Arma Reforger Tools,2022,8.5,N/A,N/A,False
Save the Earth,2023,8.3,Casual,Indie,True
Vroom Kaboom,2018,5.4,Action,Indie,True
Freight Hopper,2022,9.5,Action,Adventure,True
PlanetSide 2 - Test,2019,8.2,Action,Massively Multiplayer,True
Bingo Beavers - Design & Board game,2023,8.4,Adventure,Casual,True
Sim Racing Telemetry,2018,7.9,Racing,Simulation,True
Scholar's Mate - First Move,2023,6.1,Adventure,N/A,True
Video World,2021,8.7,Indie,N/A,True
Axion,2015,3.2,Action,Indie,False
Floodcore,2024,9.6,Adventure,Casual,True
Splat the Blob,2017,9.0,Adventure,N/A,True
三国寻将传,2023,7.3,Massively Multiplayer,RPG,True
The Wailer,2023,7.9,Action,Adventure,True
Links E6,2021,5.9,Simulation,Sports,True
Worst World Playtest,2022,8.1,N/A,N/A,False
Yujiro's Mansion,2023,8.8,N/A,N/A,True
The Unexpected Quest Prologue,2020,8.5,Adventure,Indie,True
Planetka,2024,8.8,Indie,Strategy,True
Tournament Ark,2022,9.5,Indie,Strategy,True
Tactical Three Kingdoms (3 Kingdoms) - Strategy & War,2020,6.8,Adventure,Casual,False
Galactic Lander,2018,9.1,Casual,N/A,True
Orange Cast: Prologue,2020,4.6,Action,Adventure,True
Visual Novel Engine,2017,7.2,N/A,N/A,True
Ties,2020,8.4,Action,Adventure,True
PIGGY: Hunt Playtest,2021,9.7,N/A,N/A,False
P.A.I.N.T,2020,7.0,Action,N/A,True
Johnny Rocketfingers Complete Game Collection!,2023,9.6,Adventure,Indie,True
Crazy Foods,2021,5.8,Action,Casual,True
Ogre Chambers DX,2023,9.1,Action,Indie,True
Меліній,2024,9.6,Indie,RPG,True
High Fidelity,2016,5.8,Massively Multiplayer,N/A,False
Stockwrk7,2022,6.8,Adventure,N/A,True
Underlight,2018,6.3,Massively Multiplayer,RPG,True
Matsuro Palette,2020,9.8,Adventure,Casual,False
Crazy Corn,2024,7.0,Indie,Simulation,True
Fovos VR,2019,6.3,Action,N/A,True
Noara: The Conspiracy,2021,7.9,Action,Indie,True
Dark Riddle,2023,8.8,Action,Adventure,True
Mercury Blue: Mini Episode,2018,8.7,Action,Adventure,True
小松穿越记 Wanna Wake up?,2024,9.6,Casual,Indie,True
Edemn,2023,7.3,Action,Casual,True
NOTTOLOT,2024,9.5,Action,Casual,True
Welcome To The Backrooms,2022,4.1,Action,Adventure,True
Last Days Motel,2019,4.4,Adventure,RPG,True
Big Ambitions Playtest,2021,9.8,N/A,N/A,False
Dap: Prologue,2021,9.6,Action,Adventure,True
CYBERDAD,2021,9.2,Action,Adventure,True
Run N' Gun,2022,9.4,Action,Casual,True
Dransik,2022,6.9,Adventure,Massively Multiplayer,True
Zombie Strike,2021,5.8,Adventure,Casual,True
The Monarch: First Light,2024,7.0,Casual,Indie,True
Arena Stars,2019,6.9,Action,Strategy,False
Azurael's Circle: Chapter 1,2018,8.6,Adventure,Indie,True
Kingdom Draw,2022,8.2,Indie,Strategy,True
Pure Sniper,2023,5.7,Action,N/A,True
HOMEBOUND,2017,4.4,Action,Adventure,False
The Missing Parts of Maria Gwozdek,2023,9.7,Adventure,Indie,True
Duels of Fortune,2023,9.6,Action,Indie,True
Intrepid,2018,4.9,Adventure,Indie,True
Bingo Pets - Save the Pets,2023,7.4,Casual,N/A,True
Welcome to the Karoshi Club,2023,9.1,Indie,N/A,True
Dire Destiny : Time Travel,2023,6.7,RPG,Strategy,True
Bone: The Great Cow Race,2008,7.6,Adventure,N/A,False
Malediction,2019,7.7,Action,Adventure,True
Tiny Stories: Santa Closes,2021,8.9,Adventure,Casual,True
ANONYMOUS AGONY,2019,8.3,Action,Adventure,True
Caterpillarnoid,2020,8.9,Casual,Indie,True
Conquest of Empires 2,2023,5.8,Massively Multiplayer,Simulation,True
MAKE IT as an Artist,2017,8.0,Simulation,N/A,True
POWER,2020,5.8,Massively Multiplayer,Simulation,True
Murnatan,2018,6.3,Action,Indie,True
Go Kart Run!,2020,6.1,Action,Indie,True
SUPERゆきおんなちゃん,2021,9.8,Action,N/A,True
Ian's Eyes,2016,3.6,Adventure,Indie,True
Bang! Howdy,2017,7.7,Action,Indie,True
Zombie Hunter,2021,5.4,Action,Indie,True
Hypersomnia,2023,9.6,Action,Indie,True
Vestige,2022,9.0,Action,Adventure,True
Countrified,2021,5.6,Action,Adventure,True
Sentience,2021,7.5,Action,N/A,True
The Fall of Lazarus,2017,6.3,Adventure,Indie,True
"Happy New Year, Zeliria!",2020,9.0,Adventure,Casual,True
PixiEditor - Pixel Art Editor,2023,9.3,N/A,N/A,True
Rising Hell - Prologue,2020,8.4,Action,Indie,True
I Am Jesus Christ Playtest,2021,8.9,N/A,N/A,False
Aquarist - My First Job,2021,6.3,Casual,Indie,True
后室维修工Backrooms: Maintenance,2024,3.5,Indie,N/A,True
Drone Wars,2022,8.2,Action,Indie,True
eXpanSIM Playtest,2021,7.4,N/A,N/A,False
Rampage Agents,2024,7.8,Action,Adventure,True
Harem Girl: Alicia,2020,7.7,Adventure,Casual,True
Game For Anna,2021,8.1,Adventure,Indie,True
A Warmer Shade of Summer,2021,7.8,Casual,Indie,True
Berry,2021,9.9,Action,Adventure,True
Molytropia: Cloud in Shape of Hurt,2022,9.5,Adventure,Indie,True
Midnight Ghost Hunt Playtest,2022,9.5,N/A,N/A,False
20b,2022,8.5,Action,Adventure,True
River Town Factory: Prologue,2024,8.5,Indie,RPG,True
BRIGHT TRACER,2023,9.4,Action,N/A,True
Meaty McSkinBones,2019,7.4,Indie,N/A,True
First Day,2019,5.2,Casual,Indie,True
Outerstellar,2023,8.0,Action,Indie,True
Fallout 76 Playtest,2022,6.5,N/A,N/A,False
CastingPlz,2024,9.3,Action,Adventure,True
SWORN Playtest,2024,9.4,N/A,N/A,False
AKER FERN - Visual Novel,2020,8.1,Adventure,Indie,True
The Creature of Chaos,2022,9.3,Action,Indie,True
PC Virtual LAB,2022,3.9,Simulation,N/A,True
Zoo Studio,2022,8.7,N/A,N/A,True
HALP!,2016,7.2,Casual,Indie,True
Inscryption Playtest,2020,9.8,N/A,N/A,False
Emerland Solitaire: Endless Journey,2016,7.6,Casual,N/A,True
JumpSky,2017,5.3,Casual,N/A,False
Splat Cat,2022,8.8,Casual,Indie,True
Hex Rally Racers,2022,8.5,Racing,N/A,True
Getaway Storm,2020,8.4,Action,Indie,True
Cooking Craze,2024,7.4,Casual,N/A,True
Super Squad,2021,7.2,Action,Indie,True
Soundscape VR: 2017,2017,7.1,Adventure,Casual,True
Forgetful Dictator,2019,9.2,Casual,Indie,True
Saint Paul Pre-Alpha,2019,7.3,Action,Adventure,False
Hero Academy 2,2018,7.2,Strategy,N/A,False
Book Of Potentia 2,2017,7.4,Indie,N/A,True
Legend of Numbers,2016,7.3,Casual,Indie,True
MetaTron,2016,4.5,Action,Indie,False
Saving You From Yourself,2020,6.1,Indie,N/A,True
Viking Hiking,2023,8.7,Adventure,Casual,True
Dungeon CEO,2024,8.7,Strategy,N/A,True
Food Drive: Race against Hunger,2018,9.3,Action,Casual,True
The Divergent Series: Allegiant VR,2016,6.5,Adventure,Casual,True
dancing chair,2020,8.8,Casual,N/A,True
Idle Baker Boss,2022,7.6,Casual,Indie,True
Pixel Puzzles Mosaics,2017,8.6,Casual,Indie,True
Polygunners,2022,9.5,Action,Indie,True
Escape the Underground,2021,8.9,Action,Adventure,True
Servo,2015,4.4,Action,Strategy,False
Derpy's Fun House,2024,9.5,Casual,Indie,True
君与天下,2024,9.4,Casual,Massively Multiplayer,True
Andor - Wrecking Dawn,2021,7.2,Casual,Indie,True
FPS Infinite,2020,8.4,Action,Adventure,True
Cabals: Card Blitz,2017,5.4,Strategy,N/A,True
SolForge Fusion,2024,6.9,Casual,Indie,True
DESOLATIUM: Prologue,2021,7.9,Adventure,Indie,True
Paths Taken,2019,8.0,Casual,Indie,True
Forgotten Journey,2021,6.5,Action,Adventure,True
Quest 4 Papa: Reloaded,2020,9.2,Action,N/A,True
Storm VR,2017,7.5,Adventure,Casual,True
The Palace on the Hill Prologue,2023,9.9,Adventure,Indie,True
Mint's Hints,2024,7.9,Action,Adventure,True
Deep Space Classic,2018,6.0,Action,Indie,True
Wyvern,2021,7.1,Indie,Massively Multiplayer,True
"Cats, Guns & Robots Prologue",2024,8.9,Action,Casual,True
Bombinator,2017,3.9,Action,Indie,True
Ecila,2021,5.5,Indie,Massively Multiplayer,True
Protoball,2021,6.6,Action,Sports,True
Tavern Manager Simulator: Prologue,2024,9.5,Casual,Indie,True
Prison Simulator Playtest,2021,9.2,N/A,N/A,False
飞火动态壁纸,2021,5.2,Casual,N/A,True
No More Future,2022,9.9,Adventure,Indie,True
Alteil: Horizons,2016,4.8,Indie,Strategy,True
Skillwood,2024,9.3,Casual,Indie,True
Google Spotlight Stories: Son of Jaguar,2017,8.5,Adventure,N/A,True
Fear of Dark,2020,5.3,Action,Adventure,True
Stories of Liane,2021,7.5,Adventure,Casual,True
2ECONDS TO STΔRLIVHT: Forever My Diamond,2020,8.8,Casual,Indie,True
RC Revolution: High Voltage - 免费玩,2024,8.5,Action,Adventure,True
Valley of Decay,2019,6.7,Action,Indie,True
Very Scary Backrooms Game,2023,8.8,Action,Adventure,True
Ironsmith Medieval Simulator: Prologue,2020,7.6,Indie,Simulation,True
Shadow of Kingdoms,2015,3.0,Strategy,N/A,True
Bearskull,2023,10.0,Adventure,RPG,True
Family Man: Prologue,2020,8.6,Action,Adventure,True
Bud Farm Idle Tycoon,2022,5.7,Simulation,N/A,True
Angels & Demigods - SciFi VR Visual Novel,2016,6.1,Adventure,Indie,True
Cuties Hacked: Oh no someone stole my photos!,2022,8.1,Casual,Indie,True
Heart Clicker,2024,6.0,Casual,Indie,True
Return NULL - Episode 1,2015,6.1,Indie,N/A,True
Over The Moonlight,2017,7.3,Adventure,N/A,True
DeafBlind,2024,8.7,Simulation,N/A,True
The Princess of the Tower Wants a Hero,2022,9.5,Adventure,Casual,True
Born of Fire,2019,6.2,RPG,Strategy,True
Oh Baby Kart,2024,8.6,Adventure,Racing,True
Age of Defense: Prehistory,2024,8.9,Indie,Strategy,True
Andromeda: Rebirth of Humanity,2021,6.6,Indie,Massively Multiplayer,True
Don't Forget Our Esports Dream,2018,9.2,Adventure,Casual,True
Aurora Trail,2017,8.5,Indie,RPG,True
Nyanco Impact,2022,8.8,Casual,Simulation,True
Paint By Numbers,2021,8.9,Casual,Indie,True
Biomisland,2022,9.1,Casual,Indie,True
Dec-14,2023,8.4,Adventure,Indie,True
Destination Primus Vita - Ep. 1,2018,7.8,Adventure,Casual,True
Fantasya Final Definitiva REMAKE,2017,9.3,Indie,RPG,False
Super Life: Franchise Lord,2022,6.4,Casual,Indie,True
Gravitia,2024,9.1,Adventure,Indie,True
Continent of the Ninth Golden,2023,6.0,Action,Adventure,True
CatNab,2022,9.7,Casual,Indie,True
Dark Lord,2024,9.2,Adventure,Casual,True
Omegaland,2017,9.1,Casual,Indie,True
GunBlocks - Prologue,2021,9.7,Action,Adventure,True
For Goodness Sake,2022,8.9,Indie,N/A,True
Static of Eve 凝滯聖夜,2022,9.6,Adventure,Indie,True
Senpai Puzzle: Waifu Summer,2023,8.8,Casual,N/A,True
PlateUp! Playtest,2022,10.0,N/A,N/A,False
Trans-Siberian Railway Simulator Playtest,2023,9.9,N/A,N/A,False
panGEMic,2016,8.4,Action,N/A,True
Shot Online,2019,5.9,Massively Multiplayer,Sports,False
The Secret of Darkwoods,2023,9.3,Indie,RPG,True
做了个魔塔 Just made a MageTower,2021,8.3,Adventure,Indie,True
Eldritchvania,2024,8.6,Action,Adventure,True
Phi,2020,8.5,Adventure,Casual,True
ENYO Arcade,2015,7.3,Action,Casual,True
Protonwar,2018,8.1,Action,Indie,True
3D Organon,2019,5.3,Simulation,N/A,True
The Zhukov Line,2024,10.0,Indie,Simulation,True
Clash: Mutants Vs Pirates,2024,6.8,Action,Indie,True
RAYGUN COMMANDO VR,2017,8.7,Casual,Indie,True
Sivi's Factory,2024,6.4,Action,Adventure,True
Robot Rumble 2,2024,8.2,Simulation,N/A,True
Atan,2024,9.4,Action,Adventure,True
Elf of Era! Idols Project,2023,10.0,Adventure,Indie,True
After Dark VR,2022,6.4,Action,Adventure,True
Moonlaw,2021,7.2,Adventure,Indie,True
Modern Assault Tanks,2021,4.5,Action,Massively Multiplayer,True
Brave Furries,2017,8.3,Casual,Indie,True
PROZE: Prologue,2018,8.3,Action,Adventure,True
Hanz Puppetguns,2018,6.1,Action,Indie,True
御龙在天-平衡国战版,2019,3.6,Action,Adventure,True
Panzer Arena: Prologue,2022,9.9,Action,Indie,True
Data Jammers: FastForward,2011,6.6,Action,Indie,True
Project Vostok: Episode 1,2022,8.5,Adventure,Indie,True
Cross Impact,2023,5.9,Action,Indie,True
Wired,2018,9.3,Indie,N/A,True
赵云传重制版 Playtest,2023,8.3,N/A,N/A,False
Cathedral 3-D,2020,6.3,Action,Indie,True
Turn on the light - Jigsaw,2023,9.4,Casual,Indie,True
Room 40,2019,7.5,Indie,N/A,True
Club Soccer Director 2022,2022,6.5,Indie,Simulation,True
SCP: Abhorrent,2022,5.8,Action,Indie,True
To the Top,2022,7.5,Adventure,N/A,True
LEZ,2022,7.7,Action,Casual,True
"Goodnight, Lily",2020,7.9,Adventure,N/A,True
DOMINO The Little One,2023,8.2,Adventure,Indie,True
Morok,2019,7.9,Adventure,Casual,True
The Thing With Mistletoes,2017,7.1,Simulation,N/A,True
Tree Trunk Brook,2020,8.6,Adventure,N/A,True
直播经纪人,2021,7.3,Casual,RPG,True
AGRYOS: Recovering Eden,2022,9.3,Action,Indie,True
Super Cakeboy,2023,9.9,Action,Indie,True
Critter Clicker,2020,6.0,Casual,Indie,True
Garage Flipper: Prologue,2023,5.9,Adventure,Casual,True
Bananametr,2024,4.6,Casual,N/A,True
AWAKE - Definitive Edition,2019,7.5,Adventure,Casual,True
LOGistICAL 2,2018,7.3,Casual,Indie,True
飛天歷險2024(Dream Of Mirror Online),2024,8.4,Massively Multiplayer,RPG,True
Bouboum,2020,8.1,Casual,Strategy,True
Get Lost In Nature With Luke,2021,9.6,Adventure,N/A,True
ELIF,2022,8.1,Adventure,Casual,True
Bodycam Playtest,2024,9.7,N/A,N/A,False
From Head to Toe,2019,7.9,Adventure,Casual,True
The Peresmeshnik,2020,9.5,Adventure,N/A,True
Reborn VR,2022,6.9,Massively Multiplayer,RPG,True
Half Hour Hexagon,2023,8.3,Action,Casual,True
God Of Thunder,2017,9.7,Action,Adventure,True
Blood of Titans,2021,6.2,Adventure,Massively Multiplayer,True
Great Paintings VR,2021,9.4,Casual,Indie,True
CATS!,2016,3.4,Action,Adventure,True
REALITY,2016,6.7,Adventure,Indie,True
Moonbreaker Playtest,2022,9.2,Strategy,N/A,False
Magika Land of Fantasy,2018,8.3,Adventure,Indie,True
i feel very lonely and i don't remember myself,2023,9.6,Adventure,Casual,True
Turtle Champs,2024,9.3,Action,Casual,True
Helix Slider,2020,9.3,Action,Casual,True
Sanctuary Playtest,2022,9.6,N/A,N/A,False
Mistress of Maids: First Castle,2019,8.8,Indie,RPG,True
So long as there is Mercy,2022,6.9,Adventure,Indie,True
PROJECT: RUN,2019,8.4,Action,Casual,True
Gates of Horizon,2014,6.6,Indie,Massively Multiplayer,False
2310 seconds in HELL,2022,7.3,Action,Adventure,True
Monkey Split,2021,7.7,Casual,Indie,True
Negative Atmosphere: Emergency Room,2023,6.7,Indie,Simulation,True
Hunt For Gods,2017,6.6,Action,Strategy,True
Elec Dude,2022,9.7,Casual,Indie,True
TRUFFLE: Classic,2022,8.3,Casual,Indie,True
The Shape of Time,2021,8.9,Casual,Indie,True
3Cusion Masters,2021,5.5,Indie,Sports,True
Genius Greedy Mouse,2016,8.2,Action,Adventure,True
Air Attack,2020,9.0,Action,Casual,True
Jacob,2016,3.4,Casual,Indie,True
Cactus Cowboy 3 - Fully Loaded,2021,8.8,Action,Adventure,True
The Artist,2023,8.0,Casual,Indie,True
Your Adventure,2021,9.0,Adventure,Indie,True
N-Age: Awakening,2023,5.6,Casual,Massively Multiplayer,True
Kill Pill,2023,8.9,Action,Casual,True
Pirate Souls,2022,6.1,Action,Adventure,True
Emmerholt: Prologue,2017,7.8,Action,Adventure,True
Loot Box Simulator,2018,7.9,Simulation,N/A,True
Immanence,2020,6.4,Adventure,Indie,True
Trials of Wilderness,2021,7.1,Action,Adventure,True
Othello,2015,7.1,Casual,Indie,False
SONAR Steam Editions,2016,8.0,N/A,N/A,False
Warlocks Deeds,2023,8.7,Action,Adventure,True
Heroes of Fortunia,2019,5.4,Action,Adventure,True
Kairos'Light,2020,9.6,Indie,Simulation,True
Welcome to Chornobayivka VR,2022,6.9,Action,Indie,True
Heros and Monsters: Idle Incremental,2023,7.0,Action,Adventure,True
Rover Mechanic Simulator: Training Day,2020,7.4,Indie,Simulation,True
Wizzerd Quest,2024,9.4,RPG,N/A,True
Black Skylands Playtest,2021,9.7,N/A,N/A,False
Don't Kill the Cow,2019,8.3,Indie,N/A,True
Puzzle Box Palace,2021,8.7,Adventure,Indie,True
Phucker in the Rome,2019,9.1,Casual,Indie,True
blue,2018,5.8,Casual,Indie,True
Tribe Dash - Stone Age Time Management,2023,8.5,Adventure,Casual,True
Unbridled: Horse Designer,2023,8.7,Casual,N/A,True
DON'T FACE UP,2024,6.6,Adventure,Indie,True
Knightfall: Rivals,2017,5.8,Casual,Strategy,False
Hair of the Dog,2021,9.8,Adventure,Indie,True
Dark Gravity: Prologue,2023,8.8,Action,Indie,True
The Obscura Experiment,2023,8.3,Action,Indie,True
Vintage VR,2016,9.0,Casual,N/A,True
I'mitation The Eight Suicide Note,2020,5.9,Action,Indie,True
I'm Strongest Legend,2021,7.9,Action,Indie,True
Black One Blood Brothers Playtest,2021,9.7,N/A,N/A,False
Particulars,2014,7.4,Indie,N/A,True
VirtualCast,2019,7.9,Massively Multiplayer,N/A,True
It's a Gluttonous Life,2023,8.6,Indie,RPG,True
PooShooter: Toilet Invaders,2016,7.4,Action,Indie,True
安堂的心理咨询室杯中之心ANDOUPulse of cup,2020,8.0,Indie,RPG,True
Card Storm Idle,2023,5.1,Casual,Indie,True
Nekomancy,2022,9.8,Action,Strategy,True
RUCKBALL,2019,6.7,Action,Indie,True
Time Drifter,2018,8.6,Action,Adventure,True
ManaSoul,2023,6.9,Action,Adventure,True
Beasts of Burden,2022,7.8,Indie,RPG,True
be you 2,2020,8.5,Adventure,Casual,True
SUPER RECOILFIGHT,2020,7.7,Action,Casual,True
CORN,2024,7.6,Casual,Indie,True
Evolution,2016,4.7,Indie,Simulation,True
"The Thief, the Witch, the Toad, and the Mushroom",2024,10.0,Adventure,N/A,True
Wake Up,2016,8.2,Adventure,Indie,True
BUG,2024,8.1,Action,Casual,True
One Tower,2016,4.7,Strategy,N/A,True
星球之间/Between Planets,2019,7.1,Adventure,Indie,True
Coronation,2021,6.9,Action,Adventure,True
World Of Conquerors,2019,6.2,Indie,Massively Multiplayer,True
Iron Madness,2016,5.2,Action,Casual,True
Mona Lisa: Beyond The Glass,2019,9.7,N/A,N/A,True
Sparky Marky: Episode 2,2023,7.5,Adventure,Indie,True
Dynasty Feud,2017,6.8,Action,Indie,True
MyDream,2015,6.4,Action,Adventure,True
Backrooms: Realm of Shadows,2023,5.2,Action,Adventure,True
Super Galaxy Ball,2022,9.2,Casual,Indie,True
illum,2023,9.3,Adventure,Casual,True
Octodad (Student Edition),2023,9.4,Adventure,Indie,True
I Heard There Are Monsters Here,2023,2.6,Casual,Indie,True
Embers of Magic,2017,8.2,Action,Adventure,True
Blink the Bulb,2017,8.6,Action,Adventure,True
Emergence,2020,8.6,Adventure,Casual,True
Shutter,2023,8.9,Adventure,Indie,True
Zup! Arena,2018,5.8,Action,Casual,False
IMMURE,2019,9.4,Indie,N/A,True
Crime Scene Cleaner Playtest,2023,9.9,N/A,N/A,False
Legendary DXP,2018,5.5,Casual,N/A,True
雛ちゃんブレイカー2ndBreak,2022,9.8,Casual,N/A,True
SWORD ART ONLINE Fractured Daydream Playtest,2024,8.9,N/A,N/A,False
Astral Slider,2022,9.4,Action,Casual,True
Farmer And Tree,2020,9.0,Casual,Indie,True
Runes: The Forgotten Path,2018,8.1,Action,Adventure,True
Into The Unknown,2016,7.0,Adventure,Casual,True
East Trade Tycoon: Inheritance,2024,8.6,Casual,Simulation,True
Postponed,2024,7.8,Action,Indie,True
Play With Gilbert - A Small Tail,2021,9.4,Adventure,Casual,True
Hidden Cats - Pirates,2024,6.1,Adventure,Casual,True
幻世九州,2023,8.4,Action,Adventure,True
Death or Glory,2024,7.2,RPG,Strategy,True
Commie Killer 2069,2021,8.6,Action,Indie,True
KILL CRAB,2023,8.0,Action,Adventure,True
Inline,2018,9.5,Casual,Indie,True
Steel & Steam: Episode 1,2014,3.2,RPG,N/A,False
Triennale Game Collection,2016,8.1,Indie,N/A,True
Penny Black,2018,9.5,Indie,N/A,True
The Twin Paradox,2024,8.8,Indie,RPG,True
Sigh of the Abyss: Shadow Bonds Prologue,2022,9.6,Adventure,Casual,True
Pet Lands: First Steps,2024,6.0,Action,Adventure,True
The Witch in the Forest,2020,8.2,Casual,Indie,True
Rico-Jump,2021,8.3,Action,Casual,True
Aviator: Air Combat,2022,8.6,Indie,Simulation,True
The Cursed Tower,2018,6.3,Action,Adventure,True
Born to Rise,2023,7.9,Action,Adventure,True
Apotheorasis Lab of the Blind Gods Prologue,2021,9.6,Action,Adventure,True
Ex Vitro,2024,9.4,Action,Adventure,True
Spark & Kling,2024,6.3,Adventure,Casual,True
Polity - Online Role Playing,2024,6.8,Adventure,Casual,True
Shrieking Darkness,2023,2.6,Action,Indie,True
Astria,2020,8.6,Action,Adventure,True
The Itch,2019,8.9,Adventure,Indie,True
11号小镇综合症,2022,9.1,Casual,Indie,True
Vanguards,2016,7.1,Action,Strategy,True
SmallZ,2023,4.9,Action,Adventure,True
Fantasy General II: Prologue,2020,7.2,Strategy,N/A,True
Shadowlings,2018,8.2,Action,Indie,True
The Alpha Device,2018,6.5,Action,Adventure,True
Ignited Steel: Prologue,2022,9.4,Indie,RPG,True
Cursed Enigma - Priest and Prayers,2023,6.8,Adventure,Indie,True
Camp Wars,2022,3.8,Action,Indie,False
Bazaar Simulator Prologue,2024,7.4,Casual,Indie,True
신기록 : A Compendium of Ghosts,2018,9.4,Adventure,Casual,True
Nekokami: Internship - The Prologue Adventure,2024,8.9,Adventure,Casual,True
Basketball Grand Slam 2024,2024,6.3,Action,Casual,True
Auto Brawl Chess,2023,5.4,Action,Adventure,True
Pivross,2018,6.6,Casual,Indie,True
Mauled,2022,7.2,Action,Indie,True
GRAB,2023,9.0,Adventure,Casual,True
Secret Santa,2016,9.0,Indie,Strategy,True
Greed,2022,6.6,Action,Indie,True
Bone Dust,2023,8.3,Action,N/A,True
The IOTA Project,2017,7.2,Action,Indie,True
Lonely Knight,2022,6.1,Action,Adventure,True
Gobernators (Parodia política peruana),2016,8.0,Action,Indie,True
The Long Road North,2022,8.3,Action,Adventure,True
Cave Heroes,2023,5.3,Adventure,Indie,True
江湖客栈-The Jianghu Playtest,2023,3.4,N/A,N/A,False
SpermDash精疲力尽,2020,8.8,Action,Casual,True
Virago: Herstory,2022,7.1,Adventure,Indie,True
Future Fortune,2021,5.2,Casual,Indie,True
BVOVB - Bruising Vengeance of the Vintage Boxer,2022,9.8,Action,Indie,True
Fairyside,2022,9.4,Action,Adventure,True
Alien Squatter,2019,9.5,Indie,RPG,True
Versus World,2018,8.8,Action,Indie,True
Mathoria: It All Adds Up,2016,6.0,Casual,Indie,True
DeathJack,2024,6.1,Casual,Indie,True
Accel,2019,8.5,Action,Indie,True
Catch Canvas,2016,7.4,Casual,Indie,False
GHARP,2023,4.9,Action,Adventure,True
UNDEAD FACTORY:Zombie Pandemic,2018,5.9,Strategy,N/A,True
Dragon Call,2021,7.3,Adventure,Casual,True
Cat-aclysm,2023,8.9,Action,Adventure,True
StarOS,2023,9.8,Indie,Simulation,True
Kinda Heroes: The cutest RPG ever!,2020,7.4,Adventure,Indie,True
SUPER CIRCUIT BREAKERS,2020,8.4,Action,N/A,True
CGENcore,2019,5.4,Casual,Indie,True
Lake Minnewaska,2024,9.5,Adventure,Casual,True
Ling,2018,7.2,Action,Adventure,False
Wildshape - Map Editor (free demo),2021,7.4,Adventure,Indie,True
Bikini Island Challenge,2021,1.8,Adventure,Indie,True
Pizzapocalypse,2024,9.9,Action,Adventure,True
Cup Of Ethanol,2019,8.0,Indie,N/A,True
异星前哨 Playtest,2021,9.6,N/A,N/A,False
Asteroids,2024,8.7,Adventure,Indie,True
Symphony of Souls,2023,9.5,Action,Adventure,True
1001 Hugs,2019,7.4,Action,Adventure,True
Itchy Scratchy,2022,7.7,Action,Casual,True
Subspace Discovery,2023,7.6,Massively Multiplayer,RPG,True
PearPhone.io,2022,8.1,Action,Indie,True
ASURA,2023,4.7,Adventure,Massively Multiplayer,True
Escape The Glubinka,2023,7.7,Action,Adventure,True
Element Battle Royale,2020,6.0,Action,Indie,True
Kona & Snowrabbit,2024,9.7,Action,Casual,True
FEAST: Book One Family Ties,2018,7.8,Adventure,Casual,True
电玩捕鱼,2022,6.3,Adventure,Casual,True
传奇世界之仗剑天涯H5,2020,4.8,Casual,Massively Multiplayer,True
Slime CCG,2018,4.0,N/A,N/A,True
Microsoft Maquette,2019,9.1,Casual,N/A,True
Another Sight - Hodge's Journey,2018,6.6,Action,Adventure,True
Universe For Sale - Prologue,2021,9.3,Adventure,Casual,True
Park Beyond Playtest,2023,8.3,N/A,N/A,False
Rise of the Pirates,2019,7.2,Action,Adventure,True
Tanks2.DE,2019,6.5,Action,Massively Multiplayer,True
Prime Arena,2017,6.4,Action,Massively Multiplayer,False
Greedy Goblin,2021,8.0,Adventure,Casual,True
One Dark Night,2016,4.6,Indie,Simulation,True
Hit n' Rush,2021,6.4,Action,Adventure,True
1BIT CASTLE,2019,7.6,Indie,N/A,True
Locomancer,2017,8.5,Casual,Indie,True
Pain of War,2018,5.9,Action,Adventure,True
Kung Fu Panda Showdown of Legendary Legends,2016,6.5,Action,N/A,False
Visibility,2015,6.1,Indie,N/A,True
Sand Playtest,2024,7.2,N/A,N/A,False
Ruins Of Mitriom,2022,9.6,Action,Adventure,True
Paranormal Teens,2016,4.5,Indie,Simulation,True
Animal Shelter 2: Prologue,2024,8.6,Adventure,Casual,True
Alien Crusader,2018,6.6,Action,Indie,True
The Best Of MagiCats,2018,7.4,Adventure,Indie,False
Better Off Tread,2017,6.4,Action,Indie,False
Nodiatis,2016,6.2,Adventure,Indie,True
Incremental Epic Breakers,2021,4.8,Action,Indie,True
DERE EXE: Rebirth of Horror,2021,8.7,Action,Adventure,True
VirtualCop,2021,5.3,Casual,Indie,True
Farm Defense,2022,7.4,Casual,Indie,True
Banana 2: Fruit,2024,4.4,Casual,Indie,True
Rogue Islands,2017,6.9,Action,Adventure,True
Raspberry,2024,4.7,Casual,Indie,True
Live Adventure,2021,8.8,Adventure,N/A,True
Mythic Ocean: Prologue,2019,9.7,Adventure,Indie,True
Last Slice,2022,9.2,Action,Casual,True
Code S-44: Episode 1,2019,7.5,Adventure,Indie,True
ShawnCena121,2021,9.2,Action,N/A,True
집착의 망자 - 집으로부터의 탈출,2022,9.3,Adventure,Casual,True
Everglow,2022,9.6,Adventure,Casual,True
Frog,2024,6.7,Adventure,Casual,True
Streets of Chaos,2015,3.4,Indie,Simulation,False
Run Of Mydan,2017,7.7,Action,Adventure,True
Hedgewars,2022,9.2,Strategy,N/A,True
Full Tilt Poker,2016,4.7,Casual,Massively Multiplayer,False
Epiphany City: Prologue,2021,9.2,Adventure,Indie,True
Fuel Renegades,2018,7.6,Racing,N/A,True
Xecryst Remains,2019,7.8,Action,Indie,False
Stormshot,2023,4.6,Adventure,Casual,True
Smashing Simulator Idle,2024,9.1,Casual,Indie,True
Wonhon: The Beginning,2021,8.0,Action,Adventure,True
Forest Star,2021,9.9,Adventure,Indie,True
Necro Rumble,2024,8.6,Action,Casual,True
The Emulator,2018,5.9,Action,Indie,True
This Child Of Mine,2018,6.3,Adventure,Indie,True
Elea - Episode 1,2018,6.7,Adventure,Indie,False
Mist,2024,8.2,Indie,N/A,True
Perfect World M,2024,3.4,Massively Multiplayer,RPG,False
Melodramatica,2021,8.1,Casual,Indie,True
Bongus Bright-eye & The Great Axe-stravaganza,2023,9.6,Adventure,N/A,True
The KillBox: Aquarius,2017,5.0,N/A,N/A,True
ITRP _ Volatile Vertex,2022,7.6,Indie,N/A,True
Jump The Gun,2022,9.0,Adventure,Indie,True
Zombie Apocalypse,2017,6.8,Action,N/A,True
Unlight:SchizoChronicle,2018,6.9,Casual,N/A,True
Erinye Demo,2018,8.9,Adventure,Indie,True
Börd Killer,2023,9.6,Action,Indie,True
MR 333,2021,8.2,Action,N/A,True
BrawlQuest,2022,7.6,Action,Adventure,True
After School Murder Club!!,2021,8.8,Casual,Indie,True
Minute,2023,8.7,Action,Adventure,True
Insects Awaken Prologue,2024,9.7,Adventure,Casual,True
Loud Run,2024,7.6,Casual,Indie,True
异霊 皓月空华,2018,8.2,Adventure,Casual,True
System Goose Overload,2017,9.0,Adventure,Indie,True
Thunder League Online,2022,7.4,Action,Casual,True
Craterbound,2022,5.3,Action,Adventure,True
女神之光-专服版,2024,8.9,Action,Adventure,True
California Escapades,2024,7.3,Adventure,Casual,True
VRUSEUM,2022,7.1,Adventure,Casual,True
The Other 99,2016,4.7,Action,Indie,False
ARC Raiders Playtest,2023,6.1,N/A,N/A,False
Bane of Asphodel,2018,6.6,Action,Adventure,True
Arena Renovation - First Job,2023,7.7,Casual,Indie,True
Jellyfish Season,2018,7.5,Casual,Indie,True
SCP器関ノ彷徨 -The will of a single Tale- 第１部,2019,9.0,Adventure,Simulation,True
Phantom Racing,2022,6.7,Massively Multiplayer,Racing,True
Kolhii ChampionsAU,2022,8.8,Indie,Sports,True
War Gun: Shooting Games Online,2023,4.8,Action,Massively Multiplayer,True
Guildford Castle VR,2022,9.6,Adventure,Casual,True
XL1-ClippingPoint,2018,6.4,Racing,Simulation,True
Once10,2019,8.2,Adventure,Indie,True
Gun Duel,2021,8.3,Action,N/A,True
Medieval Crafter: Blacksmith Prologue,2024,7.9,Indie,RPG,True
dig,2021,8.0,Casual,N/A,True
Ghost Trap,2022,9.1,Action,Indie,True
Under Pressure,2019,8.4,Action,Indie,True
Mecha-Tokyo Rush,2018,7.5,Action,Indie,True
Hidden Dimensions 3,2016,8.5,Strategy,N/A,True
Mahjong Magic Islands,2017,6.9,Casual,N/A,True
HaberDashers,2020,6.9,Casual,Indie,True
白晓,2022,9.6,Casual,RPG,True
Meditation VR,2020,7.9,Casual,Indie,True
PC Fútbol Stars,2019,6.9,Casual,Indie,True
Russian Warship,2023,9.6,Action,Indie,True
My Dad Left Me,2022,9.7,Action,Adventure,True
魔方谏言,2024,9.6,Casual,Indie,True
Desktop Jumpscares,2022,9.1,Simulation,N/A,True
Robo Maestro,2023,9.8,Indie,N/A,True
Legend of Towercraft,2020,7.2,Indie,RPG,True
Dragon Souls,2020,6.4,Action,Adventure,True
Late City Riders,2019,8.8,Indie,Racing,True
Bare Metal,2017,8.5,Indie,Simulation,True
Darold The Doomer: Psychedelic Lucid Dreams,2022,9.4,Indie,N/A,True
Miner Lou,2019,7.7,Indie,RPG,True
Rise of One,2017,5.9,Action,Indie,True
Boundary: Benchmark,2020,9.0,N/A,N/A,True
AffordaGolf Online,2016,4.0,Casual,Indie,True
Finn Dorset's Institute For Livestock Replication,2024,9.3,Simulation,N/A,True
Might & Mayhem,2017,5.7,Massively Multiplayer,RPG,True
The 4th Coming,2019,7.2,Adventure,Massively Multiplayer,True
CATASS,2023,9.1,Casual,N/A,True
Aloha Paradise Hotel,2017,4.8,Simulation,Strategy,False
Duel Corp. Playtest,2023,9.7,N/A,N/A,False
Sunflower Pie,2024,9.0,Adventure,Indie,True
星帷之瓣,2020,9.7,Adventure,Indie,True
World Of Conquerors - Origins,2020,6.9,Indie,Massively Multiplayer,True
SPOOKWARE: Watch Party,2021,9.3,Action,Adventure,True
Jack Holmes : Master of Puppets PROLOGUE,2023,8.1,Adventure,N/A,True
Snowpainters,2021,8.8,Casual,Racing,True
Oneteam Soccer,2020,9.0,Action,Casual,True
Ransack Raccoon,2021,8.4,Action,Casual,True
Goo Gladiators,2022,8.1,Strategy,N/A,True
Beat Me! - Puppetonia Tournament,2020,5.7,Action,Casual,True
Friendsim 2,2022,9.1,Adventure,Casual,True
Don Flatus: Poop Hunter,2020,8.6,Adventure,Casual,True
Vampire Slave 1: A Yaoi Visual Novel,2021,7.4,Casual,Indie,True
The Witcher 3 REDkit,2024,8.3,N/A,N/A,True
King of Fate,2023,7.6,Adventure,Massively Multiplayer,True
Classic Marathon Infinity,2024,9.5,Action,N/A,True
Nightwolf: Survive the Megadome,2019,7.7,Action,Indie,True
Last Epoch Playtest,2023,8.3,N/A,N/A,False
Swallow The Blue: Remastered,2021,6.3,Action,Adventure,True
Chasing Styx,2017,8.4,Action,Adventure,True
Box Clicker,2024,5.4,Casual,Simulation,True
BattleSpace,2015,3.6,Massively Multiplayer,Strategy,True
Heroes of Paragon,2017,4.8,Indie,Strategy,False
Tay Son Dynasty,2023,6.7,Action,Indie,True
Kiki & Ana - The Child,2021,9.8,RPG,N/A,True
Dino Cats,2024,9.1,Casual,Indie,True
Mokoko X: The First Date,2024,9.3,Action,Casual,True
Honey Peach Clicker,2024,5.1,Action,Casual,True
Castlehold,2021,7.2,RPG,Strategy,True
MSI Electric City: Core Assault,2017,9.2,Action,Adventure,True
Blue Fire: Void Maker,2022,7.4,Indie,N/A,True
防疫英雄,2022,6.6,Casual,Indie,True
Dragon Glory,2017,4.6,Action,Adventure,True
Prime Horror II,2022,7.4,Casual,Indie,True
International Space Station Tour VR,2018,8.4,Casual,Indie,True
Lumin's Path,2020,7.7,Adventure,Casual,True
Cirno's Perfect Summer Vacation,2020,8.6,Adventure,N/A,True
STUG,2023,7.7,Action,N/A,True
nofio wireless adapter for Valve Index,2024,3.0,N/A,N/A,True
Toki Time Trial,2018,9.4,N/A,N/A,True
Starborne: Frontiers,2024,7.4,Massively Multiplayer,RPG,True
Divine Knockout PTS Playtest,2022,8.8,N/A,N/A,False
Death Dojo,2016,6.9,Action,N/A,True
Security Guy vs AI: The Dawn of AI,2021,8.5,Action,Indie,True
Nightingale Playtest,2024,7.3,N/A,N/A,False
Ashfall Playtest,2023,5.8,N/A,N/A,False
Aliens Attack VR,2019,8.3,Action,Casual,True
Metallic Metronome,2020,8.8,Casual,Indie,True
Dark Eden Origin,2017,4.1,Massively Multiplayer,RPG,True
Blood Wizard Odyssey,2022,9.7,Adventure,Indie,True
Off-Road Super Racing,2016,4.8,Racing,N/A,True
Mi Scusi,2021,9.2,Action,Adventure,True
Eternal Dreamers,2021,8.5,Indie,RPG,True
Virtual Exhibition,2020,9.4,Indie,Simulation,True
Nick,2017,8.0,Action,Indie,True
Gal-X-E,2016,8.7,Action,Adventure,True
Rivals 2 Playtest,2024,9.2,N/A,N/A,False
Rollout,2016,5.9,Action,Casual,True
Punk Wars: Prologue,2021,7.6,Strategy,N/A,True
Mourning Inc,2021,3.8,Action,Adventure,True
UEBERNATURAL: The Video Game - Prologue,2021,9.4,Action,Adventure,True
Team Four Star RPG,2017,8.1,Indie,RPG,True
Virtual Families 3,2023,6.2,Simulation,N/A,True
Ruthless Conquest,2019,8.5,Strategy,N/A,True
Sentinel,2014,6.4,Indie,Strategy,True
Eukarion Tales: Origins,2023,9.6,Action,RPG,True
Dangerous Fellows: Otome Game,2023,4.4,Adventure,Casual,True
Mortgage nightmares,2024,9.1,Casual,Indie,True
NARAKA: BLADEPOINT - Test Server Playtest,2020,9.3,N/A,N/A,False
七雄纷争,2022,7.1,Massively Multiplayer,RPG,True
SWAT,2021,4.2,Action,Massively Multiplayer,True
Ultimate Logic Puzzle Collection,2019,8.4,Casual,Indie,True
HellFurnace,2023,7.1,Action,Indie,True
Reverie Knights Tactics: Prologue,2021,6.8,Adventure,Indie,True
Disney's The Lion King,2017,6.6,Action,Adventure,False
Blocky Ball,2021,8.4,Casual,Sports,True
Souls of the Wind,2021,5.6,Adventure,Indie,True
Vigorus,2022,8.7,Indie,N/A,True
Endless Furry Ping-Pong,2021,7.4,Casual,Indie,True
On Track,2024,9.5,Casual,N/A,True
Mausoleum of the Medusa,2016,7.5,Action,Adventure,True
Life on the Edge,2022,9.1,Action,Simulation,True
Rise: Battle Lines,2015,6.6,Indie,Strategy,False
Idle Plant Game,2023,4.9,Casual,Simulation,True
VRMultigames,2016,7.8,Action,Casual,True
Raifu Wars,2022,8.8,Indie,Strategy,True
Жмурки (Детектив Онлайн 1v1),2023,8.2,Massively Multiplayer,Strategy,True
OpenVR Benchmark,2019,7.1,N/A,N/A,True
Pinecone Game,2021,8.5,Adventure,Casual,True
Deteriorate.1,2024,9.5,Adventure,Indie,True
Pigeon Protocol,2023,8.7,Action,Casual,True
Diluvian Ultra: Awakening,2024,7.9,Action,N/A,True
Apple,2024,5.1,Casual,Indie,True
Hard Times,2020,8.9,Action,Indie,True
Jumping Master(跳跳大咖),2019,6.4,Action,Adventure,True
MiniState,2020,6.0,Indie,Massively Multiplayer,False
武林至尊传,2024,7.9,Action,Adventure,True
Transcender,2020,8.5,Indie,N/A,True
Astrometica Playtest,2024,9.8,N/A,N/A,False
Epic Fun,2019,6.5,Casual,Indie,True
Clodhoppers,2021,9.6,Action,Indie,False
Spellfarers,2024,3.7,Adventure,Casual,True
Castle of Alchemists: Prologue,2024,9.4,Action,Adventure,True
Stories of Mara,2021,8.9,Adventure,Casual,True
Rock the Islands,2024,9.2,Adventure,Casual,True
Godrop:Prologue,2024,9.2,Action,Indie,True
Capsular,2019,8.5,Action,Indie,True
SpellKnights,2016,4.6,Action,N/A,True
ProjectM : Dream,2017,8.5,Simulation,N/A,True
WorldQuest,2018,7.0,Action,Indie,True
Raiders of Treasure Island,2024,5.2,Action,Adventure,True
The Fallen,2020,6.2,Action,Adventure,True
Children of Orc,2016,6.7,Strategy,N/A,True
Hard West 2 Playtest,2022,9.6,N/A,N/A,False
Over The Phone,2021,8.7,Indie,Simulation,True
Peblito: Rock and Roll,2021,7.7,Action,Adventure,True
The Stoevi Curse,2023,8.0,Action,Adventure,True
Wheel of Innocence,2022,9.0,Casual,Indie,True
GUNZO!,2021,8.8,Action,N/A,True
ALLBLACK Phase 1,2020,7.5,Action,Adventure,True
Heavenly Peaks Cultivation,2023,7.6,Adventure,Indie,True
Red Embrace: Mezzanine,2021,8.9,Adventure,Casual,True
The Archipelago,2022,9.3,Casual,Indie,True
Staden under Gamlestaden,2019,8.3,N/A,N/A,True
WillWalker,2021,8.9,Action,Casual,True
Aetheria Online,2019,7.0,Adventure,Indie,False
Geology Business,2017,5.8,Casual,Indie,True
Five Stages of Pink,2022,9.9,Adventure,Casual,True
Bullseye,2018,8.5,Action,Casual,True
Haxity,2020,7.8,Indie,Strategy,True
Ashes to Ashes,2023,6.1,Action,Adventure,True
Forgotten Myths CCG,2016,5.3,Indie,Strategy,True
Strinova Playtest,2024,9.0,N/A,N/A,False
ImageStriker,2019,9.4,Action,Casual,True
Survival Engine,2021,7.5,Adventure,Simulation,True
MAGIX Video deluxe 2017 Plus Steam Edition,2016,4.8,N/A,N/A,False
Light Maze,2022,9.9,Casual,Indie,True
Order Up VR,2019,7.6,Casual,Indie,True
Wonder Boy Returns,2016,7.6,Action,Casual,False
Last Mortem,2021,7.1,Action,Indie,True
Praesidium,2021,7.6,Action,Indie,True
malViolence - Definitive Edition,2023,9.4,Casual,Indie,True
Chill Drive,2023,9.5,Casual,Indie,True
Puzzle Girls: Alexa,2020,7.5,Casual,Indie,True
The Glade,2021,6.1,Action,Adventure,True
IndependANT,2023,8.4,Action,Adventure,True
Forgotten Lore,2017,6.6,Casual,Indie,False
Dev Inc,2021,6.0,Casual,Indie,True
Raidfield 2,2020,4.6,Action,Massively Multiplayer,True
Hot Heat Reset: Chapter 1,2023,9.0,Action,Indie,True
"In Case of Emergency, Release Raptor",2016,7.3,Action,Adventure,True
Heroes of Eldemor,2021,7.3,Action,RPG,True
Space Warfare,2021,5.7,Casual,Indie,True
ENDLESS BECOMING - APARTMENT,2021,7.6,Indie,N/A,True
Family Hidden Secret - Hidden Objects Puzzle Adventure,2019,4.5,Adventure,N/A,True
Martial arts-God of War,2024,6.9,Action,Adventure,True
Acolyte: Prologue,2021,7.8,Adventure,Indie,True
Beholder 3 Playtest,2021,9.2,N/A,N/A,False
Aashaa,2023,9.4,Action,Adventure,True
DOOM Eternal: idStudio,2024,9.6,N/A,N/A,True
My Camp of Memories: Episode 1,2023,8.9,Adventure,Indie,True
We Slay Monsters,2017,9.5,Indie,RPG,True
School Grounds,2018,4.4,Casual,Indie,True
Aierlon,2022,7.2,Adventure,Indie,True
Crunch Time!,2014,5.2,Casual,Indie,True
RAW FOOTAGE,2018,6.0,Adventure,Indie,True
CAPCOM GO! Apollo VR Planetarium,2019,8.7,Casual,Indie,True
胡莱三国3,2021,6.1,Casual,Massively Multiplayer,True
鈴集無名の丘 Little Doll Queen,2023,9.0,Action,Indie,True
Fighter Royale - Last Ace Flying,2019,6.3,Action,Massively Multiplayer,True
Banana Cat,2024,5.6,N/A,N/A,True
Cumdy,2023,9.3,Casual,N/A,True
Bio Bots,2021,7.1,Action,Casual,True
Guns N' Boxes,2022,7.8,Action,Indie,True
First Session,2021,8.0,Adventure,RPG,True
Card Blitz: WWII,2020,6.0,Casual,Indie,True
New Meaning,2021,6.7,N/A,N/A,True
MonsterxMan: Inheritence To Lust,2018,7.9,Adventure,Indie,True
Amarok Dreams Demo,2020,6.0,Adventure,Indie,True
Ostrofa,2020,6.2,Action,Adventure,True
Dispersio,2016,8.9,Adventure,Indie,True
Emerald Dreams: Sanity - Platformer Quest,2024,9.5,Action,Adventure,True
Rise of Humanity: Prologue,2021,7.2,Action,RPG,True
Beat Boxers,2018,4.8,Action,N/A,True
Infinite Stars - The Visual Novel,2022,9.1,Adventure,Casual,True
Vertical Shift,2021,8.0,Action,Adventure,True
Ishmael,2018,5.7,Adventure,Casual,True
Pixel Poops,2021,8.8,Action,Casual,True
DrainLive,2019,7.7,Action,Indie,True
Calamari Clash,2020,7.9,Action,Adventure,True
Aerial Guardian,2018,2.8,Action,Indie,True
Davyria: Heroes of Eternity,2017,7.2,Action,Adventure,True
Spellgear,2017,6.8,Action,Indie,True
The Rabbit's Scroll,2022,9.5,Action,Casual,True
The 2020 Trail,2021,9.1,Casual,Strategy,True
World of Guns: VR,2019,3.6,Simulation,N/A,True
混沌战域,2024,7.4,Action,Indie,True
RealFlight 8,2018,8.3,Indie,Racing,False
Astonia Resurgence,2021,8.0,Action,Adventure,True
Evergreen - Mountain Life Simulator: PROLOGUE,2022,5.9,Simulation,N/A,True
Katto: Rising Tides,2024,9.4,Adventure,N/A,True
Tales From Hoia Baciu Forest,2022,6.8,Adventure,Casual,True
Eye of the Owl - Bosch VR,2019,9.3,Simulation,N/A,True
Space Battle Royale,2023,9.1,Action,Casual,True
ANYKEY,2018,8.3,Action,Casual,True
Therais Book,2021,6.2,Adventure,Indie,True
Gangster coin pusher,2023,7.0,Casual,Simulation,True
U-BOOT The Board Game,2019,7.0,Simulation,N/A,True
All Day Dying: Redux Edition,2019,8.4,Action,Indie,True
Green New Deal Simulator,2023,8.8,Casual,Indie,True
Butsbal,2015,5.7,Action,Indie,True
Karos Classic,2023,6.3,Action,Adventure,True
TRIBES 3: Rivals Playtest,2024,7.3,N/A,N/A,False
Goober Dash,2023,9.8,Action,Casual,True
Escapeworld Dilemma,2021,7.6,Adventure,Indie,True
ShotForge,2016,7.6,Indie,Simulation,True
MOON BASE,2021,5.9,Casual,Simulation,True
RoBros,2017,5.2,Action,Indie,True
Trenches of War,2017,9.0,Action,Casual,True
Lhama Clicker Prologue,2023,9.1,Casual,Indie,True
Nobody's Left Playtest,2023,8.9,N/A,N/A,False
Wonhon: Prologue,2021,8.5,Action,Adventure,True
Baldwin's Bear,2022,10.0,Adventure,Indie,True
Infinite Blue,2024,7.0,Indie,RPG,True
Quacktown Smackdown,2023,6.8,Action,Indie,True
GRIT Playtest,2021,5.0,N/A,N/A,False
OESE,2016,8.4,Casual,Indie,True
Cubzh (Open Alpha),2021,8.1,Action,Casual,True
Dot's Home,2021,8.8,Casual,Indie,True
Sword & Shield Simulator Playtest,2023,5.9,N/A,N/A,False
满庭芳宋上繁华 Playtest,2022,9.5,N/A,N/A,False
Brisk Square Demo,2021,8.2,Action,Adventure,True
Oh Trap!,2018,7.5,Action,Casual,True
Unsung Kingdom,2020,9.0,Indie,RPG,True
BLACK ACE,2022,4.6,Action,Indie,True
Our Elusive Suffering,2022,6.6,Indie,N/A,True
VDSC: VoltIsland,2023,5.8,Action,Indie,True
Tombo Survivor,2020,9.6,Action,N/A,True
Multi Turret Academy: Prologue,2023,9.4,Action,Indie,True
Pixel Royale 3D,2024,4.9,Action,Indie,True
Meor Playtest,2021,9.5,N/A,N/A,False
"Forgive My Sins & Desires, Father - Boys Love (BL) Visual Novel",2022,8.6,Casual,Indie,True
Disco Time 80s VR,2017,6.2,Casual,Indie,True
Stellarcraft The Prologue,2024,9.4,Casual,Indie,True
远征契约,2022,7.7,Adventure,Casual,True
Fallopian Frenzy! Come Again?,2024,9.6,Casual,Indie,True
Fantasy Jigsaw Puzzles,2023,9.0,Casual,Simulation,True
Demonpact: Clarice,2021,9.6,Adventure,Casual,True
无尽星途,2023,7.6,Action,Adventure,True
WWII: Rising,2020,4.4,Action,Indie,True
MUG,2024,5.7,Action,Casual,True
Critical Compendium,2019,9.4,N/A,N/A,True
Eos,2021,7.8,N/A,N/A,True
伏妖绘卷,2022,4.9,Casual,RPG,True
There's no Socks,2024,8.0,Casual,Indie,True
Pixel Fixel,2024,10.0,Casual,N/A,True
Ancient Saga: Vikings Journey,2023,9.2,Adventure,Casual,True
Echoes of the Fey Episode 0: The Immolation,2017,8.5,Adventure,Indie,True
Infinitrap Classic: Ohio Jack and The Cup Of Eternity,2015,7.7,Action,Adventure,True
Escape First Alchemist: Prologue,2022,8.4,Adventure,Casual,True
Call of Da Wild,2018,5.7,Action,Adventure,False
Party Pie: Free Pie,2022,8.0,Action,Casual,True
Human Apocalypse: Prologue,2021,8.6,Action,Adventure,True
Solaris,2021,8.2,Strategy,N/A,True
Crab Champions Playtest,2023,10.0,N/A,N/A,False
Bloody Rally Show: Prologue,2020,9.2,Action,Indie,True
Solenars Edge Rebirth,2017,7.2,Indie,RPG,True
WarZone Flashpoint,2018,5.2,Action,Indie,True
Sportsfriends,2014,8.0,Indie,Sports,True
Forbidden Fruit,2022,6.5,Adventure,Casual,True
The Outcast Lovers,2020,6.8,Adventure,Casual,True
The Red Button,2024,7.1,Indie,N/A,True
LONE WOLF: Horizon,2016,2.8,Action,Adventure,False
Picross for a Cause,2020,9.9,Casual,Indie,True
Warlocks Quarry,2022,9.1,Action,Adventure,True
Artillery Cats,2018,7.9,Casual,N/A,True
Deluge: Sermon for the Dead,2024,7.8,Adventure,Indie,True
CipherCraft: Cyber Guardian Introduction,2024,6.7,Action,Casual,True
AChat Next,2022,3.5,Casual,Massively Multiplayer,True
Purgo box,2021,9.1,Adventure,Indie,True
Bureau of Contacts: Mansion,2024,9.6,Action,Adventure,True
A Hint of Purple,2023,9.6,Casual,Indie,True
Aetherspace,2017,6.4,Indie,Strategy,True
In the Darkness of the Sea,2017,7.9,Adventure,Indie,True
My Boss Leidi,2023,9.4,Casual,Indie,True
Coast Defender,2023,8.6,Action,N/A,True
Jigs4w3D Puzzle Challenge,2024,8.6,Casual,Indie,True
DreamScapes Dimensions,2021,4.2,Indie,Massively Multiplayer,True
What is snowman made of?,2023,9.2,Adventure,Casual,True
The Colossus Is Coming: The Interactive Experience,2021,7.6,Casual,Indie,True
Notre-Dame de Paris: Journey Back in Time,2020,7.6,Casual,N/A,True
Furriend,2024,10.0,Casual,N/A,True
Paradise Puzzle!,2022,3.2,Action,Casual,True
New Warfare,2024,7.6,Action,Indie,True
Lords of Kingdoms,2018,4.5,Indie,Massively Multiplayer,True
Turner,2016,9.0,Action,Adventure,True
Quacker Bros : First Heist,2024,9.6,Indie,N/A,True
Last Minute Shopping,2023,8.3,Casual,Indie,True
Star Melody Yumemi Dreamer,2022,7.3,Adventure,N/A,True
Dungeonbowl - Knockout Edition,2012,2.6,Sports,Strategy,False
ComPet - Epic Beast Battles,2016,6.0,Strategy,N/A,False
Nemezis: Mysterious Journey III Prologue,2021,8.3,Action,Adventure,True
Time Break,2019,7.0,Action,Indie,True
Kurukshetra: Ascension,2022,7.8,Adventure,RPG,True
The Deer,2019,6.9,Adventure,Indie,True
SCP: Rulebreaker,2024,5.8,Adventure,Indie,True
My Friend The Spider,2024,8.8,Adventure,Simulation,True
Ninza,2024,9.9,Action,Indie,True
Crown Delights Deli,2022,7.9,Casual,Indie,True
Entity Researchers: Prologue,2022,8.4,Indie,RPG,True
My Free Farm,2019,6.6,Casual,Simulation,True
Operation Food to Gold,2024,5.7,Casual,Indie,True
MouseVentures,2024,9.7,Casual,N/A,True
Gem Wars: Attack of the Jiblets,2015,6.1,Action,Casual,True
SWEET MILF,2020,8.3,Adventure,N/A,True
Re-O-Ri,2019,9.2,Indie,Strategy,True
Love And Order,2015,4.8,Casual,Indie,True
Duelyst II Playtest,2022,9.5,N/A,N/A,False
AGNI,2022,9.0,Adventure,Casual,True
Endless Combat,2017,7.7,Action,Casual,True
Waking Up: Way Back Home,2023,9.1,Adventure,N/A,True
Lost In Malul,2022,8.7,Action,Adventure,True
Downtown Jam,2022,7.9,Simulation,Sports,True
ball,2024,7.3,Adventure,Casual,True
LEAP Playtest,2023,7.1,N/A,N/A,False
Monster Girl Incursion,2020,9.1,Action,Adventure,True
Monsters Domain Playtest,2024,8.2,N/A,N/A,False
Indie Dev Story,2024,8.1,Indie,Simulation,True
Revenge of the Killer Octopus,2022,7.7,Action,Casual,True
Above,2024,9.4,Action,Adventure,True
fishy,2021,9.5,Casual,Indie,True
Elsewhere High: Chapter 1 - A Visual Novel,2017,6.8,Adventure,N/A,True
Deceive Inc. Playtest,2023,9.1,N/A,N/A,False
捕鱼炸翻天,2020,3.8,Adventure,Casual,True
Ninja Rift,2024,6.8,Action,RPG,True
The Far Rings: A Space Opera Visual Novella,2019,8.4,Casual,Indie,True
Little Square Things,2019,8.7,Indie,Strategy,True
Age of Pyramids,2022,3.6,Strategy,N/A,True
Monster Racing League,2023,8.2,Casual,Racing,True
Cat,2024,6.2,Casual,Simulation,True
White Pearl,2017,7.6,Action,Adventure,True
Pixel Collector,2024,6.8,Simulation,N/A,True
La Villa de la Muerte,2022,6.3,N/A,N/A,True
RTX Sweeper,2022,7.9,Indie,N/A,True
SurrealVR,2016,6.1,Adventure,Casual,True
Undying Symphony,2024,8.4,Action,Adventure,True
DunDun VR,2021,9.2,Adventure,Indie,True
Driftwood The Visual Novel,2016,5.4,Casual,Indie,True
Three Kingdoms: Battle of Generals,2023,7.5,Massively Multiplayer,Simulation,True
Baezult,2016,7.8,Adventure,Indie,True
Panic Room 2: Hide and Seek,2018,4.7,Adventure,Casual,True
Isekai Eternal Alpha,2021,6.2,Action,RPG,True
Notes From Province,2022,8.6,Adventure,Casual,True
ACID Music Studio 10 - Steam Powered,2015,6.8,N/A,N/A,False
Billie Bust Up Playtest,2023,9.9,N/A,N/A,False
Dragon Spirits 2 : Prologue,2024,9.9,Adventure,Indie,True
"Abort, Retry, Fail",2022,8.9,Action,Adventure,True
NeonBall,2018,5.4,Casual,Indie,True
ENGAGE,2018,8.3,N/A,N/A,True
Cursed,2023,4.7,Action,Adventure,True
Lootbawx,2024,6.8,Casual,N/A,True
DreamFly,2020,7.2,Adventure,Indie,True
Seraphim Slum,2024,9.7,Indie,N/A,True
Curiosity,2018,7.9,Casual,Indie,True
ScreenPlay CCG,2024,7.1,Strategy,N/A,True
Blade Assault Playtest,2021,9.2,N/A,N/A,False
Last Broadcast,2023,8.3,Adventure,N/A,True
Consternation II,2020,8.9,Action,Adventure,True
MELLOWOLLEM,2023,8.8,Adventure,Casual,True
Knock on the Coffin lid: Prolog,2024,9.2,N/A,N/A,True
Holstin Playtest,2022,9.7,N/A,N/A,False
Chicken Fight,2023,8.0,Action,Adventure,True
Rescue Bear Operation,2016,7.7,Action,Adventure,True
ST World,2023,6.7,Adventure,Casual,True
RBO Playtest,2024,8.8,N/A,N/A,False
Down Ward,2019,8.9,Action,Indie,True
SpritePile,2019,9.3,N/A,N/A,True
Forgotten Hill The Third Axis,2023,7.5,Adventure,Indie,True
Flow Parkour,2024,7.2,Action,Casual,True
Auro: A Monster-Bumping Adventure,2016,8.4,Strategy,N/A,True
Poly Runner VR,2016,8.3,Casual,Indie,True
Nightork Adventures - Beyond the Moons of Shadalee,2016,5.2,Action,Indie,True
Dirty Harry's Thunder Drive,2020,7.7,Action,Casual,True
Amoreon NightClub,2017,7.6,Simulation,N/A,True
Necromancer Accountant,2017,7.2,Casual,Indie,True
Ludu,2016,7.7,Adventure,Indie,True
Monday Meltdown,2024,9.9,Action,Indie,True
Dr. Carlos' Personality Exam,2023,9.2,Casual,Indie,True
Bass Monkey,2022,9.2,Action,Casual,True
Heroes of Arca,2017,6.8,Indie,RPG,True
Nebula Realms,2022,4.0,Casual,Massively Multiplayer,True
Towers Together: Beginnings,2023,8.8,Casual,Indie,True
xVASynth,2022,7.1,N/A,N/A,True
Pluto,2018,4.1,N/A,N/A,True
Superstorm Melon Date,2021,9.2,Casual,Indie,True
Pizzeria,2024,5.7,Action,Adventure,True
Titan Revenge,2023,6.3,Massively Multiplayer,RPG,True
Oraxum Trials,2022,6.8,Casual,Indie,True
Idle Sand Castle,2022,3.9,Casual,N/A,True
Whisper Books,2022,8.0,Adventure,Casual,True
Survive The Island,2021,5.6,Action,RPG,True
Telepathy Zero,2017,4.4,Casual,Indie,True
Steampunk Genius,2020,9.1,Indie,Simulation,True
Dog Clicker,2022,5.2,Adventure,Casual,True
Halo 2 Mod Tools - MCC,2021,8.9,N/A,N/A,False
League of Angels: Pact,2023,4.1,Action,Adventure,True
Cats of the Song Dynasty,2024,9.9,Casual,Simulation,True
Heart Abyss Playtest,2024,10.0,N/A,N/A,False
Slightly Heroes VR,2018,6.7,Action,Casual,False
Patent9 - Goddess of Trust,2018,7.4,Adventure,N/A,True
My Light In The Dark,2019,9.3,Adventure,Indie,True
Derpy Dinos,2017,7.6,Action,Casual,True
ULTRAWORLD EXODUS,2014,7.4,Indie,N/A,True
DeathMatch,2019,6.2,Action,Indie,True
North Stars,2018,8.2,N/A,N/A,True
ZombiesWaves,2021,4.5,Action,Adventure,True
Watch Your Back,2022,4.6,Action,Casual,True
Maze,2021,8.8,Action,N/A,True
Super Ride Grandpa,2022,9.7,Racing,N/A,True
Budget Backrooms,2023,9.6,Adventure,Casual,True
8i - Make VR Human,2016,6.5,Adventure,N/A,True
Scary School Simulator 2,2023,5.4,Action,Adventure,True
Paws and Soul: First Step,2020,5.8,Adventure,Indie,True
Corsairs Madness Prologue: Jungles Island,2023,9.9,Action,Adventure,True
You Doesn't Exist,2017,6.1,Indie,RPG,True
Tavern Crawl,2022,6.9,Action,Adventure,True
Aim FTW,2019,6.1,Action,Adventure,True
小怪物必须死,2021,6.6,Action,Adventure,True
Narco Strike,2019,5.9,Action,Adventure,True
Bloodlines of Prima,2020,5.5,Action,Adventure,True
双生幻想,2023,8.8,Action,Indie,True
Just A Dream,2017,8.1,Action,Indie,True
Retro Combat,2023,8.0,Action,N/A,True
Symploke: Legend of Gustavo Bueno (Chapter 1),2017,8.4,Adventure,Indie,True
Quiet Godo,2020,7.2,Action,Indie,True
16 Bit Arena,2015,5.7,Action,Casual,False
The Horus Heresy: Battle of Tallarn - Iron Edition,2017,5.0,Strategy,N/A,False
Clash of Panzer,2023,6.1,Action,Casual,True
Before Arriving at the Terminal,2019,9.1,Adventure,Indie,True
Not An Angels: Erotic Puzzle,2021,6.9,Casual,N/A,True
幻境启示,2024,10.0,Action,Adventure,True
Nuts,2024,6.2,Action,Adventure,True
Flappy Souls,2023,9.9,Casual,Indie,True
Surgera VR,2018,5.3,N/A,N/A,True
Wequer,2019,9.3,Indie,Strategy,True
AvaKit,2023,6.4,N/A,N/A,True
Kemono Friends Opening Day,2023,9.9,Adventure,Indie,True
Runes of Pandemonium,2022,9.5,RPG,N/A,True
Jonah's Path,2016,7.0,Indie,N/A,True
公主观众,2024,9.9,RPG,N/A,True
Vaccine19,2020,7.7,Action,Casual,True
50,2022,4.5,Casual,Indie,True
Dragon World,2018,6.4,Action,Indie,True
Mr. Mat Hematic,2023,8.5,Casual,Indie,True
Orphan of the Petal,2019,7.5,Adventure,Casual,True
Heart of the Emberstone: Coliseum,2017,8.9,Adventure,Indie,True
Coregrounds,2018,7.0,Indie,Strategy,False
RagBrawl,2023,8.1,Action,Casual,True
At Winter's End,2023,9.5,Adventure,Casual,True
The Debug,2020,8.1,Action,Adventure,True
로스팅 리포트:대학생 수면제 사망사건,2021,8.4,Casual,Simulation,True
Food Truck Simulator Playtest,2022,8.2,N/A,N/A,False
Yearning: A Gay Story,2021,7.3,Casual,Simulation,True
Plants Huddled Together,2024,9.7,Casual,N/A,True
Save the Pirate: Sea Story,2021,7.8,Action,Adventure,True
Gravity,2020,8.6,Action,Casual,True
Towerful Defense: Prologue,2024,8.8,Action,Casual,True
Vision,2018,7.3,Casual,Indie,True
Yin-Yang Ping-Pong,2024,9.6,Casual,Simulation,True
Comet Crasher,2019,9.0,Action,Indie,True
Dawn of Corruption,2021,9.6,Adventure,Indie,True
BLEAK: Welcome to Glimmer,2016,9.0,Action,Indie,True
Solitude Underwater,2022,6.4,Action,Adventure,True
The Stranded Traveler,2023,6.9,Action,Adventure,True
Cardeneer,2023,10.0,Indie,Simulation,True
Soulcaster,2020,9.3,N/A,N/A,True
Alternate Universe Playbook,2023,9.7,N/A,N/A,True
Recursive Hate - Spider Hell,2021,8.8,Action,Indie,True
Azure,2020,9.3,Action,Indie,True
A Wholesome Game About Farming,2022,9.9,Indie,RPG,True
What Lies in the Multiverse - Prologue,2022,9.7,Action,Adventure,True
UnHappy Place,2022,9.4,Casual,N/A,True
Astra Hunter Zosma,2024,9.9,RPG,N/A,True
"tERRORbane: an INTRODUCTION, mostly",2021,9.6,Adventure,Indie,True
Intruder Alert: Ixian Operations,2016,6.5,Indie,Strategy,True
SPEARHEAD,2022,9.6,Casual,Indie,True
Primordials: Battle of Gods,2021,4.4,Strategy,N/A,True
Lunarsea,2017,7.1,Action,Casual,True
Chicku,2016,9.0,Action,Casual,False
Conquer: Napoleonic Wars,2022,7.6,Indie,Strategy,True
41 Hours: Prologue,2021,6.0,Action,N/A,True
西游记福利版,2024,5.8,Adventure,Casual,True
Demolish & Build 3 Prologue,2024,7.1,Indie,Simulation,True
Fortuito: Lost History,2021,8.1,Action,Adventure,True
Magnesia,2019,7.6,Adventure,Casual,True
Audio Factory,2017,8.3,Adventure,Casual,True
Wrath of Anias,2022,6.8,Adventure,Casual,True
Public Enemy: Revolution Simulator,2019,8.9,Action,N/A,True
第一千零二夜的童话,2022,9.2,Adventure,Indie,True
Into the Waves,2021,9.4,Adventure,Casual,True
封神纪传奇,2020,5.3,Action,Adventure,True
BUTT,2024,6.0,Simulation,N/A,True
One Man Is Not No Man,2016,9.0,Action,Indie,True
Infinite Borders,2023,2.8,Casual,Massively Multiplayer,True
Winds of Change - The Opening Act,2019,8.7,Adventure,Indie,False
Not in Heaven,2019,5.2,Action,Adventure,True
Cyber Slayer,2022,8.6,Action,N/A,True
DECIDIT,2024,9.3,Action,Indie,True
Hentai Senpai: Sukebe Nekomimi no Yoru,2023,7.2,Casual,Indie,True
Instant War,2022,6.8,Massively Multiplayer,Strategy,True
Project Amalthea: Battlegrounds,2020,6.2,Action,Indie,True
Legend of the Holy Sword,2024,7.2,Action,Casual,True
Geometry Boxer,2018,6.6,Action,Casual,True
The Alpine Express,2023,9.0,Adventure,Casual,True
BATTLE STEED : GUNMA (배틀 스티드 : 군마),2022,4.5,Action,N/A,True
Arcus,2020,9.3,Action,N/A,True
Land of the Mage Lords,2023,9.3,Casual,Indie,True
Clash of Irons,2022,6.6,Massively Multiplayer,RPG,True
VRSailing by BeTomorrow,2017,8.9,Indie,Simulation,True
Kriegsfront Battlescaper - Diorama Editor,2022,9.6,Casual,Indie,True
TENET,2018,7.3,Action,Indie,True
Camp Focus,2022,8.9,Casual,Indie,True
Gorge,2021,8.7,Action,Indie,True
Depths of Limbo,2017,7.6,Action,Adventure,True
Tactical Control,2019,8.5,Casual,Indie,True
Fabular: Prologue,2022,9.4,Action,Adventure,True
活下去,2019,4.6,Action,Adventure,True
bridg,2021,5.8,Casual,Indie,True
Rokka,2020,7.9,Action,N/A,True
Sophie's Guardian,2018,7.3,Action,Indie,True
MusicWave,2020,6.8,Action,Casual,True
Misfire,2019,5.8,Action,Casual,True
Horror Villa 恐怖撤锁,2021,6.6,Indie,Racing,True
噬元之主,2018,6.1,RPG,N/A,True
The Sun Will Rise,2016,5.5,Action,Adventure,True
STAR WARS: The Old Republic - Public Test Server,2021,7.0,Massively Multiplayer,N/A,True
Coconut,2024,5.9,Casual,Simulation,True
Meat Madness,2022,7.7,Adventure,Casual,True
DreamWatcher,2020,8.3,Action,Adventure,True
World War 2: Strategy Simulator,2022,3.4,Simulation,Strategy,True
Sellswords: Ashen Company,2019,7.0,Action,Strategy,False
Bengan Yes,2022,9.0,Action,Indie,True
Crystal Guardians Prologue,2024,9.3,Casual,Strategy,True
LOGistICAL: ABC Islands,2018,7.2,Casual,Indie,True
ぶんまわしヒーロー / Full Swing Hero,2019,8.7,Action,Indie,True
Iron Jaw,2022,7.6,Action,Indie,True
Easy Bug Manager,2020,9.7,N/A,N/A,True
Shelley Manor,2024,8.2,Adventure,N/A,True
NEAR DEADline,2020,8.9,Action,Casual,True
Serene Asylum,2021,5.8,Indie,N/A,True
Raw Nerve,2023,8.7,Racing,Simulation,True
Kogarashi,2022,5.8,Action,Adventure,True
No Way Out,2024,5.5,Action,Adventure,True
创史者Hist Maker,2018,8.3,Casual,Indie,True
BALSA Model Flight Simulator Playtest,2021,9.3,N/A,N/A,False
Zenko: A Fox's Tale,2021,8.7,Adventure,Casual,True
Blue Wednesday: Prologue,2023,9.4,Adventure,Indie,True
Anonymous Hacker Simulator Playtest,2024,9.9,N/A,N/A,False
HARD TAPES,2021,5.4,Action,Indie,True
Graffiti Bombing,2020,6.4,Simulation,N/A,False
A Good Cat and The Graduate Life,2024,10.0,Action,N/A,True
OLI,2022,8.7,Adventure,Indie,True
Arkhangel: The House of the Seven Stars,2018,8.1,Adventure,Indie,True
KóterGame,2018,9.0,Adventure,Indie,True
BloodDome Classic,2023,8.4,Action,Casual,True
WW2 Rebuilder Playtest,2023,9.9,N/A,N/A,False
Scrap,2017,5.0,Action,Indie,True
Sex Search,2022,5.0,Casual,Indie,True
Freeland,2024,4.7,Adventure,Casual,True
oVRshot,2018,8.6,Action,Indie,True
4 for the Money Demo,2018,8.6,Action,Indie,True
Relax Walk VR,2017,5.1,Simulation,N/A,True
Shooty Squad,2017,8.6,Action,Casual,True
SCP: Nemesi - Alpha Testing,2023,7.1,Action,Indie,True
Project Syria,2016,3.9,Indie,Simulation,True
Push Battle,2022,7.4,Action,Casual,True
Fit Puzzle Blocks,2022,8.6,Casual,N/A,True
Drill Core Playtest,2024,9.6,N/A,N/A,False
Card Survival: Tropical Island - The First Days,2022,7.7,Adventure,Indie,True
connect - Virtual Home (3D or VR),2018,4.7,N/A,N/A,True
Halt The Heist!,2022,8.9,Action,Casual,True
Goi: Spooky Run,2023,7.4,Action,Casual,True
TRUFFLE,2024,8.7,Indie,N/A,True
Crawlspace 2,2023,9.7,Action,Strategy,True
War Online: Pacific,2019,4.9,Massively Multiplayer,Simulation,True
Team Rise,2023,6.9,Action,Adventure,True
AV-17,2018,8.1,Action,Casual,True
Shut your teeth,2021,9.4,Adventure,Indie,True
Adapta Solva,2024,9.9,Casual,Indie,True
Domiverse,2018,9.6,Action,Indie,True
7776 II: Dwarven Greed,2019,8.0,Casual,Indie,True
Shadow Hunter,2015,6.2,Indie,RPG,True
Cepheus Protocol Playtest,2022,8.6,N/A,N/A,False
Avocado,2024,5.1,Adventure,Simulation,True
Kare wa Kanojo,2019,8.4,Indie,Simulation,True
Fractured Horizon,2024,9.9,Adventure,Casual,True
Mossy Pixels,2023,9.4,Casual,Indie,True
King of Light,2023,9.6,Casual,Indie,True
Museum of Symmetry,2018,9.6,Adventure,Casual,True
冰橘布丁,2021,7.4,Indie,RPG,True
Ripple Effect,2017,7.0,Action,Adventure,True
Citizens: On Mars - Prologue,2023,7.7,Simulation,Strategy,True
Downbass Warriors: Heroes of Maydamn,2023,8.0,Action,Massively Multiplayer,True
Monster Mystery,2022,6.8,Action,Indie,True
Deep Rock Galactic: Survivor Playtest,2023,9.7,N/A,N/A,False
Hotfix,2020,7.5,Action,Casual,True
Sonata Theory,2021,9.4,Indie,N/A,True
First Person Shooter Kit Showcase,2020,8.7,Action,N/A,True
Croissant,2024,5.1,Action,Indie,True
MONITOR: The Game,2017,8.7,N/A,N/A,True
Veneficium: A witch's tale,2021,6.2,Adventure,Casual,True
It's Dark,2022,6.8,Action,Casual,True
Extraction Valley,2019,6.5,Action,Indie,True
Rendezvous: Shadows of the Past,2022,8.3,Adventure,Indie,True
Duloga,2022,8.4,Action,Indie,True
Tlatoani: Aztec Cities Prologue,2024,9.0,Indie,Simulation,True
One Room Nightmare,2024,8.6,Indie,Simulation,True
Granblue Fantasy Versus: Rising Playtest,2023,8.7,N/A,N/A,False
Killbox,2017,6.8,Action,Indie,True
Etherion Online,2023,4.9,Action,Adventure,True
VR Battle Grid,2016,9.0,Action,Casual,True
Agent-00,2020,7.1,Action,Adventure,True
Bolt'N'Punch,2024,8.8,Action,N/A,True
The Art of War: Card Game,2024,8.6,Casual,Indie,True
PoPuP,2023,9.7,Adventure,Indie,True
REVN,2021,7.0,Action,Indie,True
Stories One,2023,6.5,Action,Indie,True
Nith Realms,2023,8.1,Action,Adventure,True
Dual Snake,2018,9.3,Adventure,Casual,True
Powder,2022,7.2,N/A,N/A,True
Pan'orama: Prologue,2023,8.2,Casual,Indie,True
The Song of Terminus 終焉的迴響:護界者之歌,2017,5.4,Action,Indie,True
FIRST STEAM GAME VHS - COLOR RETRO RACER : MILES CHALLENGE,2017,5.4,Action,Casual,True
Song Animals,2019,7.8,Indie,N/A,True
DEAD,2020,8.8,Action,Adventure,True
Desktop Mark,2023,9.1,Casual,Indie,True
RideOp - VR Thrill Ride Experience,2018,7.1,Casual,Simulation,True
Virtual Hero VR,2019,6.8,N/A,N/A,True
Dig Deep,2019,9.3,Action,Casual,True
FURRIFIGHTERS: PREQUEL I,2022,9.1,Action,Indie,True
ColorBlend FX: Desaturation Prologue,2021,9.3,Action,Adventure,True
Counterpick Labs,2024,9.0,Action,Indie,True
King of Avalon,2023,4.3,Strategy,N/A,True
Asurya's Embers,2024,6.6,Action,N/A,True
Halo: Reach Mod Tools MCC,2022,9.1,Action,N/A,False
Clean'Em Up,2016,9.0,Action,Indie,True
Jumpy Haha,2021,8.8,Action,Indie,True
Geadows,2021,8.5,Action,Indie,True
Tetrageddon Games,2023,8.7,Indie,N/A,True
Monster Clicker : Idle Halloween Strategy,2018,4.9,Action,Casual,True
Pinball Inside: A VR Arcade Game,2017,7.9,Casual,Indie,True
No Questions Asked,2023,9.4,Adventure,Casual,True
Bloompunk,2023,8.7,Action,Indie,True
Legacy of the Elder Star,2016,8.8,Action,Indie,True
To the Edge of the Sky,2020,5.9,Action,Adventure,True
仙剑诀网络版,2021,5.9,Casual,Massively Multiplayer,True
Sunline,2022,7.5,Adventure,N/A,True
Knight Squad 2 Trials,2021,9.1,Action,N/A,True
Custodian: Beginning of the End,2021,6.9,Action,Adventure,True
It Lurks in the Woods,2017,7.2,Adventure,Indie,True
Vrideo,2016,5.9,N/A,N/A,True
Blocky Snake,2018,5.9,Action,Casual,True
Zap Zap Zombie Cats,2018,6.3,Action,Casual,True
Stormworm,2016,9.7,Indie,N/A,True
You Have 10 Seconds (2023),2023,9.0,Casual,Strategy,True
Where Are My Mittens,2022,8.5,Adventure,Casual,True
Zombie Death Quota,2022,9.0,Action,Indie,True
Pummel Paladins,2020,9.6,Action,Casual,True
A Boy and His Beard,2018,7.6,Action,Casual,True
Spooky Speakeasy,2020,9.3,Indie,N/A,True
Nyanco Desktop Mascot,2021,9.3,N/A,N/A,True
Путешествие паладина,2021,9.1,Adventure,Indie,True
7th Domain:Tree of Chaos Prologue,2024,8.8,Action,Indie,True
Derealized,2023,8.2,Indie,Simulation,True
SE VR World Demo,2024,7.9,Action,Indie,True
"Its Simple, SHOOT",2019,9.3,Action,Casual,True
苍空的彼端,2024,9.4,Adventure,N/A,True
First Class Trouble Playtest,2021,9.7,N/A,N/A,False
TEMPER MY BLADE,2020,6.3,Adventure,Casual,True
King and Kingdoms,2022,4.0,Massively Multiplayer,Strategy,True
Couroland,2022,5.8,Adventure,Casual,True
HenapoLand,2023,7.9,Simulation,N/A,True
Goddess of Math 数学女神,2019,8.8,Action,Casual,True
Christmas Clicker: Idle Gift Builder,2018,7.2,Casual,Indie,True
Reborn A Zombie!,2023,10.0,Casual,N/A,True
Blasting Courier,2021,8.8,Adventure,Casual,True
HideNProp,2023,4.3,Action,Indie,True
Deep Lake: Prologue,2021,8.1,Action,Adventure,True
Shiitake Showdown,2023,8.2,Action,Indie,True
Dungeon Stalkers Playtest,2024,5.8,N/A,N/A,False
The Oni Sellsword,2018,9.4,Indie,RPG,True
AploVVare Collection,2023,9.3,Adventure,Indie,True
Liminal,2018,6.3,Adventure,Indie,True
Abyss Of Fire,2023,8.4,Action,Adventure,True
Deliver Us From Evil (DUFE),2022,9.3,Casual,Indie,True
Cargo Duty,2024,6.6,Casual,Indie,True
Anvil Playtest,2023,9.1,N/A,N/A,False
DreadMoon,2023,6.6,Action,N/A,True
Roberto el Lagarto,2024,10.0,Action,Casual,True
Eternal Kingdom Battle Peak,2023,4.3,Massively Multiplayer,RPG,True
my brother lives in a canyon,2021,9.6,Adventure,N/A,True
Daddy,2022,6.4,Action,Indie,True
Jigsaw Masterpieces,2019,7.4,Casual,N/A,True
Backyard Brawl,2018,6.4,Indie,N/A,True
Legend of the Phoenix,2022,5.9,RPG,Simulation,True
Package,2023,8.8,Adventure,Indie,True
Force of Nature 2: Prologue,2023,7.9,Action,Adventure,True
Forest Life,2023,9.4,Casual,Indie,True
KartRider: Drift Playtest,2022,8.6,N/A,N/A,False
"Odd Adventure of Chub, Color, 23 and You",2020,8.5,Adventure,Casual,True
Flash Point - Online FPS,2019,5.8,Action,Adventure,True
Burger Kombat,2024,7.7,N/A,N/A,True
Hoyle Official Card Games,2015,5.2,Casual,N/A,False
Reign of Guilds Playtest,2024,7.0,N/A,N/A,False
Melting Hearts: Our Love Will Grow 2,2016,5.8,Adventure,Indie,False
Alchemy Unbound,2024,6.8,Indie,Simulation,True
Ascension: Transition and Silver,2021,9.5,Casual,RPG,True
Blight of the Immortals,2016,6.8,Strategy,N/A,True
Please State Your Name : A VR Animated Film,2016,7.6,Adventure,Casual,True
DreamLand,2016,5.9,RPG,N/A,True
Pair-a-Site,2020,9.8,Action,Indie,True
Arsenal Online,2024,8.8,Action,Casual,True
Pre-Strike,2021,5.9,Casual,N/A,True
街机金蟾捕鱼2,2020,4.1,Adventure,Casual,True
Just Pizza,2024,5.6,Adventure,Casual,True
The Picture of Café au lait,2023,9.1,Adventure,Casual,True
Halo Beats!,2020,9.4,Indie,N/A,True
Dirty Texts - Melissa's Secret,2023,8.6,Casual,Indie,True
The Lost,2016,5.8,Adventure,Casual,False
2236 A.D. Secretary Stories,2021,7.7,Casual,Indie,True
The Lost Island,2015,2.7,Adventure,N/A,False
Agelast,2022,6.4,Indie,N/A,True
Guardians: Royal Journey,2021,6.4,Action,Adventure,True
Microgons,2017,8.3,Strategy,N/A,True
Reaping Rewards,2017,6.2,Adventure,N/A,True
Robocraft 2 Playtest,2024,6.2,N/A,N/A,False
A War of a Madman's Making,2024,9.7,Adventure,Indie,True
BiblioMania,2022,8.3,Casual,Indie,True
A Living Room,2024,8.9,Adventure,Casual,True
Cyan's Snow House,2024,9.4,Adventure,Casual,True
LandTraveller,2017,9.1,Indie,RPG,True
enJoyTyping,2022,7.0,Indie,N/A,True
That's Not How it Happened,2022,9.8,Action,Adventure,True
Rabbit Hole Chapter 1,2023,8.0,Action,Adventure,True
Rival Rampage,2017,8.0,Action,Indie,True
ERRANTE,2022,8.0,Adventure,Indie,True
MagicCraft,2023,7.6,Action,Massively Multiplayer,True
Magical Girl Survivors: Prologue,2022,6.1,Action,Indie,True
Zombie Vikings: Stab-a-thon,2016,7.4,Action,Indie,True
大师捕鱼,2024,8.0,Adventure,Casual,True
Super Rad Raygun,2016,6.4,Action,Adventure,False
"Winter Worm, Summer Grass",2019,9.2,N/A,N/A,True
ProtoGalaxy,2010,6.1,Action,Indie,True
Kanova,2018,7.7,N/A,N/A,True
Military Operations: Benchmark,2018,5.2,N/A,N/A,True
Syke,2024,8.5,Adventure,Casual,True
Battle of Guardians,2023,4.8,Action,N/A,True
水母之夜,2023,9.8,Indie,RPG,True
Google Spotlight Stories: Rain or Shine,2018,9.1,Adventure,N/A,True
Albert and Camille's Little Lille Adventure,2021,8.9,Adventure,RPG,True
Ego Hearts,2019,7.4,Indie,N/A,True
Procrastinaut,2024,8.8,Adventure,Casual,True
Star Shift Origins,2021,9.2,Indie,RPG,True
Stan Lee's Verticus,2020,8.9,Action,Adventure,True
Creepy Waves FM: Bugs Fixer,2024,7.8,Adventure,Casual,True
Roadclub: League Racing,2019,8.5,Action,Indie,True
Project Skylab 2,2018,6.6,Action,Adventure,True
Grimm 1865,2020,6.8,Action,Adventure,True
Mistfal,2016,4.8,Action,Adventure,True
Friends vs Friends Playtest,2023,9.7,N/A,N/A,False
Kickshot,2018,7.8,Action,Indie,True
Trickster VR: Horde Attack!,2019,7.2,Action,Adventure,True
Cabals: Magic & Battle Cards,2018,6.5,Strategy,N/A,True
lost bits,2023,9.8,Action,Adventure,True
Fiend Heart,2022,7.2,Action,Adventure,True
Bomber Dudes,2021,7.5,Action,Casual,True
Spark and The Digital Daydream,2019,9.4,Adventure,Indie,True
Fireteam,2022,6.9,Action,N/A,True
NEON STRUCT: Desperation Column,2022,9.1,Action,N/A,True
NOX: Chapter 1,2022,9.7,Adventure,Indie,True
Weeping Falls Massacre,2022,9.2,Action,Adventure,True
Karma Miwa,2016,6.9,Action,Adventure,True
Ibatic,2022,8.8,Action,Adventure,True
PIGBLUE,2023,9.2,Adventure,Indie,True
Pixel Sand,2017,8.6,Adventure,Casual,True
Hyper Online: Avatar VTuber Studio,2024,5.7,N/A,N/A,True
新魔剑New Magic Sword,2021,4.3,Action,Adventure,True
100 Hiddensaurs,2024,7.2,Casual,Indie,True
My Hotel: Echoes of the Past,2024,7.2,Casual,Simulation,True
Summon Masters,2024,6.5,Casual,Indie,True
Arkheim - Realms at War,2022,6.2,Massively Multiplayer,Strategy,True
INFINITI VR,2017,6.9,N/A,N/A,True
Reimus Awesome Holiday,2022,9.5,Adventure,Indie,True
Board Battlefield,2018,3.7,Casual,Strategy,False
Golden Axe Idol - Escape The Room,2023,8.3,Indie,RPG,True
Fortoresse,2020,8.0,Action,Strategy,True
Survival Quiz CITY おまつり編,2023,5.7,Action,Casual,True
Janus VR,2017,6.2,Indie,Simulation,False
Metal Planet,2014,2.9,Action,Indie,True
HOLOSAGA: Invasion of the HoloX,2024,9.1,Casual,Indie,True
Horror Family恐怖家族 - Flight,2024,8.5,Adventure,Casual,True
War Wind,2021,8.2,Strategy,N/A,True
ACT,2020,5.8,Action,Casual,True
HueBots,2015,9.5,Casual,Indie,True
POOP,2024,4.2,Action,Adventure,True
Wagers of War,2018,5.6,Indie,Strategy,True
Arcane Sorcery,2015,6.2,Indie,Strategy,True
They Are Here Playtest,2023,9.8,N/A,N/A,False
"Jacktus Green: The Fluffy, the Spiky and the Spicy",2022,7.3,Action,Adventure,True
CSOL,2023,4.7,Massively Multiplayer,RPG,True
Super Dragon Punch Force 3,2024,5.6,Action,N/A,True
Don't Feed,2017,7.0,Action,Casual,True
Vital Signs: Emergency Department,2020,5.5,Simulation,N/A,True
The Little UNI,2024,9.8,Adventure,Indie,True
uVolley,2020,5.3,Indie,Sports,True
Warren The Warlock,2020,8.0,Casual,Indie,True
Dog,2024,3.8,Simulation,N/A,True
Code of War Gun Shooting Games,2023,4.5,Action,Massively Multiplayer,True
Two Weeks in Painland,2020,8.9,Adventure,Indie,True
The Outer Rim: Survivor,2018,7.5,Action,Indie,True
996的真实老板篇,2019,7.0,Casual,Simulation,True
Eye 4 Eye,2023,9.7,Adventure,Indie,True
My Paper Boat,2015,7.5,Adventure,Casual,True
Mirage Online Classic,2019,7.2,Action,Adventure,True
HoverRace,2022,9.7,Racing,N/A,True
Xemo : Robot Simulation,2016,4.1,Simulation,N/A,True
Andromeda One Zombies,2020,4.7,Action,RPG,True
"AftLife -Girl and Cats, and Lost world",2020,8.3,Adventure,Casual,True
Organosphere,2020,8.4,Action,Adventure,True
C. Kane,2016,9.1,Indie,RPG,True
EXS2EthnologySister2Structuralism of kinship system,2023,9.5,Indie,RPG,True
Postal 2 Editor,2014,8.0,N/A,N/A,False
Futuball - Future Football Manager Game,2020,6.7,Simulation,Sports,True
NRG,2023,7.8,Action,Indie,True
Mars Power Industries: First Job,2020,9.4,Casual,Indie,True
神奇三国,2024,8.6,RPG,Simulation,True
UC Love,2023,8.6,Casual,Indie,True
Idle Kitties Online,2024,7.0,Casual,Indie,True
WebbVR: The James Webb Space Telescope Virtual Experience,2018,9.1,Casual,Simulation,True
eMemories,2019,6.9,Casual,Indie,True
GI Racing 2.0,2016,7.8,Indie,Racing,True
Winds Rhapsody,2020,8.8,RPG,N/A,True
Doodler,2016,9.2,Casual,Indie,True
Bomber Barn,2020,5.9,Action,Indie,True
Rune Break,2023,6.2,Action,Adventure,True
Lie In My Heart,2019,9.2,Adventure,Casual,True
Bitku,2017,8.3,Indie,N/A,True
CINEVR,2017,3.3,N/A,N/A,True
RoboDunk Prologue,2023,8.7,Action,Indie,True
TimeTekker,2018,9.0,Action,Indie,True
Cosmic Coliseum: Prologue,2023,8.1,Action,Indie,True
Nirvana Game Of Life,2022,6.8,Adventure,Casual,True
Chuckle Phrase Builder,2021,8.1,Casual,N/A,True
Teenage Blob: Paperperson - The First Single,2020,9.7,Adventure,Casual,True
BallBoi,2019,7.6,Casual,Indie,True
AirlineSim,2024,8.3,Indie,Massively Multiplayer,True
A Field of Flowers and Stars,2021,9.2,Casual,Indie,True
Rock Star Life Simulator: Prologue,2023,8.6,Simulation,N/A,True
Soviet Lunapark VR,2018,5.2,Action,Adventure,False
Empires:The Rise,2019,6.0,Strategy,N/A,False
Opus Castle,2021,6.3,Action,Adventure,True
Potato,2024,5.1,Adventure,Casual,True
Last Bloody Snack,2023,8.4,Adventure,Indie,True
Chop and Drop VR,2017,7.1,Casual,Indie,True
Tvori,2016,7.5,N/A,N/A,False
Penelope's Odyssey,2022,7.5,Adventure,Casual,True
Solitaire Knights,2018,6.3,Casual,N/A,True
Super SplashTube Bros,2022,8.7,Action,Adventure,True
Grass Cutters Academy - Idle Game,2021,6.0,Casual,Indie,True
MONOTONIA: First Contact,2023,9.2,Adventure,Indie,True
N,2016,7.5,N/A,N/A,True
秋恋物语 Autumn Romance,2022,9.7,Casual,N/A,True
No Love Lost,2024,5.2,Action,Adventure,True
Terra Feminarum,2018,8.7,Action,Indie,True
TF Visualizer,2021,8.7,N/A,N/A,True
Super Buckyball Tournament Playtest,2021,8.6,N/A,N/A,False
TapSonic World Champion VR,2018,8.3,Action,Casual,True
Conversation With A Rock,2024,9.0,Casual,Indie,True
World War Next,2024,5.7,Action,N/A,True
Flak,2021,8.1,Casual,Strategy,True
FEWAR-DVD,2021,9.8,Indie,N/A,True
Rival Books of Aster,2024,7.3,Casual,Indie,True
E-Startup 2 : Business Tycoon Prologue,2024,9.2,Simulation,N/A,True
Fastival,2024,7.9,Racing,N/A,True
Seconds to Square,2017,7.8,Action,Indie,True
yni,2023,8.3,Action,Adventure,True
Escape From Zombietown,2024,9.5,Action,N/A,True
Pitcher and the Whale,2020,9.5,Casual,N/A,True
Ocean Desolation,2024,6.0,Indie,N/A,True
Self-Portrait,2023,7.8,Casual,Indie,True
Viking Trickshot,2019,9.0,Action,Casual,True
Zombie Rollerz: The Last Ship - Prologue,2024,7.6,Action,Adventure,True
Trial Of Empires TD,2022,7.0,Action,Adventure,True
Sporadic Spire,2020,8.9,Action,Casual,True
Egg Time,2016,8.9,Action,Casual,True
All For Nought - Tic Tac Toe,2020,8.5,Casual,Strategy,True
Bomber Bother,2019,8.7,Action,Indie,True
ASU Global,2023,2.3,Massively Multiplayer,RPG,True
Extreme Tag!,2023,8.2,Action,Casual,True
Roots of Tomorrow,2022,6.6,Indie,Simulation,True
The DreamlandFree,2023,5.6,Action,Adventure,True
Rocket Bots,2020,7.6,Action,Indie,True
Cursed Gem,2020,9.4,Action,Adventure,True
Hentai Senpai: Cosmic Beauties,2024,7.7,Casual,N/A,True
Lynium,2020,6.8,Casual,Indie,True
Giraffe,2024,5.6,Casual,N/A,True
Placement,2017,8.5,Casual,Indie,True
Metonymy,2017,5.5,Adventure,Indie,True
塔塔帝国,2022,5.3,Casual,Massively Multiplayer,True
Gangsta Underground : The Poker,2020,7.4,Casual,Indie,True
Rytmik Player,2017,7.7,N/A,N/A,True
Apollon 88,2020,8.5,Action,Casual,True
Stories to Tell Alpha 1 - Run Away,2024,6.9,Action,Adventure,True
Lost Existence,2021,6.8,Action,Adventure,True
Fairy Massage: Lite,2024,7.6,Casual,Indie,True
De Fobos y Deimos,2018,9.5,Indie,RPG,True
Pandum online,2016,5.2,Indie,Massively Multiplayer,True
Aplowcalypse,2016,7.9,Action,Indie,True
Lens Adventure,2024,9.7,Action,Adventure,True
Visite virtuelle de l'Assemblée nationale,2021,7.7,Adventure,N/A,True
FireJumpers Inferno,2022,6.0,Indie,Simulation,True
Titanic II: Orchestra for Dying at Sea,2023,8.9,Indie,N/A,True
The Balcony,2018,7.3,Action,Casual,True
Workaholic,2022,8.5,Action,N/A,True
The Last Faith Playtest,2023,9.0,N/A,N/A,False
小黄条/YYNote,2018,7.3,Indie,N/A,True
Runewards: Strategy Card Game,2018,5.3,RPG,Strategy,True
Monsters,2024,4.0,Action,Adventure,True
Guano,2024,8.2,Adventure,Indie,True
梦塔防,2022,4.8,Casual,Massively Multiplayer,True
Greedy Rabbit,2022,6.5,Adventure,Casual,True
Chicken Rider,2018,6.8,Action,Casual,True
Inkbound Playtest,2023,9.8,N/A,N/A,False
Ordinary Day,2023,9.0,Adventure,Casual,True
Plenty: Skyhearth,2016,8.5,Action,Casual,True
King Island 3,2024,9.8,Action,Casual,True
Senpa.io,2022,7.3,Indie,Massively Multiplayer,True
Afterimage Kickstarter Backer Exclusive Demo,2023,9.0,N/A,N/A,False
3Buttons,2018,5.8,Indie,N/A,True
Aphotic Descent,2023,6.6,Action,Adventure,True
The Lodge,2021,3.9,Action,Adventure,True
Lootfest,2015,6.8,Casual,Indie,True
Whisker Witchery,2023,8.5,Adventure,Casual,True
Project Hive,2021,7.4,Action,Indie,True
Coreborn: Nations of the Ultracore Open Beta Playtest,2023,9.8,N/A,N/A,False
Astonishing Baseball Manager,2022,8.5,Indie,Simulation,True
Shooting Game KARI,2022,9.8,Action,N/A,True
Destinies,2021,8.0,Adventure,RPG,True
SUPERCHICOS,2020,8.9,Adventure,Indie,True
Plagueworld,2019,5.9,Action,Adventure,True
Forest of Tails: Arena,2024,9.8,Action,RPG,True
virtual beepis,2021,9.2,Casual,Indie,True
Moonshine Maniacs - A Wild West Saga,2020,6.9,Action,Adventure,True
Town of Dusk,2023,8.7,Adventure,RPG,True
Attack of the Labyrinth,2015,6.6,Action,Indie,True
Armchair Commander,2023,9.2,Strategy,N/A,True
Howl of Iron,2023,7.9,Action,Adventure,True
Bonhomme 7 Heures,2021,3.9,Casual,Indie,True
"Welcome, Get Out!",2023,8.0,Casual,Indie,True
Evergreen Blues,2020,9.0,Casual,Indie,True
Rimward Basilisk,2022,9.3,Action,Indie,True
Five Nights At Smog's,2023,8.0,Action,Indie,True
MiniBikers,2015,5.1,Indie,Racing,False
Will The Man Get Frog,2024,9.8,Casual,Indie,True
Glitch Arena,2019,9.5,Action,Indie,True
幽都酒馆,2024,10.0,Casual,Indie,True
Reverie,2017,8.0,Casual,Indie,True
Legend of Ares,2017,5.6,Massively Multiplayer,N/A,True
99 Fails Lite,2022,9.3,Action,Adventure,True
Fall Minamo,2022,9.2,Action,Casual,True
Astro Lords: Oort Cloud,2016,5.2,N/A,N/A,True
Love Colors: Paint with Friends,2021,8.9,Casual,Indie,True
Slizer Battle Management System,2018,8.2,Indie,Simulation,True
PolyRace,2016,6.6,Indie,Racing,False
AMazing TD,2021,6.9,Indie,Strategy,True
NOLO HOME,2019,4.3,N/A,N/A,True
Fighting Fiends,2021,9.8,Action,N/A,True
Ozymandias Playtest,2022,9.7,N/A,N/A,False
Haypi Monster 3,2020,6.9,Adventure,Massively Multiplayer,True
ELECTROBASIS,2024,9.3,Adventure,Casual,True
Telophase,2018,8.2,Action,Casual,True
Dragon Awaken,2018,4.1,Massively Multiplayer,RPG,True
Transformation Tycoon,2021,8.9,Indie,Simulation,True
Tears of Vanfell - Chapter 1,2024,9.8,Action,Adventure,True
GLIM,2021,8.5,Action,Adventure,True
Unleash,2018,8.0,Action,Indie,False
Lords of New York,2017,5.5,Casual,Indie,True
Pogglewash,2023,8.0,Action,N/A,True
Songs from the Iron Sea,2022,9.8,Adventure,Casual,True
Rivals Squad,2020,7.8,Action,Indie,True
Virus Popper,2020,8.5,Action,Casual,True
PlayUSA,2018,4.5,Indie,Strategy,True
Anchor Club,2022,9.5,Indie,RPG,True
The Minotaur,2016,7.0,Action,Indie,True
PeriAreion,2015,3.8,Indie,Simulation,True
Wyvia: Prologue,2023,9.7,Action,Adventure,True
Click Space Miner 2,2019,3.2,Casual,Indie,True
Anne Frank House VR,2024,6.5,Casual,N/A,True
Bow to Blood: Last Captain Standing,2019,8.8,Action,Indie,True
光之守护者:贤者之石,2024,10.0,Action,Adventure,True
Orbos,2018,6.3,Action,Casual,True
Mot De Pass,2022,6.5,Action,Adventure,True
Bright Memory: Infinite Ray Tracing Benchmark,2020,9.3,N/A,N/A,True
Defenders of Tetsoidea Academy,2017,6.8,Action,Adventure,True
Fish,2024,5.5,Casual,Simulation,True
Bloodholic,2019,8.7,Indie,N/A,True
La Camila: A VR Story,2018,8.3,Action,Adventure,True
Porradaria Upgrade,2015,6.7,Action,Indie,False
Dogfight Elite,2023,6.2,Action,Indie,True
Critter Cove Playtest,2024,9.7,N/A,N/A,False
DeepWeb Simulator: Prologue,2024,7.5,Action,Casual,True
Space Mechanic Simulator: Prologue,2023,8.0,Casual,Indie,True
The Anointed: David Saves Keilah,2022,7.2,Action,Adventure,True
Survival In Africa,2021,5.3,Adventure,Indie,True
Koncolos: Prologue,2022,8.0,Casual,Indie,True
Hidden Cats in Jigsaw Puzzle,2024,9.5,Casual,Indie,True
Fruits,2024,4.3,Casual,Indie,True
Animals Collision,2022,7.2,Action,Casual,True
廃病院探索,2023,8.5,Indie,N/A,True
"Medicalholodeck. Anatomy, Medical Imaging (DICOM), and AI Segmentation in VR and AR. For Medical Education and Professionals",2017,7.8,Simulation,N/A,True
Long Time No See,2023,10.0,Adventure,Indie,True
Disco Destruction,2019,9.2,Casual,Indie,True
Utomah,2022,9.3,Action,Adventure,True
MyTD 我的塔防,2017,6.2,Casual,Indie,True
Travel Riddles: Mahjong,2018,5.2,Casual,N/A,True
Metal Force: Tank Games Online,2022,5.2,Action,Casual,True
FurBall,2021,7.6,Indie,Sports,True
EOS RAGNAROK,2023,4.9,Massively Multiplayer,RPG,True
月之暗面 The Dark Side Of The Moon,2017,5.9,Casual,Indie,True
6-Mon Adventure,2022,9.3,Action,Indie,True
Dark Table CCG,2023,6.6,Indie,Strategy,True
Revenge of the shadow ninja,2023,8.0,Action,Adventure,True
Sunset World Online,2022,6.3,Action,Adventure,True
Chromatic Isle,2024,9.7,Adventure,Casual,True
Bodyless,2020,8.1,Adventure,Indie,False
Fall of the stick knights,2023,7.8,Action,Casual,True
Powers in the Basement,2023,8.6,Adventure,Indie,True
Charlotte,2018,4.9,Adventure,Indie,True
Veggie Menace,2022,7.5,Action,N/A,True
Ballad of The Masked Bandits,2020,7.6,Casual,Indie,True
Pixel Paint Together,2024,9.3,Casual,Indie,True
Qbike: Cyberpunk Motorcycles,2017,5.6,Action,Casual,False
FFFL: Brutalball Manager,2023,9.5,Simulation,Sports,True
Return to the Skyway,2022,8.3,Adventure,Casual,True
Scott in Space,2015,4.7,Action,Adventure,True
Project Adder,2023,9.3,Action,Indie,True
Dance Loop,2023,7.5,Casual,Sports,True
Dizzy Two,2021,6.6,Adventure,Indie,True
Armadusa,2019,7.1,Action,Casual,True
Penny for Your Thoughts,2022,9.0,Casual,Indie,True
The Perfectionist,2019,8.5,Action,Adventure,True
Darwin's Test,2018,7.1,Action,Adventure,True
Scurvy Dogs,2022,9.0,Action,N/A,True
DIVE: Starpath,2018,7.3,Action,Indie,True
Oil Strike 75,2024,9.7,Indie,Simulation,True
그 어느 여름날의 이야기,2020,8.6,Indie,Simulation,True
Striker Manager 3 - Online Football Manager,2024,8.0,Massively Multiplayer,Simulation,True
Phantom Jump,2017,9.0,Indie,N/A,True
External Visions,2017,7.8,Indie,N/A,True
Ampguard,2022,5.9,Action,Strategy,True
Noir Punk,2021,9.0,Adventure,N/A,True
Nightork Adventures 2 - Legacy of Chaos,2017,4.6,Action,Indie,True
UROS: A Trip Through Shadows,2021,6.1,Action,Adventure,True
Pact of Joy: Prologue,2023,9.3,Adventure,Indie,True
Natari at the Bubble Planet,2017,7.8,Adventure,Indie,True
Multiverse loot Hunter - Three Kingdoms,2024,9.3,Adventure,Casual,True
Paperback: The Game,2017,7.1,Casual,N/A,True
Silence In The Cabin,2022,3.4,Action,Indie,True
Don't Remember,2022,7.6,Adventure,Indie,True
After The Fall Playtest,2021,9.2,N/A,N/A,False
Astra,2020,5.4,Action,N/A,True
Caden's Climb,2024,7.6,Action,Adventure,True
Idle Guardians,2019,5.3,RPG,N/A,True
Cooperative Chess,2023,6.1,Casual,Strategy,True
Mind The Abyss,2024,9.3,Action,Indie,True
Secrets of the Temple,2022,7.9,Adventure,Casual,True
Football Manager 2019: The Hashtag United Challenge,2018,8.8,Simulation,Sports,False
Barista: Take Away,2022,7.1,Casual,Indie,True
Hammer Heads Deluxe,2006,9.0,Casual,N/A,False
Fantasia Medieval,2022,8.8,Adventure,Casual,True
Buildodge,2021,8.8,Action,Indie,True
全战天下,2021,7.6,Adventure,Massively Multiplayer,True
PewPew Live,2022,9.3,Action,Indie,True
Cable Guardian,2020,9.3,Indie,N/A,True
Pylow,2018,5.2,Action,Indie,True
Crossroads: Lucky Edition,2019,8.1,Adventure,Indie,True
Loco Road,2020,6.0,Casual,Indie,True
3dSunshine,2016,8.4,N/A,N/A,True
TEMPEST : Tower of Probatio,2024,6.0,Casual,Strategy,True
Wienne,2020,9.1,Indie,RPG,True
The Fox's Drawing World,2022,8.4,Casual,N/A,True
Yeli Orog,2018,5.3,Adventure,Indie,True
Heroes of Shadow Guard,2016,5.0,Indie,Massively Multiplayer,True
Gorble,2024,9.7,Action,Adventure,True
Hunt for Junk,2022,9.1,Action,Adventure,True
魔能纪元,2022,4.5,Adventure,Casual,True
The House of E,2023,9.5,Adventure,Indie,True
你画我拼You draw I puzzle,2022,10.0,Casual,Indie,True
Shadow of Pharos,2024,7.4,Indie,N/A,True
NEW SCUFFED EPIC VISUAL NOVEL,2021,9.1,Adventure,Casual,True
Frick Frack,2021,4.7,Adventure,Casual,True
Ruiga Pirates: First Survivors,2024,6.2,Action,Adventure,True
Color Phase,2020,6.9,Action,Casual,True
Devilish League,2024,8.6,Action,Adventure,True
Autumn Spirit,2024,10.0,Adventure,Indie,True
Endless,2023,6.0,Adventure,Indie,True
Emberlight,2019,8.1,Casual,Indie,True
Hard Light Vector,2019,7.8,Action,Adventure,True
Seasons of Rocco,2024,8.6,Adventure,Casual,True
Summer Games Heroes,2020,6.7,Indie,Sports,True
Tessa's Ark,2019,7.2,Indie,RPG,True
TBOT - Twitch Bot,2021,7.2,N/A,N/A,True
Easter Clicker: Idle Manager,2019,7.2,Casual,Indie,True
Discovr Egypt: King Tut's Tomb,2016,6.2,Adventure,Casual,True
Sketchfab VR,2016,7.1,Adventure,N/A,True
Samurai Cooking,2020,8.4,Casual,N/A,True
Ellen and the Degenerates RPG,2019,8.3,Action,Adventure,True
Pocket Pusher,2024,9.0,Casual,Indie,True
Rocketboat - Pilot,2018,7.9,Action,Adventure,True
Lemon,2024,4.8,Casual,N/A,True
Pls Kill it,2022,7.2,Action,Indie,True
Neospace: Prologue,2024,8.9,Adventure,Indie,True
You're Not Family,2023,9.1,Casual,Indie,True
Bladesong Playtest,2024,10.0,N/A,N/A,False
Carsick Carventure,2023,9.3,Action,Casual,True
With Shining Eyes,2024,10.0,Adventure,N/A,True
Sandbox Anything,2019,7.4,Action,Adventure,True
Perfect World,2024,8.9,Adventure,Indie,True
Blautopf VR - Geheimnis der Lau,2019,8.4,Adventure,Simulation,True
Past Synergy,2022,8.9,Casual,Indie,True
The Edgar Mitchell Overview Effect VR Experience,2020,8.8,N/A,N/A,True
Shatter Keep,2021,8.1,Action,Casual,True
STAY,2021,9.6,Casual,Indie,True
Pathos,2019,8.1,Action,N/A,True
A Buttload of Free Games,2020,7.2,Action,Adventure,True
Mouse Playhouse,2017,8.6,Casual,Indie,True
UAL: Universal AIM League,2022,6.1,Action,Indie,True
"i love me, i love me not",2022,9.6,Adventure,Casual,True
Four Rendezvous,2020,8.8,Adventure,Casual,True
Wolfskin's Curse,2022,8.8,Adventure,Indie,True
Wallpaper Transformer,2017,2.8,N/A,N/A,False
Item Tower,2024,6.3,Casual,Simulation,True
Kaisuo,2019,7.9,Adventure,Casual,True
Trapped With the Dolls VR,2017,8.1,Adventure,Indie,True
Cat Fred Evil Pet,2023,6.8,Adventure,Simulation,True
HVOR,2020,5.8,Action,Indie,True
Hippocampus,2020,5.8,Action,Adventure,True
The Last Secret,2022,8.6,Adventure,Casual,True
GogMagog,2023,6.5,Action,Casual,True
FRIGID Playtest,2021,6.7,N/A,N/A,False
DACHstudio Jigsaw Puzzle Box,2024,9.6,Casual,N/A,True
Momentum,2021,8.4,Racing,N/A,True
Wizard Combat,2024,7.4,Action,Adventure,True
SPINNERS,2024,5.3,Casual,Simulation,True
100 KILLS CHALLENGE: ORIGINS,2024,3.9,Action,Indie,True
文字遊戯 第零章(日本語版),2023,10.0,Adventure,Indie,True
Circle,2020,6.5,Adventure,Indie,True
PI.EXE,2022,9.1,Indie,N/A,True
Mandew vs the Colorless Curse,2020,8.9,Action,Adventure,True
Freaky Clown : Town Mystery,2020,6.3,Adventure,N/A,True
E-Trading Simulator: Prologue,2024,7.9,Casual,Indie,True
Deep Night Detective - Chapter One,2021,7.9,Action,Adventure,True
King of the Cul-De-Sac,2020,9.3,Casual,Indie,True
CHALICE,2020,8.1,Action,Adventure,True
Survive,2017,3.5,Action,Adventure,False
Cyberplug,2021,8.4,Action,Adventure,True
Ikarus,2019,8.9,N/A,N/A,True
Y: The Game,2021,8.2,Casual,Indie,True
Wonder Wickets,2018,9.6,Action,Casual,True
ANDARA: RISE FOR REBELLION,2023,8.0,Action,N/A,True
Stay Out Of The Farm: Prologue,2023,5.9,Action,Adventure,True
Moo Moo Move,2019,9.1,Casual,Indie,True
My journey to your world,2021,8.0,Casual,Indie,True
Paper Wizards,2022,8.4,Action,Indie,True
Space Hat,2024,9.3,Action,Adventure,True
The True Tales of Bloodstreet 13 - Chapter 1,2019,7.7,Adventure,Indie,True
Indygo,2017,7.0,Adventure,Indie,False
Clarent Saga: Tactics,2017,8.9,Indie,RPG,True
远征三国-策略卡牌,2023,6.6,Casual,RPG,True
Lost Connections,2023,9.6,Casual,Indie,True
Pick a Hero,2016,7.0,Casual,Indie,True
Equinoxe,2022,8.6,Indie,N/A,True
Duelyst GG,2023,7.7,Strategy,N/A,True
Dream Big 2,2021,8.0,Casual,N/A,True
Aeris (BETA),2024,8.0,Casual,Racing,True
Isop0dyssey,2024,9.1,Action,Adventure,True
The Scorchfarer,2022,9.6,Adventure,Casual,True
Ranger Danger,2022,6.8,Indie,N/A,True
iTownGamePlay UNIVERSE,2017,5.0,Adventure,Indie,True
Inn Tycoon: Prologue,2024,9.5,Casual,Indie,True
Project XMAS,2022,3.8,Action,Adventure,True
The Prison,2024,4.1,Action,Indie,True
Sidecar Evolution 2024,2024,8.6,Action,Casual,True
Crimson Veil,2023,9.3,Adventure,RPG,True
Star Tactics Redux,2016,8.6,Indie,Simulation,True
ToS Gamepad Tester,2022,7.7,Casual,N/A,True
Luna : The Dimension Watcher,2020,5.9,Casual,Indie,True
Veil Transfer,2024,9.6,Casual,Indie,True
RPG Character Builder,2019,8.2,N/A,N/A,True
Effugium,2023,5.2,Adventure,Indie,True
Restoration,2017,8.9,Indie,RPG,True
PLEASE SAY HI,2024,8.9,Indie,Simulation,True
Jigsaw Puzzle World,2023,9.5,Casual,Simulation,True
Arclight Beat,2022,8.8,Action,N/A,True
Playback Loop,2024,9.6,Casual,Indie,True
Nova Hearts: The Spark,2024,7.5,Indie,Strategy,True
Shadow Era,2022,8.0,Strategy,N/A,True
Secrets Of Soil,2021,8.8,Casual,Indie,True
Clockwork Calamity in Mushroom World: What would you do if the time stopped ticking?,2021,9.8,Action,Adventure,True
Endless Night - Alpha,2016,8.9,Action,Adventure,True
You Are Sick,2023,7.5,Casual,Simulation,True
Christmas Luge,2022,9.6,Action,N/A,True
Cult Of Babel : Prologue,2022,8.4,Action,Casual,True
Battle Arena VR,2020,7.6,Action,N/A,True
An Adventurer's Gallantry,2023,9.1,Casual,Indie,True
Werewolf Voice - Ultimate Werewolf Party,2020,6.2,Casual,RPG,True
Race Day Rampage: Streamer Edition,2022,7.1,Action,Casual,True
Collectibles!,2024,6.0,Casual,Indie,True
Corn Defenders,2022,9.6,Action,Adventure,True
Cube Conflict,2023,7.8,Action,Indie,True
The Awakening,2017,5.1,Strategy,N/A,False
Blobby Tennis,2017,7.6,Indie,Simulation,True
Block in the Lock,2019,9.5,Casual,Indie,True
DARCO - Reign of Elements,2018,6.4,Action,Adventure,False
Amarillo's Car Clicker,2024,2.9,Casual,Indie,True
Charrua Soccer - Mirror Edition,2024,6.4,Action,Casual,True
Soma Spirits: Rebalance,2017,9.5,Indie,RPG,True
Endless Battlefield,2022,4.4,Action,Indie,True
Overclocked: The Aclockalypse,2018,6.9,Action,Indie,True
Meow Pow,2021,8.5,Sports,N/A,True
Robot King Part I: Rebooted and Ready,2017,4.5,Action,Indie,True
Finger Fortress,2021,6.7,Indie,Strategy,True
Wow Dance,2021,5.8,Casual,N/A,True
Super Helmets on Fire DX Ultra Edition Plus Alpha,2016,6.4,Action,Indie,True
GASPING.2,2024,3.1,Action,Adventure,True
"Bring me a man, Santa",2020,8.0,Casual,N/A,True
Mrs. Santa's Gift Hunt,2020,9.3,Action,Adventure,True
Black Desert Online - Traveler's Package,2017,6.5,Action,Adventure,False
6 PEOPLE,2020,4.9,Indie,N/A,True
Syren and Friends Roast the Dev,2022,6.5,Casual,Indie,True
Mermaid Mission: Titanic,2018,9.5,Adventure,Indie,True
ERROR: Human Not Found,2018,8.7,Adventure,Casual,True
Vanaris Tactics - Prologue,2022,7.6,Indie,RPG,True
Substance Designer 2019,2018,9.3,N/A,N/A,False
Power of Ten - Demo,2020,9.8,Action,Indie,True
The Last Starship Playtest,2022,9.8,N/A,N/A,False
Remember When,2021,8.7,Adventure,Indie,True
Primal Reign,2017,7.1,Action,Indie,True
10:16,2023,9.1,Indie,N/A,True
MetälBörn,2022,6.9,Action,Indie,True
BUS SIMULATOR,2019,9.1,Casual,Indie,True
Yokai Art: Survival Prologue,2023,9.1,Action,Indie,True
UNTITLED,2017,9.3,Indie,N/A,True
Desert Ride Coaster,2016,6.4,Casual,Simulation,True
Astro Colony Playtest,2021,8.9,N/A,N/A,False
Hotel Tutwin,2019,8.4,Casual,Indie,True
LuxVR,2021,8.7,N/A,N/A,True
Artificial Fashionista,2024,9.6,Casual,Indie,True
Regenesis,2023,8.0,Action,Adventure,True
Steampunk Jigsaw Puzzles,2023,8.9,Casual,Simulation,True
Dung Beetle Adventure,2023,9.3,Adventure,Casual,True
Gemini: Binary Conflict,2024,7.6,Action,Indie,True
Conductor: Creative Joy Engine,2022,8.5,Casual,Indie,True
Pathmaster,2022,9.1,Indie,N/A,True
Heldric - The legend of the shoemaker,2014,6.7,Action,Casual,True
ToyLand,2023,9.3,Action,Adventure,True
Depths of Madness,2019,4.3,Indie,N/A,True
KnightLight,2024,9.6,Adventure,N/A,True
Sponchies,2017,8.5,Action,Casual,True
Duel of games,2024,9.8,Action,Indie,True
Tinkr Garage,2018,3.0,Casual,Indie,False
Case Kovacs - Agent 228,2020,6.3,Action,Adventure,True
Destroyer: The U-Boat Hunter Playtest,2021,9.3,N/A,N/A,False
Atomic Picnic Playtest,2024,9.3,N/A,N/A,False
The Walsingham Files - Chapter 1,2019,8.5,Adventure,Casual,True
Cyclic Warriors,2024,8.9,Action,Casual,True
Entangled,2022,9.4,Casual,N/A,True
PolyCube,2018,8.9,Casual,Indie,True
Pickle,2024,5.4,Casual,Indie,True
Backworlds,2020,9.8,Indie,N/A,True
Chrono Recorder,2024,8.1,Casual,Indie,True
Infiltraliens,2022,8.1,Action,Adventure,True
To Have and to Hold,2023,9.3,Indie,N/A,True
Ink Paper Minesweeper,2021,7.4,Casual,Indie,True
Mount Serenity: Guardian of the Spirits,2021,8.3,Adventure,N/A,True
Now you can't see me,2021,8.0,Action,Indie,True
Axial Disc 1,2021,9.4,Adventure,Indie,True
Blake: The Visual Novel,2021,8.2,Casual,Indie,True
Heroes Must Die,2016,7.8,RPG,N/A,True
Around The World,2023,9.1,Casual,Sports,True
Dream Bright,2023,9.1,Adventure,N/A,True
Entasy Online,2022,6.7,Action,Adventure,True
Dune Strider,2022,6.3,Adventure,Strategy,True
Once upon a time,2017,3.7,Adventure,Casual,True
Sunken,2016,5.4,Action,Indie,True
Dimensions VIP,2020,4.4,Adventure,Strategy,True
Ground Zero Hero PROLOGUE,2024,9.3,Action,N/A,True
Poly Plaza,2024,5.9,Casual,RPG,True
Melody's Melon Mania,2024,10.0,Casual,Strategy,True
"Kingdom Fall, Dawn of the Druid",2021,6.7,Action,RPG,True
Ecchi 2: compile 2D chan,2018,3.9,Casual,Indie,False
Animal Shelter 2 Playtest,2024,8.9,N/A,N/A,False
SUR5,2023,8.0,Indie,Massively Multiplayer,True
I'll Do It Tomorrow,2024,9.6,Adventure,Indie,True
Sushi Clicker,2022,7.6,Casual,Indie,True
Light Repair Team 4,2016,9.1,Casual,Indie,True
Grog,2023,9.1,Casual,Indie,True
Outworlder Playtest,2021,9.6,N/A,N/A,False
FlyingRock: Arena,2017,5.9,Indie,N/A,True
25 Layers of Pain,2021,7.6,Action,Strategy,True
Unravel Cyndy,2019,6.9,Indie,N/A,True
SPY RUMBLE,2023,6.9,Action,Indie,True
Twin-Turbo Supercharged Nitro-Fueled Papamobile,2020,8.1,Action,Racing,True
AchBall,2017,9.1,Casual,Indie,True
Tailside: Cozy Cafe Sim Playtest,2024,9.8,N/A,N/A,False
Anti-Opoly,2015,3.9,Casual,Strategy,False
2020: THE RIDE,2021,7.0,Casual,N/A,True
WOLF RIOT,2021,9.1,Action,Casual,True
Aces in the Dust,2021,8.0,Action,Adventure,True
Applewood,2019,9.8,Adventure,N/A,True
Speedrun,2022,7.0,Action,Casual,True
Tahko Alpine Ski,2019,9.1,Casual,Simulation,True
Game Builder Tycoon - Prologue,2024,6.2,Casual,Indie,True
Capybara,2024,7.2,Casual,Indie,True
Jgsw,2021,9.4,Casual,N/A,True
Twin Cores,2022,9.2,Action,N/A,True
Soma Union,2021,9.1,Indie,RPG,True
Case 1472,2022,5.8,Adventure,N/A,True
SIMBA THE CAT,2022,6.2,Action,Adventure,True
Sheep Game,2018,8.1,Casual,Indie,True
BornWild Versus S1 - Prologue,2022,8.5,Action,Casual,True
Castan,2022,5.3,Action,Adventure,True
S.P.L.I.C.E.D,2023,6.2,Action,Adventure,True
Definya 2D MMORPG,2023,7.0,RPG,N/A,True
DataJack,2021,9.2,Action,Indie,True
Super,2017,5.7,Action,Adventure,True
One more!,2024,7.7,Casual,Indie,True
3D Paraglider,2015,4.5,Action,Simulation,True
光明之战,2023,8.1,Action,Adventure,True
Contractors Showdown Playtest,2024,8.7,N/A,N/A,False
Kith - Tales from the Fractured Plateaus,2017,8.3,Adventure,Casual,True
Castle Kong,2020,7.7,Action,Indie,True
Bundle Kitt,2019,9.8,Indie,N/A,True
猫三国,2024,7.5,Action,Adventure,True
Planet Fights,2023,7.0,Action,Adventure,True
Sing Together: VR Karaoke,2022,7.4,Indie,Massively Multiplayer,True
The Last Journey,2017,4.7,Adventure,Indie,True
BEAT 'EM DOWN,2021,4.9,Action,Indie,True
Oceans,2022,6.6,Casual,Indie,True
CALAMITY CREATURES,2023,8.9,Action,Indie,True
AB AETERNO Playtest,2021,9.4,N/A,N/A,False
Fear Protocol: Shadow Paradigm,2021,8.9,Action,Casual,True
Honey Are You There?,2023,8.5,Adventure,Indie,True
The Doll's Window,2022,7.9,Adventure,Indie,True
Alignment,2023,8.3,Casual,Indie,True
Towards The Pantheon,2018,9.4,Adventure,Casual,True
Tower Survivors,2023,6.8,Action,Casual,True
DSS war party,2024,9.2,Simulation,Strategy,True
Battle Summoners VR Basic,2018,7.5,Action,Indie,True
Hypatia,2018,7.0,Action,Adventure,True
TVs: The Awakening,2022,7.2,Action,Adventure,True
Watch Me Jump,2018,9.1,Adventure,Indie,True
Fantastic Dream,2023,10.0,Casual,N/A,True
High School Otome,2019,4.5,N/A,N/A,True
Free Chess,2024,8.1,Casual,N/A,True
Touhou Block Fall Yukari,2020,9.4,Casual,Indie,True
Pre-Shave,2020,8.9,Action,Casual,True
Ancestory,2015,6.0,Indie,Strategy,True
Salvo Shuffle,2024,10.0,Action,Indie,True
Sans Logique,2023,8.8,Adventure,Casual,True
homebound,2023,9.0,Casual,Indie,True
平妖奇谭 Kungfu & Monster,2020,4.8,Indie,Strategy,True
SCP: Bloodwater,2023,7.7,Simulation,Strategy,True
Miami Hotel Simulator Prologue,2024,8.8,Action,Simulation,True
Kerker,2024,9.4,Action,Adventure,True
So Long Earth,2016,6.2,Action,Adventure,True
A Stickman Reality,2018,8.5,Casual,Indie,True
Nokta,2022,6.5,Action,N/A,True
Jump To Die 2 - Bloody Soul,2020,7.5,Simulation,N/A,True
Interview with the Horny Ghost,2024,8.5,Casual,Indie,True
One Synth,2019,8.7,Adventure,Casual,True
Curtain Call,2022,9.6,Casual,Indie,True
Yupitergrad : Sneaki Peaki (Virtual Reality Adventure),2021,6.8,Action,Adventure,True
Omega Crafter Playtest,2023,10.0,N/A,N/A,False
OverShoot Battle Race,2022,7.7,Action,Indie,True
Game Pauser by Jase,2022,9.0,N/A,N/A,True
Bamerang: Warm-Up Duel,2020,9.4,Action,Casual,True
Baalbek Reborn: Temples,2021,8.3,N/A,N/A,True
Of Gods and Men: The Daybreak Empire,2018,7.5,Indie,RPG,True
Car Tehc,2022,10.0,Casual,Indie,True
Fried Panic,2022,8.8,Action,Indie,True
Castle Empire,2023,5.4,RPG,Strategy,True
Blastworld,2020,5.8,Action,Indie,False
Beat,2018,6.0,Action,N/A,True
Cult of Personality,2023,9.8,Casual,N/A,True
Memento Mori,2024,8.5,Casual,Indie,True
Brick Building,2020,6.3,RPG,Simulation,True
The Youthdrainers,2016,1.7,Adventure,Casual,False
Steep Slopes,2021,8.7,Casual,Indie,True
FUNGI,2019,6.3,Massively Multiplayer,Strategy,True
Toofan AlAqsa,2024,5.8,Action,Strategy,True
Super Dungeon Master Ace RPG,2017,7.5,Action,Adventure,True
War Smith,2020,7.9,Action,Casual,True
Strategic Mind: Spirit of Liberty - Prologue 1939,2023,8.1,Simulation,Strategy,True
Andromeda Zombies Colonies,2021,5.6,Action,Indie,True
Adventure of Leek,2022,8.7,Action,Adventure,True
Roxy Raccoon's Pinball Panic,2022,9.4,Action,Adventure,True
Idle Chess Story,2019,5.2,Casual,Indie,True
Fruit Hunter,2021,8.1,Casual,N/A,True
史小坑的花前月下,2022,7.3,Action,Adventure,True
Moonrakers: Luminor,2022,9.2,Action,Adventure,True
THANATOS,2024,8.5,Adventure,N/A,True
WarSphere,2024,9.8,Action,RPG,True
Death World,2020,4.4,Action,Adventure,True
Cognizer,2018,9.2,Casual,Indie,True
Unity Pomodoro,2023,9.6,N/A,N/A,True
Puzzle Wizards,2023,8.8,Adventure,Casual,True
Falsepine,2022,5.8,Action,Adventure,True
BlamBox,2018,10.0,Action,Casual,True
Sad :'),2019,8.8,Action,Casual,True
TechnoMagic,2022,5.2,Massively Multiplayer,RPG,True
"Tick, Tank, Boom",2024,7.1,Action,N/A,True
OWLMAN,2023,6.3,Adventure,Casual,True
Marching Simulator,2018,7.9,Simulation,N/A,True
RaySupreme 3D,2013,4.0,N/A,N/A,True
Peach Clicker,2024,6.3,Adventure,Casual,True
Gold Hunter Playtest,2022,7.1,N/A,N/A,False
The Luminist,2019,8.4,Action,Indie,True
Runes of Brennos,2015,7.1,Action,Casual,True
Project F4E Playtest,2022,6.7,N/A,N/A,False
Smash Party VR,2016,9.0,Action,Casual,True
RollerBaller,2020,8.2,Action,Casual,True
Blade Walker,2021,5.9,Casual,Indie,False
SPACE-FRIGHT,2017,7.5,Adventure,Indie,True
轮回修真OL,2021,4.7,Indie,Massively Multiplayer,True
Inline: Out of Time,2024,9.0,Action,N/A,True
Hyperborea,2019,8.0,Adventure,Indie,True
sun-rise.exe,2023,9.2,Adventure,Indie,True
Recoiled,2021,8.8,Action,Casual,True
Rifle Strike,2021,6.9,Action,Casual,True
School Sweets Discovery granulated sugar edition,2022,9.2,Adventure,Casual,True
Glare fall,2020,9.2,Indie,N/A,True
Fastigium,2016,5.5,Action,Adventure,True
Achromatic,2022,6.1,Indie,N/A,True
Eremidia - Archivist's Curse,2022,9.4,Adventure,RPG,True
Sinking Inn,2021,8.8,Adventure,Indie,True
Bed and BEAKfast,2024,9.6,Casual,Indie,True
Broomball VR,2016,6.9,Adventure,N/A,True
Wonky Ship,2017,5.7,Action,Casual,True
Blast Off Far Away,2022,9.4,Action,Casual,True
SYNCH,2017,8.4,Casual,Indie,True
A Steamboat Willie,2024,7.6,Adventure,Casual,True
Familiars.io,2024,9.4,Casual,Indie,True
Home Darkness - Escape?,2017,3.3,Adventure,Casual,True
ABC: Audioreactive Beat Circle,2020,7.3,Action,Casual,True
Monster Museum,2023,7.6,Casual,N/A,True
A dead world's dream,2016,7.3,Adventure,N/A,True
Cosmic Purge,2022,5.5,Action,N/A,True
Anime Girl Puzzles,2024,8.6,Casual,Simulation,True
Git Gud or Get Rekt,2019,7.1,Action,Casual,True
Disney's Aladdin,2017,7.3,Action,Adventure,False
Fatal Core,2021,8.8,Indie,Strategy,True
Necro Mutex,2019,8.6,Action,Adventure,True
Little Postman,2023,9.4,Indie,N/A,True
Venture Valley,2023,5.7,Action,Casual,True
Crowd Control,2019,8.2,Indie,Strategy,True
Milk,2024,4.1,Action,Strategy,True
Striker Zone: Gun Games Online,2023,5.5,Action,Casual,True
Torins Towers: Rise of Heroes,2022,7.6,Casual,Indie,True
DUCKS,2024,3.5,Casual,Indie,True
Nigate Tale Playtest,2021,9.4,N/A,N/A,False
Cat Colony Crisis,2021,9.4,Casual,Indie,True
Digital Zoo Gallery,2021,8.4,Casual,Indie,True
The Raintime,2020,7.4,Adventure,Indie,True
Reborn: An Idle Roguelike RPG,2024,6.8,Adventure,Casual,True
It is Just A Story - horror game,2023,6.2,Action,Adventure,True
Herta's Chess Game,2024,10.0,Strategy,N/A,True
Battle Arena,2019,6.2,Action,Massively Multiplayer,True
Bullet Hell Monday: Finale,2023,9.8,Action,Indie,True
Tokyo Detectives,2021,7.6,Adventure,Indie,True
Space Yandere,2021,9.8,RPG,N/A,True
Malum Escape,2024,4.4,Action,N/A,True
VR Jetpack Game,2020,8.0,Action,Adventure,True
Haunted House Escape: A VR Experience,2021,4.4,Action,Adventure,True
Arausio,2021,9.8,Adventure,Indie,True
The Robot Girl Meets The Human!,2022,10.0,Adventure,Indie,True
Solitaire Royale,2016,5.4,Casual,Indie,True
An Occurrence at Owl Creek Bridge,2019,9.2,Indie,N/A,True
Gamebook Edgar A. Poe: The Oval Portrait,2022,7.6,Adventure,Indie,True
Up in the Air,2020,8.6,Casual,Indie,True
Railroads & Catacombs: Prologue,2023,9.2,Adventure,Indie,True
Hellink,2019,9.6,Indie,N/A,True
Flem,2015,8.2,Action,Indie,True
REVISITOR,2021,9.4,Indie,N/A,True
Eggs Catcher VR,2020,8.4,Casual,Indie,True
My Faithful and Loyal Wife Would Never Cheat on Me,2023,4.6,Casual,Indie,True
Incel Syndrome,2021,7.0,Adventure,Indie,True
Leadwerks Game Launcher,2015,7.4,N/A,N/A,True
Clown2Beat,2016,6.6,Action,Adventure,True
Escape from Labyrinth,2019,6.2,Action,Indie,True
Virtual Foosball,2019,6.4,Action,Casual,True
Stardander Revenant,2021,9.2,Adventure,Indie,True
Miko in Maguma,2024,7.8,Indie,N/A,True
TIMORE REMAKE,2022,6.8,Indie,N/A,True
ALPEN GHOUL: Prologue,2023,8.4,Adventure,N/A,True
Fear Protocol: Codename Omega Starring Agent Jack Banger,2020,7.6,Action,Casual,True
Ecstasy / Light / Inertia,2023,7.6,Adventure,Indie,True
Moi Moi Heroes,2023,8.8,Action,Casual,True
FPV Speed Drone,2020,3.6,Action,Indie,True
Yappie! Knockout,2023,5.6,Action,Adventure,True
東方菈菈队,2023,9.8,Action,Casual,True
DOG,2024,4.6,Simulation,N/A,True
Honey Rose: Underdog Fighter Extraordinaire,2016,7.6,Action,Adventure,True
Vanildo's Journey,2022,9.6,Adventure,Casual,True
Krusenstern: A Stellar Sail,2022,7.0,Adventure,N/A,True
City Monsters,2020,7.6,Action,Casual,True
さよならナイトキャップ,2023,9.4,Adventure,Casual,True
Arclight Cascade,2015,8.6,Action,Indie,True
The Devil's Womb,2019,9.4,Adventure,Indie,True
BellyBots,2024,8.0,Indie,N/A,True
ModLab,2018,9.2,N/A,N/A,True
Project Skylab,2018,2.4,Action,Adventure,True
Banana Cowboy,2024,10.0,Adventure,Indie,True
Lachesis or Atropos,2023,8.8,Adventure,Indie,True
Mythicard,2022,8.6,Casual,Indie,True
Tournament of Beans,2022,7.2,Action,Indie,True
BLOCKPOST MOBILE Playtest,2023,8.0,N/A,N/A,False
World of BoreCraft,2023,9.4,Simulation,N/A,True
The Altered Lands,2021,6.0,Action,Adventure,True
AAW Wrestle Lab,2019,7.6,Action,Indie,True
MopGarden's Veggie Cart,2022,9.6,Casual,Indie,True
Warage,2021,4.6,Indie,Massively Multiplayer,True
Ashi Wash,2018,9.2,Casual,Indie,True
The Legend of Lumina,2024,9.8,Indie,N/A,True
BeanVRThe Social VR APP,2017,4.6,Casual,Massively Multiplayer,True
Dogs,2024,3.4,Action,Casual,True
过关攒将,2018,6.3,Indie,Strategy,True
Kudamono Party,2024,6.9,Casual,Indie,True
Bobo The Cat,2023,8.0,Action,Adventure,True
Sisters_Possession1,2022,8.4,RPG,N/A,True
Google Spotlight Stories: On Ice,2018,9.2,Adventure,N/A,True
Banana & Tomato,2024,6.5,Action,Adventure,True
iTop Easy Desktop,2023,8.0,N/A,N/A,True
Stay in the Light,2021,6.5,Action,Adventure,True
PureDesktop,2019,4.7,N/A,N/A,True
Hydrangea,2024,9.2,Indie,N/A,True
Cupid Story: First Date,2022,9.4,Indie,RPG,True
Soulforged,2023,6.9,Massively Multiplayer,RPG,True
Amigo VR,2017,5.3,Casual,Massively Multiplayer,True
散歩するキーボード使い,2019,8.8,RPG,N/A,True
BLOKDODGE,2017,8.4,Casual,Indie,True
Exception,2019,9.8,Action,N/A,True
Unoccupied,2022,5.1,Action,Indie,True
The Swarm,2022,8.8,Action,Indie,True
MIR4 Playtest,2021,6.1,N/A,N/A,False
JUMP de PON,2024,7.1,Action,Casual,True
Google Spotlight Stories: Special Delivery,2017,9.0,Adventure,N/A,True
Tales of Spark: Probation,2023,8.4,Action,Adventure,True
Red Tie Runner,2023,8.2,Action,Adventure,True
3D Organon XR,2019,4.9,Simulation,N/A,True
FINAL FANTASY XV WINDOWS EDITION MOD ORGANIZER,2018,3.9,N/A,N/A,True
No other cure,2022,8.0,Action,Casual,True
MITE - Terror in the forest,2023,8.4,Action,Indie,True
魔卡幻想Heroines Fantasy Inherit,2022,6.7,Casual,Massively Multiplayer,True
Not Another Dungeon?!,2021,9.0,Indie,Strategy,True
Dead Ground Arcade,2020,8.6,Action,N/A,True
Eclipse --- Defending the motherland,2016,5.3,Adventure,N/A,True
Virtual Desktop Dashboard,2018,4.5,N/A,N/A,False
Three Twenty One,2017,4.9,Adventure,Indie,True
Runeyana,2017,4.9,Action,Adventure,True
SafeZoneVR,2021,7.3,Action,Adventure,True
Modules,2023,8.4,Adventure,N/A,True
Hegis' Grasp: Evil Resurrected,2017,5.3,Action,Adventure,True
AmazeVR Megan Thee Stallion VR Concert,2023,7.1,Casual,Indie,True
The Pyramid Of Bones,2023,9.8,Action,Adventure,True
The Rest of Our Lives,2019,7.1,Casual,Indie,True
TEVI Playtest,2023,10.0,N/A,N/A,False
Cargo Cult: Shoot'n'Loot VR,2016,7.6,Action,Adventure,True
Google Spotlight Stories: Sonaria,2017,8.4,Adventure,N/A,True
Google Spotlight Stories: Back to the Moon,2018,9.8,Adventure,N/A,True
Fursona Festival,2023,9.2,Adventure,Casual,True
Megania Online,2021,4.9,Action,Adventure,True
Corpse disaster-survivors,2020,4.7,Action,Adventure,True
Color Defense,2020,6.9,Casual,Indie,True
100 ANIMALS ON AN ISLAND,2024,9.0,Casual,N/A,True
Personal Space,2022,10.0,Action,Adventure,True
Eternal Essence,2019,6.7,Casual,Indie,True
Fatal Velocity: Physics Combat,2018,7.6,Action,Indie,True
Morgan lives in a Rocket House in VR,2017,9.2,Casual,Indie,True
Rhombus Legends,2018,6.1,Indie,Strategy,True
Idle Progress,2023,4.5,Adventure,Casual,True
Beyond the Stars VR,2019,7.6,Adventure,Indie,True
Super Shoot Owl,2017,6.1,Action,Indie,True
Stampede: Racing Royale Playtest,2024,7.6,N/A,N/A,False
Bot Battles,2019,6.9,Action,N/A,True
bearcycle,2023,9.6,Racing,N/A,True
The Hunsa Magic,2022,7.7,Adventure,Indie,True
Warlock Bentspine - Toilet Edition,2020,9.4,Action,Indie,True
Into the Dangerous World I Leapt,2021,7.9,Adventure,Indie,True
Jack Axe: The Trial,2021,8.1,Action,Adventure,True
RO-BOUNCE,2022,8.1,Adventure,Racing,True
BlackShield: Upora Story,2018,7.1,Action,Adventure,False
New Day: Cataclysm,2019,6.0,Action,Indie,True
Gobyworld,2023,9.2,Adventure,Casual,True
Undead vs Plants,2016,4.0,Action,Adventure,False
Monkeys,2024,4.6,Casual,Simulation,True
Favor Chess,2019,6.2,Strategy,N/A,True
Ship Ahoy Open BETA,2018,8.3,Action,Casual,True
Deltazone Reloaded,2022,5.6,Action,N/A,True
Arali,2022,8.8,Action,Adventure,True
Naval Battle Online,2022,7.7,Action,Massively Multiplayer,True
The Winter Tower,2022,9.8,Simulation,N/A,True
Colourblind,2023,6.9,Action,Adventure,True
Noxious Weeds: Prologue,2023,8.3,Action,Casual,True
World of Mines Creator's Edition,2022,7.1,Casual,N/A,True
Hell Of A Racket,2023,9.0,Action,Sports,True
Glitch Maze.exe,2024,9.8,Action,Casual,True
Echo,2022,7.1,Action,Adventure,False
The Top of The Dream,2021,5.6,Adventure,Indie,True
Cantaloper,2021,7.7,Action,Indie,True
NORMALIZATOR,2017,5.6,N/A,N/A,True
Darwin's Demons,2017,9.2,Action,Casual,True
Blazing Core (beta),2018,5.8,Action,Massively Multiplayer,True
Soldier Warfare,2022,5.4,Action,Adventure,True
Rock 3,2022,7.7,RPG,Simulation,True
Alien Tag,2024,3.8,Action,Adventure,True
Regenesis Arcade Lite,2017,7.1,Action,Adventure,True
am i the baddie?,2021,9.0,Action,Casual,True
零号协议AgreementZero,2023,7.7,Indie,Simulation,True
Mobile Dungeon,2024,8.1,Adventure,Casual,True
Seeking Light,2022,7.1,Action,Adventure,True
Clothing,2024,3.8,Casual,Indie,True
Stream Arenas,2020,8.8,Action,Adventure,True
Hunt: The Unknown Quarry,2017,6.9,Indie,Strategy,True
Anachronism,2021,6.5,Casual,Indie,True
Cybercontrol,2022,5.2,Action,Indie,True
Meet the Miner - WDR VR Bergwerk,2018,8.3,Action,Adventure,True
Hermit Home Designer,2022,9.8,Casual,Simulation,True
Ding Dong Dang,2024,9.8,Action,Casual,True
Islands of Insight Playtest,2023,8.8,N/A,N/A,False
Virtual Sports,2017,7.5,Action,Casual,False
RETNE,2017,7.9,Adventure,Casual,True
Kitrinos: Inside the Cube,2018,7.9,Adventure,Indie,True
Apple Clicker,2024,3.5,Indie,N/A,True
My Fox Sister我的妖狐妹妹,2019,6.2,Adventure,Casual,True
THE SOUL OF TOO BIRDS GAME,2023,9.2,Adventure,Indie,True
Time To Morp: First Contact,2024,9.2,Adventure,Casual,True
The Change Architect,2020,6.5,Adventure,Casual,True
3DMark 11,2012,8.5,N/A,N/A,False
问山海:暗黑修仙传奇,2024,1.0,Action,Massively Multiplayer,True
A Lazy Magic Teacher,2019,5.8,Indie,N/A,True
Where The Water Tastes Like Wine: Fireside Chats,2018,9.2,Adventure,Indie,True
Last Soul - Prologue,2021,8.8,Action,Indie,True
Banana Gine,2024,2.5,Adventure,Casual,True
烂番茄短剧之爆宠小狂妃,2024,9.2,N/A,N/A,True
Flash Snooker Game,2020,5.6,Action,Indie,True
EBBIL: Alternative Bible,2024,9.0,Casual,Indie,True
Hollow Mind: The Lost Puppy,2020,7.5,Adventure,Casual,True
Project Hunter,2021,7.3,Indie,Strategy,True
DIRECT shot,2021,5.2,Action,N/A,True
Ajedrez una tarde de Otoño,2021,5.3,Indie,Simulation,True
METAL BEANS,2024,9.4,Action,Casual,True
Swords of Blood,2024,5.7,Action,RPG,False
Muscle Magic,2019,9.1,Action,Indie,True
Automaton Kingdom,2022,8.9,Indie,Strategy,True
Adventure Boy Cheapskate DX,2018,6.6,Adventure,N/A,False
Trainslation,2021,8.5,Adventure,Indie,True
HEAVEN SEEKER Prologue,2023,7.7,Action,N/A,True
Kellogg's Gut Bacteria Reef,2021,8.3,Adventure,N/A,True
The Last Plague: Blight Playtest,2021,10.0,N/A,N/A,False
After Hours,2018,6.6,Adventure,Indie,True
Mavi's Journey,2018,8.7,Casual,Indie,True
Watermelon,2024,2.3,Indie,Simulation,True
Welcome To Your Immune System,2021,9.4,Action,Casual,True
Life of Lon: Chapter 1,2017,7.4,Adventure,N/A,True
Tep The Destroyer TD,2022,7.2,Casual,Indie,True
Treasure Adventure Game,2021,9.1,Action,Adventure,True
Smash MAGA! Trump Zombie Apocalypse: Twilight of Empire,2022,7.7,Action,Adventure,True
BATTLEPOPES,2023,9.1,Action,N/A,True
Betelgeuse,2020,9.6,Indie,N/A,True
Dear Brother,2021,8.7,Adventure,Casual,True
Dungeon Overseer,2021,5.1,Casual,Simulation,True
Moonlight Mansion,2020,6.2,Indie,N/A,True
Grand Tanks: WW2 Tank Games,2023,6.6,Action,Casual,True
Super Symbol Boys,2023,10.0,Adventure,Casual,True
Wrecked: Get Your Ship Together,2017,7.2,Action,N/A,True
Keep the Lights On,2023,9.1,Adventure,Indie,True
Dolphin Swim,2019,4.9,Casual,Indie,True
Soulscape,2019,9.8,RPG,N/A,True
Nightfall,2021,6.6,Action,Casual,True
Grave of the Petrified,2020,8.1,Adventure,Indie,True
"Go Home, Mr. Fisk!",2021,8.5,Action,N/A,True
Virtual Space,2017,6.4,N/A,N/A,True
Fate of Dynasty,2021,8.9,Adventure,Indie,True
Secrets of Deep Earth Shrine,2016,7.0,Adventure,Indie,True
From Village to Empire,2018,6.8,Indie,Strategy,True
破坏效应,2020,7.7,Action,Massively Multiplayer,True
Vivez Versailles,2018,6.8,Simulation,N/A,True
Living Dolls Rebirth Alpha,2023,5.1,Action,Adventure,True
"I, Toaster",2023,8.7,Action,Indie,True
Flight 787 - Advanced,2016,3.8,Simulation,N/A,False
Model Railway Easily Christmas,2020,6.8,Simulation,N/A,True
Broccoli,2024,2.8,Simulation,N/A,True
Liminus: The Silent Guard,2022,8.5,Adventure,Casual,True
Crypto Clicker,2022,7.0,Casual,N/A,True
Chunks,2016,4.5,Indie,Simulation,False
Beyond the Breach,2024,7.9,Adventure,Indie,True
Warhammer Age of Sigmar: Realms of Ruin - Playtest,2023,5.1,N/A,N/A,False
Veiled Tales,2024,6.6,Action,Adventure,True
Swing Into Zero-G,2024,8.9,Action,Indie,True
Heart of Enya,2021,8.5,Indie,RPG,True
SOLRAVEN,2016,3.4,Indie,Simulation,True
SightLineVR,2017,9.1,Action,Adventure,True
Marble Pop Paradise,2021,8.5,Casual,Strategy,True
Chronicles of Tal'Dun: The Remainder - Act 1,2021,8.9,Casual,Indie,True
In The Darkness,2022,7.7,Action,Adventure,True
Adventures of Quin85,2023,8.9,Action,Adventure,True
johnsgame,2017,4.7,Action,Adventure,True
Climbtime,2017,6.0,Casual,Indie,True
Hero Rush: Mad King,2017,5.7,Casual,Indie,False
Late photographer 2 free,2022,4.3,Casual,N/A,True
THE WORST GAME,2022,6.2,Casual,Indie,True
Idle Space Navy,2023,5.1,Casual,Strategy,True
Waking the Glares - Chapters I and II,2017,6.4,Adventure,Indie,True
地下城冒险记,2022,3.6,Action,Adventure,True
Pizza Ghest,2022,7.0,Action,Adventure,True
Signal & Echo: Iris is Missing (demo),2022,9.8,Adventure,Casual,True
Catching,2019,6.4,Action,Casual,True
Containment Corps,2017,6.4,Action,Adventure,True
Lil' Arena,2018,6.8,Action,Indie,True
Origin of Decay,2018,5.5,Action,Adventure,True
Escape : Lia,2022,3.4,Adventure,Indie,True
Cosplay Maker,2015,6.2,Indie,Simulation,True
Saloon Simulator Playtest,2024,9.6,N/A,N/A,False
TCM RACING 2,2022,5.7,Racing,N/A,True
Clickable Coffee Shop,2019,4.3,Casual,Simulation,True
Das Balkonzimmer,2020,6.3,Simulation,N/A,True
Railroad Tracks,2018,6.5,Adventure,Indie,True
Glassbreakers: Champions of Moss,2023,8.7,Action,Strategy,False
Sand to Surf,2020,5.7,Action,Adventure,True
FleurBirdShoot,2022,6.5,Indie,N/A,True
The Hamster,2024,5.4,Adventure,Casual,True
Don't Look,2020,3.7,Adventure,Indie,True
Chicken,2024,6.1,Adventure,Casual,True
Demons Infernalize,2024,7.0,Action,Casual,True
Tomorrow,2021,7.8,Adventure,Indie,True
Brother Perro,2018,7.4,Casual,Indie,True
Zarathustra - Cybergeddon,2024,7.6,Adventure,N/A,True
QuentBlast,2022,7.8,Action,Indie,True
Bubbles the Cat,2019,9.3,Action,Adventure,True
Demon Keeper 2,2021,8.5,Adventure,Casual,True
An Amazing Wizard: Prologue,2024,9.6,Action,Adventure,True
Accident On the Simple Rd,2021,6.3,Action,Casual,True
Eggplant,2024,5.4,Casual,Indie,True
Realm Engine Virtual Tabletop,2021,7.0,Adventure,Indie,True
Punchline!!,2019,8.9,Adventure,Casual,True
修仙物语,2023,9.3,Adventure,Casual,True
Dawn of the Dragons: Ascension,2019,3.7,Massively Multiplayer,RPG,True
Isolation,2017,3.7,Adventure,Indie,True
Just Chatting,2020,4.8,Action,Casual,True
Deck of the Dead,2023,7.8,Casual,Indie,True
貴方が狼カードデス,2023,9.3,Adventure,N/A,True
Carrion Fields,2024,7.8,Adventure,Indie,True
Solar Panic: Utter Distress,2020,8.7,Adventure,Indie,True
Galactic Bulwark Strike,2018,9.8,Action,Casual,True
Absolute Blue,2018,6.7,Action,Indie,True
Amigo Fishing,2018,4.6,Casual,Simulation,True
Broken Blue,2016,7.2,Casual,Indie,True
Logout,2018,6.3,Action,Adventure,True
The Labyrinth,2024,5.2,Action,Adventure,True
Into The Core,2019,9.6,Indie,N/A,True
Bite Sized Puzzle,2021,7.8,Adventure,Casual,True
Test Subject 901,2018,8.0,Strategy,N/A,True
Antiflux,2016,8.7,Action,Indie,True
Deadly Contact,2017,8.0,Action,Casual,True
GonzoVR,2018,9.8,Indie,N/A,False
Kingdoms In Chaos,2021,5.9,Action,Adventure,True
Miya,2024,7.2,Action,Adventure,True
INVICTA: The Next Queen,2023,7.8,Action,Adventure,True
VIRA,2023,9.3,Adventure,N/A,True
Little ShrimpLegend Reborn,2023,5.9,Adventure,Massively Multiplayer,True
Mana Maker,2020,3.3,Casual,N/A,True
I am immortal here,2024,5.9,Action,Adventure,True
Taxi Rush: Prologue,2024,6.3,Action,Adventure,True
Louma,2023,7.8,Adventure,Indie,True
Dominus 2,2018,7.0,Strategy,N/A,True
Necrosmith Playtest,2022,9.8,N/A,N/A,False
Highway Madness,2018,7.0,Casual,N/A,True
MewMew - PewPew,2022,9.1,Action,N/A,True
Keyboard Warrior,2022,8.3,Adventure,Casual,True
Annual,2018,3.9,Action,Indie,True
The Quinfall Playtest,2024,3.7,N/A,N/A,False
Zquirrels Jump,2018,7.6,Action,Indie,True
Freakshow:Anniversary,2018,6.1,Adventure,Casual,True
Lords of War,2018,6.3,Action,Indie,True
Blanket Heavy With Nightmares,2019,8.9,Adventure,N/A,True
小游戏世界(中国版),2018,3.9,Action,Casual,True
Crome: Before Purgatory,2019,8.7,Action,N/A,True
Cartesian,2017,9.6,Adventure,Indie,True
Excalibots,2020,6.7,Action,Adventure,True
UnnamedGame RPG,2022,5.4,Casual,Indie,True
Live/Wire,2021,7.0,Action,Indie,True
Alice in CyberCity,2019,6.7,Action,Adventure,True
Of Frost and Flowers,2023,9.1,Casual,Indie,True
Xenosis,2023,7.4,Action,Adventure,True
阿达三国志2019 竖版 Three Kingdoms 2019,2018,7.0,Action,Adventure,True
Obedient Women,2022,7.2,Adventure,N/A,True
Sacred Saga Online,2018,2.6,Massively Multiplayer,RPG,True
Flowering Nightshade,2021,8.3,Adventure,Casual,True
PixelForces.io,2020,6.7,Action,Indie,True
One Day,2021,8.9,Action,Casual,True
AstronTycoon,2018,7.6,Indie,Simulation,True
GoBangTetris,2022,8.9,Casual,Indie,True
Mizeria,2024,8.7,Action,N/A,True
Traveller's Hymn,2024,10.0,Adventure,RPG,True
SLEEPOVER,2019,6.5,Action,Indie,True
Deity Driving,2020,10.0,Adventure,N/A,True
ESCAPE ROOM VR,2020,3.8,Adventure,Indie,True
Entropic Float: This World Will Decay And Disappear,2022,8.9,Indie,Simulation,True
Tulip,2024,9.8,Adventure,Casual,True
Economic Conquest,2017,4.9,Casual,Indie,False
Vespa's Test,2022,9.6,Casual,Indie,True
SourVR Video Player,2016,5.6,N/A,N/A,True
Streets Ablaze,2018,7.1,Action,Adventure,True
Snotty's Sewer,2023,7.8,Indie,N/A,True
"Ortus Arena, strategy board game online, FOR FREE",2016,6.7,Casual,Indie,True
Cyber Ops Prologue,2020,7.1,Action,Indie,True
Dino Delivery,2019,5.8,Adventure,RPG,True
The Wendigo,2017,7.8,Action,Indie,True
Cleo's Lost Idols,2017,6.2,Casual,Indie,True
Metagroove,2020,7.6,N/A,N/A,True
Hauling Away,2022,9.3,Casual,Indie,True
Infinitode 2 Playtest,2021,9.3,N/A,N/A,False
The Grandmaster,2019,7.8,Action,Casual,True
ACROBATIC CAR,2021,9.3,Action,Casual,True
Twilight Wars: Declassified,2022,7.3,Indie,RPG,True
Crypto Crisis,2019,7.6,Indie,Simulation,True
Dropkick Navvy: First Step,2023,9.8,Casual,Indie,True
My Lil' Donut,2016,8.9,Simulation,N/A,True
Dudes on a Map: Virtual Grid Paper,2021,9.8,Adventure,RPG,True
Court of Ashes,2019,8.9,Casual,Indie,True
Device of Bakudan,2023,9.8,Action,Indie,True
"(val)iant: or, val's guide to having a broken vag",2023,9.1,Casual,Indie,True
Bloody Efforts,2022,7.6,Action,Indie,True
Rubber Bandits Playtest,2021,9.6,N/A,N/A,False
럭키 스태미나,2022,9.1,Casual,Indie,True
Non-Linear Text Quests,2018,7.8,Adventure,Indie,True
Bike Dash Excite!,2018,5.3,Action,Casual,True
Gigantic: Rampage Edition Playtest,2024,8.4,N/A,N/A,False
Traveler's Bastion,2023,8.2,Action,Casual,True
Bound Forest Alpha,2020,7.8,Action,Adventure,True
Linda & Joan Prologue: Four Months Earlier,2020,8.7,Casual,Indie,True
Endure Island,2024,4.2,Action,N/A,True
Kitty Rescue,2017,7.6,Action,Casual,True
Infinity Heroes,2020,7.1,Casual,Indie,True
Kode Studio,2018,7.8,N/A,N/A,True
Piñata,2016,5.1,Casual,Indie,True
The Case of the Serialized Killer,2023,9.1,Adventure,Indie,True
Practisim Designer,2023,9.6,Action,Casual,True
TV Trouble,2016,8.7,Indie,N/A,True
Last Days,2016,5.6,Action,Adventure,True
Exhibitors,2023,7.1,Action,Adventure,True
FPSBois,2019,5.3,Action,N/A,True
Dark Old Sun,2018,9.3,Action,N/A,True
Godmode Epochs,2023,8.7,Casual,Indie,True
Sargon's Lair,2018,7.1,Action,Adventure,True
Freddy's Archives: Remains Of The Past,2024,7.8,Action,Adventure,True
Supesu,2018,8.0,Casual,Indie,True
The Bright Star Of Seraph-Katis,2024,8.4,Adventure,Casual,True
Auto Cell: Game of Life,2021,8.7,Simulation,Strategy,True
GE Neuro,2016,7.3,Casual,Simulation,True
Google Spotlight Stories: Piggy,2018,9.1,Adventure,N/A,True
Moonfall,2017,8.0,Action,Adventure,False
Adventure Slime,2019,7.8,Adventure,N/A,True
"Survival Horror 8,436",2021,4.4,Action,N/A,True
Necromonads,2015,4.9,Action,N/A,False
Command: Northern Inferno,2015,7.6,Simulation,Strategy,False
Fret Smasher Playtest,2021,8.4,N/A,N/A,False
Apocalypse: 2.0 Edition,2020,4.7,Action,Indie,True
The Walking Dead: Betrayal Playtest,2023,7.6,N/A,N/A,False
Solanaceae: After All,2022,10.0,Casual,Indie,True
JAZZ OUT,2024,10.0,Action,Casual,True
SgyuinBaldo,2021,6.9,Action,N/A,True
Outburst,2020,8.9,Action,Indie,True
Orlando Theme Park VR - Roller Coaster and Rides,2020,2.0,Action,Simulation,True
Age of Mythology: Retold Playtest,2024,7.5,N/A,N/A,False
Red Haven,2022,4.8,Action,Adventure,True
Sort of Justice - Chapter 1,2024,9.5,Action,Indie,True
Arcane Waters Playtest,2022,8.9,N/A,N/A,False
Andromeda 2 Zombies,2021,5.5,Action,RPG,True
Spiritwish,2021,5.0,Adventure,Casual,True
Rolando The Majestic,2022,7.3,Adventure,Indie,True
IDLE RAID,2021,5.5,Adventure,Casual,True
Age of Heroes: Conquest,2017,4.3,Massively Multiplayer,RPG,False
Ballads and Romances,2022,8.4,Indie,N/A,True
Capitals Quizzer,2023,8.0,Casual,N/A,True
Future Breach: Youngblood,2024,9.1,Action,Simulation,True
The Puppet Master,2016,8.2,Indie,N/A,True
三国志觉醒,2024,7.3,Adventure,Massively Multiplayer,True
Exogen VR,2019,9.1,Casual,Indie,True
AKAZU Off limits,2024,6.6,Adventure,Indie,True
Lost Remnant: The End Tides,2020,9.8,Adventure,Casual,True
SCP: EVENT CLASSIFIED Playtest,2023,8.6,N/A,N/A,False
Jaunt VR - Experience Cinematic Virtual Reality,2016,4.8,N/A,N/A,True
Race me now,2022,8.6,Action,Casual,True
Elemental Combat,2017,8.4,Action,Indie,True
Inside Me,2015,7.7,Action,Indie,True
Secret Backrooms,2022,5.0,Action,Indie,True
Snoody: One of the Ayrie,2023,8.0,Action,Adventure,True
Dude Cops,2018,7.7,Adventure,Casual,True
Monster Girl Dungeon,2021,4.8,RPG,N/A,True
The Showdown Effect: Reloaded,2024,8.6,Action,Indie,True
Slaughterhouse,2021,7.0,Action,N/A,True
Lightrise,2015,5.2,Action,Indie,True
Crimson Waves on the Emerald Sea,2021,9.1,Action,Adventure,True
Beer Strip,2023,5.9,Casual,Indie,True
Methods: The Illusion Murders,2024,9.3,Adventure,Casual,True
Project I,2023,9.1,Action,Adventure,True
MetaDOS,2024,2.3,Action,Massively Multiplayer,True
Grow Big (or Go Home): Ultimate Edition,2020,7.0,Action,Casual,True
萌宠西游,2024,8.6,RPG,N/A,True
Heroes de Peronia,2023,8.6,Adventure,Indie,True
Can Strike,2023,7.3,Action,N/A,True
Interitus,2022,7.0,Action,Adventure,True
Welcome to Emba,2020,8.6,Adventure,Indie,True
The Dead Await: Prologue,2023,8.0,Indie,RPG,True
Panic Station VR,2020,8.2,Action,Indie,True
OBS Studio Beta,2022,9.1,N/A,N/A,False
Turbo Shot,2022,6.4,Action,Adventure,True
The House zebaxx,2023,5.7,Adventure,Casual,True
神魔决之九黎剑EA,2024,9.3,Adventure,Indie,True
Z3TA 2,2013,8.4,N/A,N/A,False
orz,2023,5.7,Action,Indie,True
Evergate: Ki's Awakening,2020,7.3,Action,Adventure,True
Toing's Pops,2023,6.8,Action,Adventure,True
Presenter Slides,2022,8.6,Adventure,Indie,True
Orb Flight,2023,8.9,Casual,Indie,True
Project Grove: Prologue,2021,7.3,Adventure,Indie,True
Little Traveler,2021,7.0,Action,Adventure,True
Name The Song Quiz,2018,5.2,Action,Casual,True
Laserboy,2021,9.3,Action,Casual,True
黄老饼梦游惊奇 Playtest,2022,9.8,N/A,N/A,False
Hold the door!,2016,6.3,Action,N/A,True
AWAKEN - Astral Blade: First Contact,2024,10.0,Action,Adventure,True
My Summer Adventure: Memories of Another Life Day 1,2023,9.5,Adventure,Casual,True
Crazy Steam Bros 2,2015,4.0,Action,Casual,True
洪荒西行录,2024,10.0,Action,Adventure,True
Layover Lovers,2023,9.1,Casual,Indie,True
Trombone Champ Playtest,2022,10.0,N/A,N/A,False
Werewolves Online,2020,5.3,Casual,RPG,True
PROJECT: Halloween,2021,7.7,Casual,Indie,True
Art of Fury: Virtual Gallery,2021,8.6,Casual,N/A,True
Follow the Black Kitten,2022,8.4,Adventure,Casual,True
Pizza Clicker,2024,4.4,Casual,Simulation,True
Sumo,2024,8.1,Action,Casual,True
3 O'clock Horror,2021,7.2,Adventure,Casual,True
Pico Link,2022,4.0,N/A,N/A,True
Fire Commander Playtest,2022,9.3,N/A,N/A,False
Vermis Orbita,2022,7.7,Action,Indie,True
Let's Go Nuts!,2018,9.3,Action,Casual,True
SLIVER.tv,2017,5.8,N/A,N/A,True
Solenars Edge Heroes,2018,7.2,Indie,RPG,True
Flora Domina,2023,5.8,Indie,Strategy,True
Mars Underground,2019,9.8,Adventure,Indie,True
Sinner 97: Prologue,2022,7.4,Action,Adventure,True
Echo of Ayllu,2024,7.7,Strategy,N/A,True
Lorera,2020,8.4,Action,Adventure,True
football girl,2020,7.2,Adventure,Casual,True
Snow Arena,2019,6.7,Casual,Indie,True
tug-of-war,2024,8.6,Casual,Indie,True
AO Tennis 2 Tools,2019,5.6,Sports,N/A,True
看不见的爱,2019,8.8,Casual,Indie,True
Greed: Abandoned Dogs,2021,5.6,Action,Massively Multiplayer,True
Crafting Block World,2019,4.4,Action,Adventure,True
Unreal Estate,2017,7.0,Casual,Indie,False
还有一个小愿望 One More Wish,2023,7.4,Adventure,Casual,True
Erin's Naughty Friday Prologue,2023,6.0,Adventure,Casual,True
Dungeon Full Dive: Player Edition,2024,4.9,Adventure,Indie,True
Desktop Dungeons: Rewind - Daily Demo,2023,8.1,Adventure,Indie,True
Winging It,2022,10.0,Action,Indie,True
Tank Brawl 2: Armor Fury,2021,6.7,Action,Adventure,True
KING GOD DOMAIN,2020,6.0,Casual,Massively Multiplayer,True
System Invaders,2020,9.3,Action,Casual,True
God Hand,2019,7.7,Action,Simulation,True
Ghostbusters,2016,4.7,Action,Adventure,False
Ultimus,2023,7.0,Action,Indie,True
Casino Island Simulator: Prologue,2024,8.1,Casual,Indie,True
Gods and Kings,2018,5.8,RPG,Strategy,True
The Last Show of Mr. Chardish: Act I,2020,9.1,Action,Adventure,True
彩虹捕鱼,2024,8.6,Action,Adventure,True
Code Zero,2021,6.0,Action,Casual,True
cyber_serpent,2023,9.8,Action,Casual,True
Synthbiotic Dungeon,2021,7.7,Action,N/A,True
Nyaa-kuza!!,2021,7.4,Adventure,Indie,True
Welcome To... Chichester 2 - Part I : The Spy Of Chichester And The Eager Tourist Guide HD Edition,2018,7.9,Adventure,Casual,True
Super Perspective,2017,8.8,Indie,N/A,True
Merper VR,2017,8.8,Casual,Indie,True
13 Candles,2022,4.0,Adventure,Indie,True
inAntrum - Prototype,2023,8.6,Action,Adventure,True
Hide & Spook: The Haunted Alchemist,2016,9.3,Action,N/A,True
Russian Mailman Simulator,2021,9.8,Action,Casual,True
Obilia,2024,5.8,Action,Adventure,True
创世-修真录,2017,7.9,Action,Adventure,True
η κλοπή του ΚΡΑΣΙΟΥ,2022,9.3,Adventure,Casual,True
Roguevive: Prelude,2023,8.4,Action,Adventure,True
Ghost Productions: Wraith VR Total Knee Replacement Surgery Simulation,2019,9.8,N/A,N/A,True
Catwifhat,2024,7.4,N/A,N/A,True
Shining Jump Jump,2022,8.1,Casual,Indie,True
Arcade Saga,2016,7.7,Action,Casual,False
Planetary Planter,2022,8.8,Casual,Simulation,True
Furry Shakespeare: Dashing Dinosaurs & Sexy Centaurs: Winter's Tale,2019,8.6,Adventure,Indie,True
Byte Breakers Playtest,2024,7.9,N/A,N/A,False
Visitations,2020,8.8,Casual,N/A,True
Voyage Senki VR 海洋传说 VR,2018,4.8,Massively Multiplayer,RPG,True
I Told You So!,2021,9.8,Casual,N/A,True
Deadly Station,2018,4.8,Action,Adventure,True
Aviators VR,2024,5.0,Action,Adventure,True
IPackThat,2015,3.6,N/A,N/A,False
Swords & Crystals Online,2024,6.9,Adventure,Indie,True
Dirty Room,2023,6.2,Action,Adventure,True
Romino's Adventure,2021,9.8,Adventure,Indie,True
ALLON3,2022,5.0,Action,Indie,True
Spire of Sorcery Character Generator,2018,8.3,Indie,RPG,True
新月大陆,2024,9.8,Action,Adventure,True
Gulf Echoes: Tent of Treason,2023,8.1,Adventure,Casual,True
Yukiusa,2023,8.3,Action,N/A,True
Stalks Stalks Stalks,2021,9.8,Indie,Simulation,True
Singularity Runner,2022,9.0,Casual,Indie,True
Serpent Fusion,2019,9.0,Indie,N/A,True
Master of Pieces Jigsaw Puzzle,2021,9.3,Casual,N/A,True
Anomalistic Revolution: Prelude,2023,9.3,Indie,RPG,True
Cosmic Carnage: Prologue,2023,9.8,Action,Adventure,True
Hexagon Puzzle Blocks,2023,8.3,Casual,N/A,True
Pixel Puzzles World War II Jigsaws,2023,9.8,Casual,N/A,True
Durak NTR: the Fool who lost his gf in a card game,2024,4.8,Casual,Indie,True
Yondu's Journey,2023,7.9,Action,Adventure,True
In Extremis,2016,7.9,Action,Indie,True
Defective Holiday,2020,7.6,Indie,N/A,True
Death Slayer,2023,6.0,Action,Adventure,True
Flaws in the People We Love,2019,6.7,N/A,N/A,True
RACING BROS: ONLINE Playtest,2022,9.5,N/A,N/A,False
Substance Designer 2018,2017,8.6,N/A,N/A,False
Ocean Man,2024,8.8,Adventure,Casual,True
Hammer Kid,2023,7.9,Action,Adventure,True
Last Shark Standing,2019,9.8,Action,Indie,True
Battle Dawn 2: Terra Reborn,2022,5.2,Massively Multiplayer,Strategy,True
Paintballers Playtest,2024,9.8,N/A,N/A,False
Sheep's Symphony,2024,9.3,Action,N/A,True
Lucidscape,2021,6.7,Action,Adventure,True
Battle Crush Playtest,2024,7.1,N/A,N/A,False
Mountain Mind - Headbanger's VR,2017,8.1,Indie,N/A,True
The Scent of Summer,2018,8.3,Adventure,N/A,True
PaulPaul - Act 1,2018,9.3,Adventure,Indie,True
World Boss Playtest,2022,8.6,N/A,N/A,False
Epicenter VR,2023,7.1,Action,Indie,True
Flagi,2022,6.0,Action,Casual,True
Stones Keeper: Prologue,2021,7.1,Indie,Strategy,True
No men in this house,2022,8.6,Adventure,Indie,True
老虎游戏-tiger casino&slot game,2018,4.5,Casual,Indie,True
ANARCHY,2020,6.0,Action,Adventure,True
Dice 1000 online,2017,4.3,Casual,Massively Multiplayer,True
War of Three Kingdoms,2019,3.8,Casual,Indie,True
The Tipping Point,2024,9.5,Action,Adventure,True
退婚后宗主马甲藏不住,2024,3.8,Adventure,RPG,True
Ara and the Empty Universe,2023,9.5,Adventure,Casual,True
Puzzzle,2020,6.7,Casual,Indie,True
BlubBlub: Quest of the Blob,2018,8.1,Action,Indie,True
极限侦探,2024,7.4,Indie,Racing,True
World of Solaria 2D MMORPG,2024,7.1,Adventure,Indie,True
Let's Go There And Wander Nowhere,2018,5.7,Indie,N/A,True
Wormhole City,2018,3.8,Action,Adventure,True
Dear Future,2021,8.6,Adventure,Indie,True
Friday 星期五部门,2019,9.3,Casual,Indie,True
We Walked In Darkness,2018,5.2,Adventure,Casual,True
War and Peace,2023,6.9,Action,Casual,True
Tri City Monsters,2024,10.0,Indie,N/A,True
The Mind's Eclipse,2018,9.0,Indie,N/A,False
Flipside Studio,2020,6.4,N/A,N/A,False
Becoming Homeless: A Human Experience,2018,5.7,N/A,N/A,True
OBSCURIA,2024,6.2,Adventure,Indie,True
Galactic Grinder,2023,8.6,Action,Sports,True
SkyStrikers,2024,9.0,Casual,Indie,True
ARC TCG,2024,7.9,Indie,Strategy,True
WalkinVR,2020,9.3,N/A,N/A,True
Manor Madness,2024,9.3,Action,Adventure,True
Tower VR,2019,6.7,Action,Casual,True
Synth Riders Beatmap Editor,2019,8.6,Indie,N/A,True
TripleBuilder,2021,8.3,Casual,N/A,True
FEEBLE,2022,6.0,Adventure,Indie,True
Armoured Commander,2020,8.6,Strategy,N/A,True
Bomber 95,2018,6.1,Action,Adventure,True
Christmas Mansion,2021,6.1,Casual,N/A,True
Burst,2016,5.4,Casual,Indie,False
Sandwich Sim,2024,9.8,Casual,Indie,True
四圣传说之黑暗森林,2019,8.0,Adventure,Indie,True
Rail Adventures - VR Tech Demo,2016,4.9,Action,Indie,True
Unforgettable You,2021,9.5,Indie,N/A,True
Pets,2024,5.9,Indie,Simulation,True
Pawggle,2024,6.1,Casual,Indie,True
ImpossiBowl,2023,9.0,Action,Casual,True
Combat Champions Playtest,2023,4.4,N/A,N/A,False
Chrono's Arena,2021,6.8,Action,Indie,True
三国群英之兵临天下,2022,7.1,Strategy,N/A,True
Lost City of Vampires,2019,8.0,Action,Indie,True
Call of Pixel : Close Quarters,2019,5.9,Action,Casual,True
"Drumpf: Rise Up, Libertonia!",2018,8.3,RPG,N/A,True
ZED Patrol,2023,7.8,Action,Indie,True
Sovereign Elect,2024,7.6,Casual,Massively Multiplayer,True
Shitty Cactus,2020,8.3,Action,Casual,True
Bang Bang Car,2017,6.1,Casual,Indie,True
生死狙击2 Test Server,2023,5.4,N/A,N/A,False
Holt,2021,8.0,Action,Adventure,True
The Mark of Robot,2018,5.1,Action,Adventure,True
The Red Prison,2019,8.3,RPG,N/A,True
Starecrown,2024,8.5,Indie,Strategy,True
The Magic Land,2024,4.4,Adventure,Indie,True
Build Wars,2018,5.4,Adventure,Casual,True
Roy's Rugs,2022,6.6,Casual,Indie,True
Builders Of Egypt Playtest,2023,7.3,N/A,N/A,False
HERO-E,2017,7.8,Action,Indie,True
Finding Cinderella,2024,9.0,Adventure,Casual,True
Conquer The Universe,2021,6.1,RPG,Strategy,True
Frontier Runner,2017,5.9,Adventure,Indie,True
Lightspeed Dating,2022,6.8,Casual,Indie,True
Brave Hero Yuusha EX,2019,9.5,Indie,RPG,True
Duck Duck Goose,2020,5.4,Casual,Indie,True
The Beast In The Cave,2023,9.0,Action,Adventure,True
akeytsu Indie 2017,2017,9.0,N/A,N/A,False
Casual Spider Solitaire,2017,6.6,Casual,Indie,True
Pararea--Social VR for Everyone (Beta),2017,5.6,Casual,Massively Multiplayer,True
Avem33,2017,6.1,Casual,Indie,True
A Small Robot Story,2017,8.8,Adventure,N/A,True
Annoy This Guy,2024,9.5,Indie,N/A,True
Ultimate Rock Crawler,2016,3.2,Indie,Racing,True
BUGWORLD:ONLINE PRESENTS MITCH MAKER,2020,9.0,Casual,Indie,True
Retroninjacyberassassin,2021,8.5,Action,Adventure,True
Go All Out: Free To Play,2020,7.1,Action,Casual,True
ULTRAFUN,2023,7.1,Action,Casual,True
Travel VR,2017,3.9,Casual,N/A,True
Umbra Galaxy,2022,9.0,Action,N/A,True
Sword Game,2020,8.8,Action,Casual,True
Ultreïa: Prologue,2021,9.8,Adventure,Indie,True
Master of Wills,2021,7.8,Strategy,N/A,True
Tower of the Dragon,2024,10.0,Indie,RPG,True
Tiny Toyfare,2017,7.3,Action,Indie,True
CameraBag Photo,2016,4.4,N/A,N/A,False
Sky division,2023,9.0,Adventure,N/A,True
UBERCOLD,2019,5.6,Action,Indie,True
Kilcount,2018,8.8,Casual,Indie,True
星影の館殺人事件,2024,9.8,Adventure,Indie,True
Machizzle,2021,9.5,Casual,Indie,True
Hopebringers,2020,9.0,Indie,Strategy,True
Nonograms,2024,9.0,Casual,Indie,True
Chambered,2017,8.0,Action,Indie,True
A Series of Temporal Mishaps,2022,7.8,Adventure,Casual,True
Noblesse Oblige: Legacy of the Sorcerer Kings,2023,9.3,Indie,RPG,True
Film Studio Manager,2023,4.1,Simulation,Strategy,True
Aussie Clowns At War,2021,7.8,Action,Casual,True
EXP: War Trauma Playtest,2021,9.3,N/A,N/A,False
"Chests, City, Clicker",2023,4.1,Action,Indie,True
Vasilisa and Baba Yaga: Prologue,2024,8.8,Action,Adventure,True
Ecio,2019,6.8,Indie,N/A,True
Friend ReQuest - A Playable Teaser,2021,8.5,Adventure,Indie,True
Victoria Clair and the Mystery Express,2020,9.3,Casual,Indie,True
Mortuar,2024,4.1,Action,Casual,True
MOLOCH (Zero),2018,7.0,Indie,Simulation,True
Code/The Werewolf Party,2019,4.8,Casual,Indie,True
Beyond Shattered Isles,2019,8.0,Casual,Indie,True
BENS WORLD,2023,7.5,Adventure,Casual,True
Carrier,2017,8.2,Casual,N/A,True
Misteri Rumah Pak RT,2023,8.0,Action,Casual,True
Grill on Wheels,2024,5.5,Casual,Indie,False
After Life - Story of a Father,2016,7.0,Adventure,N/A,True
Lobby Cam by Bryn Oh,2023,7.5,Casual,Indie,True
Hope of Humanity,2020,2.8,Adventure,Indie,True
Smelogs Playground,2024,9.0,Action,Indie,True
Kitten Cannon,2016,8.2,Casual,N/A,True
VRchaeology: Prologue,2016,9.0,Adventure,Casual,True
DrillsVR,2018,5.8,Action,Indie,True
Red Planet Rampage,2024,9.5,Action,Indie,True
Tale's Casino Escape,2019,8.5,Action,Adventure,True
GreenIsland,2023,3.8,N/A,N/A,True
JaDa Fishin',2022,8.0,Casual,Indie,True
Homeland: Lay to Rest,2020,8.2,Action,Adventure,True
Charles the Bee,2024,9.0,Action,Adventure,True
NinjaThea,2022,9.8,Casual,Indie,True
Zombie Craft,2021,3.5,Action,Adventure,True
Everything Has Arms,2022,7.8,Action,Indie,True
Shattered Void,2024,5.8,Action,Massively Multiplayer,True
神魔之道,2024,7.2,Action,Indie,True
And So It Was,2016,6.0,Action,Adventure,False
Pirate Jam,2022,8.2,Casual,Indie,True
Frostbitten,2022,5.8,Action,Adventure,True
Story Of Infinity: Xia,2023,8.8,Action,Adventure,True
Crime Boss: Rockay City Playtest,2024,8.2,N/A,N/A,False
时之扉,2019,4.8,Action,Adventure,True
Blindsight: War of the Wardens,2023,8.0,Action,Adventure,True
PSX HORROR,2024,8.5,Adventure,Indie,True
A Show of Kindness,2018,9.2,Adventure,Casual,True
Project Crimson,2020,9.0,Action,Casual,True
Exfil Playtest,2024,8.0,N/A,N/A,False
Eville Playtest,2022,9.0,N/A,N/A,False
Beacon Patrol: First Horizons,2023,8.2,Casual,Indie,True
iFactor,2016,5.8,Casual,Indie,True
Muppy The Bunny : The Danger of Wishes,2019,7.8,Action,Adventure,True
Paintball Playground,2024,6.2,Action,Indie,True
URUBU,2022,9.2,Adventure,Casual,True
Duncan and the Wisp,2019,8.5,Action,Adventure,True
武者斗天师,2021,9.2,Action,Indie,True
Super Ultra Monster Smash!,2017,5.5,Action,Casual,True
Spectral Showdown,2022,7.0,Action,Indie,True
Astra Nova,2024,5.0,RPG,N/A,True
Instability,2020,7.8,Action,Simulation,True
ReversiBot,2023,9.8,Action,N/A,True
EFO: Escape From Outerworld,2021,7.0,Action,Casual,True
27,2023,5.5,Adventure,Indie,True
Funfair,2016,7.8,Casual,N/A,True
Rapture - The Beginning,2022,8.5,Action,Adventure,True
Vespera_Hotel,2024,9.5,Adventure,Indie,True
Will You Wheel? Playtest,2023,9.5,N/A,N/A,False
The Shadow People,2022,9.0,Adventure,Indie,True
"Cult, Chapter One",2022,4.8,Action,Adventure,True
Pug'llector,2024,4.5,Indie,Simulation,True
Simplode Suite,2020,6.2,Casual,N/A,True
HereAfter,2017,7.2,Action,Adventure,True
IKAROS,2017,7.8,Adventure,Indie,True
(Removed from steam store),2018,6.2,Action,Adventure,False
Kitchen Chaos - Learn Game Development,2023,9.5,Action,Casual,True
The Sibling Experiment,2018,7.0,Indie,Simulation,True
obi3011-prologue,2024,9.8,Casual,Indie,True
Throbax TD,2022,7.5,Action,Indie,True
Luxaren Allure,2023,9.5,Indie,RPG,True
MazeBot,2018,9.0,Action,Casual,True
They That Feast,2018,4.5,Action,Adventure,True
PaintLab,2016,7.8,N/A,N/A,True
モールス信号で愛を伝えよ,2022,8.5,Casual,Indie,True
Trail of the Wretched,2024,9.0,Adventure,Casual,True
Destination: Pluto The VR Experience,2017,5.8,Casual,Simulation,True
The Rubberhose Forest,2024,8.0,Action,Strategy,True
HIGHBLAST,2021,6.0,Action,Adventure,True
Q.U.I.R.K,2017,6.5,Action,Casual,False
Soccer But Different,2022,9.2,Action,Casual,True
Grimtale Island,2020,6.2,Adventure,N/A,True
Forbidden Escape,2023,8.5,Action,Adventure,True
Day of the Dino: Survival,2022,6.5,Action,Adventure,True
1940,2021,6.5,Adventure,Casual,True
Pregnant,2021,5.8,Adventure,Indie,True
Mason and Strings,2021,9.5,Adventure,Casual,True
Jurig Escape,2024,7.9,Action,Adventure,True
Millia -The ending,2016,8.7,Indie,N/A,True
Joy Land,2024,6.4,Adventure,Indie,True
AFTERLIFE DEFINITIVE EDITION,2022,5.9,Action,N/A,True
Battle Royale Survival,2018,5.9,Action,Adventure,True
Vistascapes VR,2016,5.4,Action,Adventure,True
LA Monsters,2020,7.2,Adventure,Casual,True
Dark Forest: Lost Story VR,2021,6.2,Action,Indie,True
Walk with the Living,2022,8.5,Indie,RPG,True
Big Survivor,2023,9.2,Action,Casual,True
Out of the Mist,2023,9.5,Adventure,Casual,True
TankVR,2017,5.4,Action,Casual,True
Missing Stars,2023,9.2,Casual,Indie,True
RATKING CHAPTER ZERO,2024,9.2,Action,Adventure,True
One Military Camp Private Beta,2023,9.7,N/A,N/A,False
Kamu's Offering,2021,8.2,Adventure,N/A,True
Bounty: Five O Playtest,2022,9.5,N/A,N/A,False
A Few Days With : Violette,2024,8.2,Casual,Indie,True
World's Worst Handyman: Prologue,2024,10.0,Action,Adventure,True
Deadly Daycare VR,2021,9.2,Casual,Indie,True
Arkanoid - Eternal Battle : Battle Royale F2P Edition,2023,5.9,Action,Massively Multiplayer,True
Reaplaced,2023,9.5,Adventure,Indie,True
HUMANS CONNECT,2022,7.9,Action,Adventure,True
Parcel Mania: Free Multiplayer Madness,2023,8.2,Adventure,Casual,True
Goofballs,2020,8.7,Casual,Indie,True
Lockdown,2020,6.4,Action,Adventure,True
原始传奇,2021,3.8,Casual,Massively Multiplayer,True
Brutal Bible Bloodbaths,2024,9.0,Casual,Indie,True
Chinese Characters,2022,8.7,Casual,Indie,True
Holiday Escape,2018,7.4,Action,Casual,True
Final Dash,2024,7.4,Action,Casual,True
Star Vortex,2021,9.5,Casual,Indie,True
Hoverloop,2018,7.2,Action,Indie,True
Untitled Space Game,2020,6.4,Action,Strategy,True
Dungeon Delver,2021,7.7,Casual,Indie,True
The Dream of Shadowlands Episode 1,2020,9.2,RPG,N/A,True
鬼谷八荒 Playtest,2020,9.5,N/A,N/A,False
Kingdom Karnage,2020,7.2,Casual,Indie,True
Quackdzilla: Pool Cleaning Simulator,2024,7.2,Casual,Indie,True
PATHOS,2017,8.5,Casual,Indie,True
GoRogue,2022,5.9,Action,N/A,True
Global Conflagration Playtest,2023,9.5,N/A,N/A,False
Anti-Jump-Man,2021,7.9,Action,Adventure,True
Pestilence,2023,8.5,Adventure,Indie,True
It Paints Me,2024,9.2,Adventure,N/A,True
Planet Bounce,2020,7.4,Action,Casual,True
Slurpy Derpy,2022,7.4,Indie,Simulation,True
新三國 漢室復興,2022,6.7,RPG,Strategy,True
PhyxBox,2020,6.2,Simulation,N/A,True
And I Must Scream,2019,3.1,Action,Adventure,True
Tobit,2019,4.4,Adventure,Casual,True
Plane Accident: Prologue,2024,7.2,Simulation,N/A,True
Language Lab,2022,8.2,Casual,Indie,True
Endersite,2018,6.7,Action,Casual,True
SeaFeud,2023,8.2,Racing,N/A,True
Oona the Druid's Path,2021,8.7,Action,Adventure,True
UldreVoid,2020,8.5,Action,Adventure,True
Fightworld,2020,5.6,Action,Indie,True
Pizza Apocalypse,2021,9.5,Action,Casual,True
FELLCHASER,2024,9.2,Action,Adventure,True
VIPERTRACE,2023,6.4,Action,Indie,True
Operation8 Project,2022,6.7,Action,Massively Multiplayer,True
Fingers: Mini Games,2020,9.2,Casual,Indie,True
Aurye Clicker,2024,6.9,Casual,N/A,True
Tennis Story,2018,7.4,Adventure,Sports,True
堕天者 Back to Origin,2022,9.5,Adventure,Casual,True
Funny Archery,2019,7.2,Action,Casual,True
呆呆大冒险,2023,9.7,Adventure,RPG,True
Guerra Sangrenta,2023,7.9,Action,N/A,True
MAGIX Video deluxe 2017 Steam Edition,2017,6.2,N/A,N/A,False
Questinarium,2020,4.9,Casual,Indie,True
Battle Aces (Beta),2024,8.7,N/A,N/A,False
Blade Mistress,2024,7.4,Adventure,Casual,True
Genesis of Drones,2016,6.2,Action,Casual,True
Aliya's Ascent,2023,5.6,Adventure,N/A,True
Grail to the Thief,2015,6.2,Adventure,Casual,True
Match it Sexy: FREE,2023,6.2,Casual,N/A,True
My Little Miniatures,2022,5.9,Strategy,N/A,True
NEON STRUCT: Carrion Carrier,2020,9.2,Action,N/A,True
Ludicrous Speed,2021,8.2,Action,Indie,True
Super Beast Hunt,2022,9.0,Action,Indie,True
Race to Kyiv,2022,9.0,Indie,Racing,True
Another_World,2020,3.9,Indie,N/A,True
Jumping Jax,2020,9.5,Adventure,Casual,True
Skylost,2022,8.9,Action,Adventure,True
Road to Top G,2023,7.6,Action,Indie,True
Daycare Descent,2023,5.0,Action,N/A,True
Magicians' Legacy: Prologue,2021,9.2,Adventure,Indie,True
Died Of Fear,2017,6.1,Adventure,Casual,False
Scrambled Eggs,2024,9.7,Action,Casual,True
It's Hard Being A Dog,2022,8.9,Adventure,Indie,True
CLeM: The First Attribute,2024,9.7,Adventure,Casual,True
Cover Yourself in Blood,2023,8.7,Action,Casual,True
Super Neat Cat,2020,8.9,Adventure,Indie,True
Dummy Falls,2023,8.4,Action,Casual,True
Agent Team Simulator,2023,7.9,Casual,Indie,True
iles,2022,7.9,Casual,Indie,True
MOBA GM,2018,6.1,Indie,Simulation,True
Break Time!,2017,6.6,Action,Casual,True
SOUL JANITOR,2022,5.8,Action,Adventure,True
When Night Comes,2023,4.7,Adventure,Indie,True
Keep Trying! Zombie Apocalypse,2021,6.8,Action,N/A,True
Curse of the Old Gods,2017,7.9,Adventure,N/A,True
7Groves,2024,7.4,Adventure,Casual,True
Letters,2024,3.4,Casual,Simulation,True
Astrality,2023,8.7,Action,N/A,True
Viking Butcher,2020,8.9,Action,Casual,True
Lost Items,2017,7.6,Indie,N/A,True
Office Run,2022,8.4,Action,Casual,True
INITIAL D Playtest,2023,8.7,N/A,N/A,False
Xploquest,2017,8.2,Adventure,RPG,True
Roguebot,2023,8.7,Action,Casual,True
SDIES,2024,8.9,Casual,Indie,True
Weird Hat Fight,2022,7.6,Action,Casual,True
Sacred Siren,2019,7.1,Casual,Indie,True
PUZZLE: ULTIMATE,2019,6.3,Adventure,Casual,True
Glorious Noon,2017,7.9,Action,Indie,True
S.F.77,2018,7.1,N/A,N/A,True
Kuroi Tsubasa,2022,9.5,Indie,N/A,True
6th Dimension,2020,5.3,Adventure,Casual,True
Polycalypse: Last bit of Hope,2022,6.1,Action,Adventure,True
Midnight at Forest,2022,8.7,Adventure,Indie,True
Ynglet: Prologue,2021,8.4,Action,Adventure,True
Corrupt,2018,9.5,Indie,RPG,True
The Pentest,2022,9.5,Indie,N/A,True
Trial of the Towers,2019,7.6,Action,Indie,True
RoboArena,2020,5.5,Action,Indie,True
Bryce's Movement Engine¹,2020,8.4,Action,N/A,True
My Bath Tub Companion,2024,7.6,Casual,Simulation,True
Space Captain McCallery - Episode 1: Crash Landing,2018,8.2,Action,Adventure,True
Resume: The Video Game,2018,7.1,Action,Casual,True
The Land of Crows,2019,8.4,Adventure,Casual,True
Alex's Hope & Alex's Solitude,2024,8.9,Casual,Indie,True
Idle Weaponshop,2024,5.8,Simulation,Strategy,True
坦克大战,2022,3.9,Action,Casual,True
Nerthus: Einar's Fate,2021,5.8,Action,Adventure,True
MALFUNCTION FPS,2022,6.8,Action,N/A,True
PuffPals: Island Skies Alpha Playtest,2023,10.0,N/A,N/A,False
The Fleets of Sol,2016,4.2,Action,Indie,False
Pentagons Go WEEE,2022,9.5,Action,Casual,True
Speakeasy,2024,9.5,Action,Casual,True
Baby Blues Nightmares - Toddler Horror Game Prologue,2024,8.7,Action,Adventure,True
Anatidae: To The Nest Level,2021,8.4,Action,Indie,True
FLIGHTMARE,2023,3.7,Action,Adventure,True
Stealthscape,2020,9.5,Action,Indie,True
Chess Ultimate,2024,8.9,Strategy,N/A,True
Zefyr: Prologue,2024,9.7,Action,Adventure,True
Hidden Series Prologue,2023,5.3,Casual,Indie,True
JustWatchMyCat,2023,10.0,Casual,Indie,True
PlanetSprite,2023,7.6,Adventure,Casual,True
沉默的蟋蟀 Playtest,2023,10.0,N/A,N/A,False
Sakura Gym Girls: Prologue,2022,7.9,Simulation,Sports,True
MGCM Combat Edition,2023,7.9,Action,N/A,True
The Last Dinner,2019,5.5,N/A,N/A,True
Cardboard Chronicles,2024,9.7,Adventure,Casual,True
Project Entropy,2024,4.7,Adventure,Massively Multiplayer,True
Mythrel,2023,6.6,Casual,Indie,True
Starman's VR Experience,2018,6.3,Indie,Simulation,True
Phantom-OS,2023,9.5,Action,Adventure,True
Noda,2020,8.7,Casual,Indie,True
Cursed House,2022,6.3,Action,Adventure,False
Squeaky Squad,2024,8.2,Action,Adventure,True
Linx Battle Arena,2018,7.4,Action,Casual,True
Agent Of Love - Josei Otome Visual Novel,2019,6.3,Adventure,Casual,True
Dreamkeeper,2023,8.4,Action,Casual,True
Nonogram Kingdom,2022,5.3,Casual,Indie,True
Puzzle Walker (Demo),2019,7.1,Casual,Indie,True
Real-Time Assist Replay Time 1 minute until closing,2023,9.2,Casual,Indie,True
Riki's Risky Ride,2022,8.1,Casual,Racing,True
Microbial Sector,2024,10.0,Adventure,Casual,True
Chester One,2017,8.6,Action,Adventure,True
Monster Battle,2023,7.3,Adventure,Casual,True
疑案追了声,2024,7.8,Indie,RPG,True
Vamps For The Memories,2022,8.1,Adventure,RPG,True
花母序,2023,9.7,Adventure,Casual,True
Cuties Dungeon,2019,8.6,Action,Adventure,True
Angela's Odyssey,2019,7.0,Adventure,Casual,True
Infinite Art Museum,2019,9.2,Simulation,N/A,True
Rama's Quest,2024,8.6,Action,N/A,True
mtion studio,2023,8.9,N/A,N/A,True
cityglitch,2018,9.7,Casual,Indie,True
NekoDice,2021,9.5,N/A,N/A,True
Chroma,2020,8.1,Action,Indie,True
Terra Atlantis,2021,7.6,Action,N/A,True
PAL,2022,5.1,Indie,Simulation,True
The Last Frontier,2023,6.8,Action,Indie,True
White Mirror,2022,9.5,Adventure,Indie,True
Hide and go boom,2018,7.8,Action,Casual,True
决战紫禁怀旧服,2022,4.9,Massively Multiplayer,RPG,True
Quantum Tripper,2022,7.8,Action,Adventure,True
Dreamstate Racing,2020,5.7,Casual,Racing,True
Graffiti Bombing Playtest,2021,7.3,N/A,N/A,False
Escape Room,2017,2.7,Adventure,Simulation,True
One in a Krillion,2024,9.5,Action,N/A,True
Gods and Nemesis: of Ghosts from Dragons,2017,6.2,Action,Adventure,True
Chicken Tricks,2023,9.2,Action,Casual,True
Glyde The Dragon - Prologue,2024,9.2,Action,Adventure,True
Destiny Online,2024,7.6,Adventure,Massively Multiplayer,True
OrcCraft,2018,6.5,Action,Adventure,True
Drag Her!,2024,6.5,Action,Indie,True
Chronicles of cyberpunk,2017,8.9,Adventure,N/A,True
Spell Casting: Meowgically Enhanced Edition,2016,8.1,Casual,Indie,True
TSA Frisky,2018,5.7,Indie,Simulation,True
ULTRARUSH,2022,5.7,Action,N/A,True
Cruise Ship Manager: Prologue - Maiden Voyage,2023,7.8,Indie,Simulation,True
u evade,2021,8.9,Casual,Indie,True
"Synthesis: Mind, Body, and Soul",2020,6.5,Action,Adventure,True
Binaural Odyssey,2020,9.5,Casual,N/A,True
Cotropitorii,2018,8.1,Action,Indie,True
Hare Apparent,2022,10.0,Casual,Indie,True
未知记录,2022,8.9,Casual,Indie,True
RantCPU's ClickBait,2024,5.4,Casual,Indie,True
Qybe,2018,9.5,Action,Casual,True
Emil: A Hero's Journey - Prologue,2024,9.2,Action,Adventure,True
77th: The Game,2024,6.8,Adventure,Indie,True
MeecheenMe,2021,9.2,Action,Indie,True
Pleim,2022,5.9,Adventure,Indie,False
Undead,2017,4.9,Action,Adventure,False
Live Maze,2022,9.5,Casual,Indie,True
Meat & Greed,2022,7.8,Adventure,Indie,True
Catch Them Sweetie,2024,9.7,Casual,Simulation,True
MASKA,2023,4.9,Casual,Massively Multiplayer,True
Medusa's Heart of Stone Chapter 01,2022,9.2,Adventure,Indie,True
NecroCity: Prologue,2023,8.6,Action,Adventure,True
Adventure War : Battlefield,2021,5.9,Action,Adventure,True
Blink: Rogues,2019,8.9,Action,Indie,True
The Blue Box,2018,7.8,Indie,N/A,True
鸭王-0.1专服版,2024,8.1,Casual,Racing,True
While Mom's Away,2024,8.6,Action,Casual,True
Sommad,2017,8.4,Adventure,Casual,True
Gary the Gull,2016,4.9,Adventure,N/A,True
True Reporter. Mystery of Mistwood,2023,5.1,Adventure,Casual,True
School of Magic Prologue,2020,9.5,RPG,Strategy,True
Diorama Worlds,2017,9.2,Casual,Indie,True
Shanghai1920,2021,7.6,Casual,RPG,True
NOVA CORE CHAOS,2024,9.7,Action,Casual,True
Nebula Within,2020,9.5,Action,Indie,True
Collection Quest,2020,6.5,Adventure,Casual,True
Romp of Dump,2024,9.5,Adventure,Indie,True
3D Controller Overlay,2022,9.2,N/A,N/A,True
Diorama No.1 : Blocked In,2016,7.0,Casual,Indie,True
Jay's Walkin',2021,9.5,Casual,Indie,True
Memary: Memory of the nameless one,2024,9.7,Adventure,Indie,True
Kessler Syndrome,2023,4.6,Casual,Indie,True
Shattered Slime,2021,9.5,Action,Casual,True
Block Arena,2020,8.4,Action,Casual,True
Beach Body Bros,2019,9.2,Casual,Indie,True
Rival Rides,2023,9.5,Action,Casual,True
Clay Soldiers,2023,5.1,Indie,Strategy,True
Spaceflight Factory : Prologue,2023,8.9,Casual,Indie,True
MailPop,2023,9.2,Casual,Indie,True
Dragonheir: Silent Gods Playtest,2022,8.1,N/A,N/A,False
Cursed Crops,2022,9.5,Action,Indie,True
Science Girls,2022,7.8,Casual,Indie,True
Cross Soul,2021,6.5,Action,RPG,True
Dawn of the Falkonir,2021,5.4,Action,Adventure,True
Escape to Sidious,2020,7.6,Casual,Indie,True
Angel's Tale : An extraordinary love story,2021,10.0,Indie,N/A,True
"Block, Love, and Ancient Greece",2023,8.6,Casual,Indie,True
Parked In The Dark,2020,5.7,Action,Adventure,True
Blown Away,2022,7.6,Adventure,Indie,True
WatanOS,2023,8.4,Simulation,N/A,True
Pixelitos - Spritle Royale,2024,6.8,Action,Strategy,True
Flinger Tactics,2020,9.5,Action,Casual,True
Full-On Paintball,2018,3.8,Action,Casual,True
Block Tower: Prologue,2023,9.5,Indie,Strategy,True
MultiVR.se,2017,6.8,N/A,N/A,True
Dimensional Rift,2017,9.7,Indie,N/A,True
Hellsweeper VR Playtest,2021,9.2,N/A,N/A,False
Divided Skies,2023,4.6,Action,Adventure,True
R & P: Prologue,2023,8.9,Indie,Simulation,True
Killing Floor - Toy Master,2014,9.2,Action,N/A,True
Missing Pieces,2022,8.1,Adventure,Casual,True
Battle Of Tarlis,2023,7.3,Adventure,RPG,True
Missy's Transformation Tournament,2020,6.5,Action,Adventure,True
Nightmare: Worlds Collide,2023,4.2,Adventure,Casual,True
EnviroGolf,2019,6.4,Indie,Sports,True
John:Condemned,2018,4.2,Indie,N/A,True
Sir Fallen,2024,9.4,Action,Adventure,True
Voidwalkers: The Gates Of Hell,2022,4.7,Action,Casual,True
Win Big Or Die,2016,8.1,Action,N/A,True
Square Game,2020,10.0,Casual,Indie,True
Riptide,2024,6.9,Action,Simulation,True
NPCs,2018,8.1,Action,Casual,False
The Most Lecherous,2023,4.2,Casual,Indie,True
Meteora's Mystic Merge,2024,9.4,Casual,Indie,True
R.A.V.E - Real-time Audio Visual Experience,2024,7.2,Casual,Indie,True
Polychromatic,2015,9.7,Action,Indie,True
GuiGui,2024,6.7,Casual,Indie,True
The Backrooms Playtest,2023,9.4,N/A,N/A,False
Coins,2024,4.7,Casual,N/A,True
War and Empires: 4X RTS Battle,2022,3.9,Simulation,Strategy,True
AIR WARS,2020,3.9,Action,Racing,True
RENNSPORT Playtest,2024,6.4,N/A,N/A,False
QUANTAAR,2023,9.7,Action,Casual,True
FORWARD,2018,8.6,Indie,Racing,True
Solomon's Link,2023,8.3,Adventure,N/A,True
PING 1.5,2015,8.6,Indie,N/A,True
The Scary Square,2021,6.1,Casual,Indie,True
Demian: The Ritual,2020,7.8,Adventure,Indie,True
Universe Generator: The Golden Sword,2021,8.9,Adventure,N/A,True
The Backrooms Regret,2024,7.5,Adventure,Indie,True
Car Manufacture Playtest,2024,8.9,N/A,N/A,False
Alaskan Road Truckers Playtest,2023,8.3,N/A,N/A,False
별을 좇는 까마귀(To The Star),2023,8.1,Indie,N/A,True
Zarie: The Story of Sin,2023,9.7,Casual,Indie,True
Brain Storm : Tower Bombarde,2017,5.0,Casual,Indie,True
揭谛/GATE,2021,9.2,Indie,N/A,True
Elliot and the Musical Journey,2020,6.7,Adventure,Indie,True
Party Bunch,2022,5.0,Casual,Indie,True
COSMONAUT,2018,8.6,Action,Adventure,True
Rebirth,2019,3.9,Action,Adventure,False
Of Moons and Mania,2022,10.0,Indie,N/A,True
Poco In,2020,8.1,Action,Indie,True
Hexarchy Playtest,2023,9.7,N/A,N/A,False
xingchenbian online,2023,4.7,Action,Adventure,True
Cake Game,2023,7.2,Casual,N/A,True
English Is Hard_,2023,9.2,Action,Casual,True
FreeRunners,2021,6.1,Action,N/A,True
Vest A Life,2024,3.9,Action,RPG,True
the fairytale of DEATH,2020,4.7,Action,Adventure,True
Degen Royale,2022,8.6,Action,N/A,True
Atlas Reactor VR Character Viewer,2016,8.9,Strategy,N/A,False
UnSummoning: the Spectral Horde,2015,7.8,Action,Casual,True
The Art Theft by Jay Doherty,2018,9.4,Adventure,N/A,True
Gods Of Fire,2024,6.1,Action,Adventure,True
MIDI RANGER,2019,8.9,N/A,N/A,True
Streetball VR,2017,5.8,Simulation,Sports,True
Lodestone - The crazy cave adventures of mad Stony Tony and his encounter with the exploding rolling stones,2019,8.6,Action,Adventure,True
Jet-Story 2018,2018,9.4,Action,Indie,True
Dura Vita Online,2021,6.4,Action,Adventure,True
Stabby Cats,2020,6.9,Action,Indie,True
Vreal,2018,6.9,Action,Adventure,False
Kiya,2016,8.9,Indie,Simulation,True
World Senate,2021,5.0,Action,Adventure,True
Wizard Prison,2018,8.6,Indie,N/A,True
Squeaky Clean,2021,6.9,Indie,Simulation,True
Rubber Ball VR,2017,8.1,Casual,Simulation,True
Paintball,2021,5.3,Action,Indie,True
Mole Game,2020,10.0,Casual,Indie,True
Farmageddon: A Cattle Royale,2021,9.7,Action,Indie,True
Daisy Dangerous,2024,9.4,Action,N/A,True
Secrets of the Lost Tomb,2021,6.1,Action,Adventure,True
City Z,2023,6.9,Action,Adventure,True
All Over,2020,8.6,Action,Adventure,True
Machinist,2021,6.1,Casual,Indie,True
Snake,2023,9.4,Action,Adventure,True
Exosphere,2019,7.5,Action,Adventure,True
Alice Through the Fey Realm,2024,9.2,Adventure,Casual,True
Farmer Toon,2022,7.8,Casual,Indie,True
Fenrisulfr Puzzle,2018,8.3,Casual,Indie,True
Dawn of Light,2021,6.1,Action,Adventure,True
The Plant,2018,8.9,Casual,Indie,True
Last Blossom: Roleplaying tabletop based scene,2021,8.9,Indie,RPG,True
REPTRAILS,2022,7.8,Indie,Simulation,True
M doll,2023,6.4,N/A,N/A,True
Celestial,2020,6.9,Adventure,Casual,True
Avoid The Monsters,2017,7.2,RPG,Strategy,True
The Book Of Hiro - Prologue,2023,5.3,Casual,Indie,True
Reflect Horizons,2020,8.1,Casual,Simulation,True
My Strong Horse,2020,8.1,N/A,N/A,True
Project: Vaccine A,2021,9.2,Adventure,Indie,True
Malyshka,2022,8.3,Adventure,Casual,True
Pixel Restorer,2024,9.2,Action,Adventure,True
Space Odyssey,2024,2.8,Action,N/A,True
The Wire,2016,7.5,Casual,N/A,True
BANANO BROS,2017,9.2,Casual,Indie,True
2DGameManias Taken,2018,3.3,Action,Adventure,True
Raiders of Valhalla - Prologue,2024,8.6,Action,Casual,True
Trans-Siberian Railway Simulator: Prologue Playtest,2023,9.7,N/A,N/A,False
Happy Funtime Labs,2021,8.6,Action,Casual,True
Hidden,2019,7.2,Indie,N/A,True
Evolution: Moon Warfare,2021,5.8,Action,N/A,True
One Night,2018,7.8,Adventure,Indie,True
Sogo Vego,2020,5.6,Action,Adventure,True
Arena Tactics,2021,6.1,Strategy,N/A,True
寂静破碎,2022,5.6,Adventure,Indie,True
Killer Worm 2,2022,9.2,Action,Casual,True
Invasion Zero,2019,5.0,Action,Indie,True
SpaceInvasion,2023,5.3,Strategy,N/A,True
Bewildered,2022,6.1,Action,Adventure,True
World War Party: Game Of Trump,2017,5.0,Action,Indie,True
Bauer,2022,9.2,Action,Adventure,True
Tactical Warfare: Siege Survival,2024,8.6,Action,RPG,True
Forever Space,2018,8.9,Adventure,Indie,True
Advent,2015,6.4,RPG,N/A,True
Destiny Island,2021,6.1,Indie,Simulation,True
Infinite Dungeon Crawler,2021,5.0,RPG,N/A,True
Spirit of Midnight: Prologue,2023,10.0,Adventure,Casual,True
Synthetic Hazard,2020,6.3,Action,Indie,True
Power Solitaire VR,2017,9.7,Casual,Indie,True
TankDestruction,2019,6.9,Action,Adventure,True
Antarctic Heritage Trust,2020,8.9,N/A,N/A,True
毛蟹穴,2021,6.3,Adventure,Indie,True
Schmaragon,2024,7.4,Strategy,N/A,True
Kili's treasure,2020,8.3,Indie,N/A,True
Old Roots,2022,5.7,Action,Adventure,True
DepthQVR_AQUA,2020,8.0,Casual,N/A,True
Hot Squat 2: New Glory,2019,9.1,Indie,Simulation,True
Presidents Tower Defense,2024,8.6,Action,Casual,True
Fateless,2019,7.4,Action,N/A,True
UFO Checkers,2021,6.3,Casual,Indie,True
Andalia,2021,8.3,Indie,Strategy,True
Oathbreakers,2022,7.1,Action,Adventure,False
Jotunn - Day of Judgement,2022,8.6,Indie,N/A,True
Letzte Worte VR,2019,8.3,Adventure,Indie,True
These Nights Alone,2020,8.0,Adventure,Casual,True
ANETHA,2023,4.9,Adventure,Indie,True
Chameleon Video Player,2018,4.9,N/A,N/A,True
Cat Jigsaw Puzzle Games,2023,8.3,Casual,Indie,True
VRoid Clothing Maker,2023,7.1,N/A,N/A,True
Samplitude Music Studio 2017 Steam Edition,2016,5.4,N/A,N/A,False
My Corp Cargo Simulator : Prologue,2024,7.1,Casual,Simulation,True
Burger Zombies,2023,9.1,Action,Casual,True
Randy Blaster 3D,2023,5.7,Action,Indie,True
EILF,2019,5.4,Casual,Indie,True
Suncore Chronicles: The Tower,2018,5.4,Action,Adventure,True
VectorWave,2017,8.9,Action,Casual,True
KOPICS,2018,6.0,N/A,N/A,True
an Orc's Tale: Kriegsruf,2021,8.0,Adventure,Indie,True
Mainframe Defenders: Meltdown - Prologue,2021,9.7,Indie,Strategy,True
General War Memories,2020,5.4,Massively Multiplayer,Strategy,True
Sword of Atlas,2022,8.6,Adventure,Indie,True
Pairs,2017,8.0,Indie,Simulation,True
汉末霸业免费版,2023,4.3,Simulation,Strategy,True
ColorCoordination,2024,10.0,Indie,N/A,True
Rocky Mayhem,2024,8.6,Action,Casual,True
Nox Dei,2017,9.4,RPG,N/A,True
Syzygy,2020,10.0,Indie,N/A,True
Piffsy,2024,6.3,Adventure,Casual,True
Preston Sterling,2016,5.4,Adventure,Casual,True
Space Runaway,2022,8.6,Action,N/A,True
ZaBaTa!,2023,8.6,Casual,Indie,True
Harvester of Dreams : Episode 1,2019,8.3,Adventure,Indie,True
Notes To Myself,2023,8.9,Action,Adventure,True
Spin City,2021,7.1,Casual,Indie,True
DarkenDerek The last Fallen,2022,8.3,Action,Adventure,True
Multi Turret Academy Playtest,2023,9.7,N/A,N/A,False
"The Witch, Wife, & the Wish",2023,9.4,Casual,Simulation,True
Treasure of Barracuda,2021,6.9,Adventure,Simulation,True
Grapplania,2023,7.4,Action,N/A,True
Pwnk: Stream Battle Royale,2022,8.6,Casual,Indie,True
Toy Robot,2019,8.3,Action,Casual,True
Loot Train,2021,9.1,Indie,Strategy,True
Dimensional Gears,2022,9.7,Action,Casual,True
Monstruous,2019,9.7,Casual,Indie,True
Danger Room VR,2018,7.7,Action,Casual,True
Six F and Six 0,2021,9.4,Action,Adventure,True
勇士冲冲冲-Classic Rodeo play,2018,6.9,Casual,Indie,True
8-Bit Attack,2020,6.0,Indie,RPG,True
被坏女人骗成冒险者!,2023,8.9,Action,Adventure,True
HEXTERMINATE,2020,7.1,Action,Indie,True
TVG (The Vox Games). Journey,2022,4.9,Action,Adventure,True
WEEB,2024,3.4,Casual,Simulation,True
CHROMA,2024,9.1,Action,N/A,True
Pulse Forge VR v0.544,2020,3.1,Casual,Indie,True
Spooky Night,2016,9.1,Action,Casual,True
Wacktory,2019,7.7,Casual,Indie,True
Obliteracy,2018,8.9,Casual,Indie,True
All-Time Battle,2020,4.0,Action,Indie,True
Aka Playtest,2022,9.4,N/A,N/A,False
Miracle Calamity Homeostasis,2019,6.9,Adventure,Casual,True
Manzaka,2024,7.7,Action,Indie,True
Re:THM - once upon a time,2023,6.3,Indie,RPG,True
Bad Credit,2022,9.7,Indie,RPG,True
Dark Odyssey,2023,4.3,Adventure,Casual,True
Microcivilization Playtest,2023,10.0,N/A,N/A,False
FINDit,2024,5.1,Casual,Indie,True
Journey,2024,8.3,Adventure,N/A,True
Too Loud: Chapter 1,2019,9.1,Action,Adventure,True
VRIQ,2017,6.9,Simulation,N/A,True
Dash Lamb,2021,9.7,Action,Adventure,True
Roald Amundsen's House,2020,9.1,N/A,N/A,True
DUMB Infernal,2020,7.1,Action,Indie,True
Skull Stompers,2024,8.0,Action,Adventure,True
Vivaldia 2,2023,8.6,Action,N/A,True
Infinite Incantation,2023,8.3,Action,Casual,True
Camp W,2018,8.9,Adventure,Casual,True
Idle Lust - Succubus in Training,2024,4.0,Casual,Indie,True
Astro Sentai Jarbonder,2020,8.0,Action,Indie,True
Cardaria,2019,5.6,Indie,Massively Multiplayer,True
Rabbi-T,2023,10.0,Action,Indie,True
Havendock Playtest,2023,9.7,N/A,N/A,False
The Architect,2015,6.5,Indie,N/A,False
Zombie Commander,2018,7.1,Strategy,N/A,True
Poodle Clicker,2024,7.1,Casual,Indie,True
Living Dead,2024,6.5,Action,Adventure,True
PogoStickMiooooooon,2022,10.0,Action,Casual,True
Last Chance in Xollywood,2023,10.0,Indie,RPG,True
Project Apidom,2024,5.6,Action,Indie,True
Kusan : City of Wolves Playtest,2024,9.7,N/A,N/A,False
Nemesis Realms,2018,6.8,Action,Indie,True
Wet Dog Corp,2020,8.5,Casual,N/A,True
Inops,2020,7.6,Adventure,Indie,True
DEEP 8,2022,9.4,RPG,N/A,True
Space Merchant,2021,4.4,RPG,Simulation,True
ParkTo,2022,8.5,Casual,Indie,True
The 'I Love Money' Show,2018,7.9,Action,Casual,True
Puppy Chef Academy,2018,7.6,Casual,Indie,True
Squared Adventure,2024,10.0,Casual,Indie,True
Mocap Fusion VR Playtest,2022,9.4,N/A,N/A,False
Save Iron Globe,2021,8.8,Action,Adventure,True
Assault on the Necrospire,2017,7.1,Action,Indie,True
Mono,2017,7.9,Indie,N/A,False
Shred Off,2024,7.9,Action,Sports,True
Ahlman Arcade 2018,2018,7.1,Action,Adventure,True
Daedaluz,2020,9.7,Adventure,Indie,True
The Gun Knight,2019,9.7,Action,Casual,True
Medieval Machines Builder - First Siege,2024,6.5,Action,Casual,True
Tiny Dino: Royale,2024,6.2,Action,Casual,True
Scrash,2018,6.8,Action,Indie,True
The King of Cats,2023,9.4,Adventure,Indie,True
Reality's Reverse Side,2021,8.5,Adventure,Casual,True
Protos Magos,2023,7.1,Action,Adventure,False
Prototype ONE DAY I AM,2020,5.6,Action,Adventure,True
God of the Arena Dungeon,2021,9.7,Action,N/A,True
Slap That,2024,8.8,Action,N/A,True
Grompula,2018,9.1,Action,Indie,True
Cloud Bashers DX,2021,8.8,Action,Casual,True
机械恋心,2024,10.0,Adventure,Casual,True
光辉耀浙里 Brilliance shines in Zhejiang,2022,6.2,Casual,Indie,True
Wicked Engine,2022,9.4,N/A,N/A,True
Comets Wake,2017,7.4,Action,Adventure,True
Flawless,2022,9.1,Adventure,Indie,True
A Traveler to unknown Thule,2023,8.8,Adventure,Indie,True
Honored,2022,7.1,Action,Adventure,True
FADE2,2023,9.4,Action,Adventure,True
Lemon Run,2021,7.6,Action,Casual,True
Acorn Cop,2024,8.5,Action,Casual,True
Final Warrior Quest,2018,7.4,Indie,RPG,True
Hyakki Yako: OH&S,2023,9.1,Indie,N/A,True
Kickoff Legends,2016,6.2,Casual,Massively Multiplayer,True
Fishing Game,2022,9.1,Casual,Indie,True
ByLo,2019,5.9,Indie,N/A,True
赏金游戏 Playtest,2022,8.5,N/A,N/A,False
Reality Simulator,2022,7.9,Casual,Indie,True
VR Slots 3D,2018,5.3,Casual,Indie,True
Machine Heart,2023,8.5,Adventure,Casual,True
Football Blitz,2017,7.1,Action,Casual,False
Quanero 2 - System Release,2020,9.1,Action,Adventure,True
BREAKER: INITIATING,2024,7.1,Action,Adventure,True
Subject A-119,2017,5.9,Adventure,Casual,True
Loving You Fully,2021,9.1,Adventure,Casual,True
Algebra Ridge,2020,9.1,Adventure,Casual,True
Spells and Fellas,2022,7.4,Action,Indie,True
Let Hawaii Happen VR,2016,6.5,Simulation,N/A,True
"I Hate You, Please Suffer - Basic",2022,10.0,RPG,N/A,True
Megacity Builder,2017,5.0,Indie,Simulation,True
MyMoney,2017,6.8,N/A,N/A,True
Saint Hazel's Horsepital,2019,8.8,Action,Indie,True
Arkio,2022,9.4,N/A,N/A,True
Gaze Into Fate,2022,6.5,Adventure,Casual,True
Hang Up,2018,7.6,Casual,Indie,True
Bug Aviators in Theme Park,2019,6.5,Indie,Simulation,True
Above: The Fallen,2017,6.2,Adventure,Indie,True
Hoverboy,2022,8.8,Casual,Indie,True
Block N Load 2 Playtest,2022,5.0,N/A,N/A,False
Anime,2024,5.0,Action,Adventure,True
Midsummer Leg's Dream,2024,8.2,Casual,Simulation,True
ProtectHeart,2024,8.2,Casual,Indie,True
Hermea,2022,9.7,Action,Racing,True
Koa: The Forgotten Gods,2022,9.4,Action,Adventure,True
Unearthed Inc: The Lost Temple,2016,7.4,Action,Adventure,False
Froggy's Farm & Friends,2022,8.5,Casual,Simulation,True
PRO DRIFT RELOADED 2020,2017,4.1,Action,Adventure,True
Where the Music Dies,2024,9.7,Indie,Simulation,True
Red Horizon,2019,3.8,Action,Casual,True
Operation Covid-19,2020,7.6,Action,N/A,True
BattleCry: World At War,2018,6.5,Action,Adventure,True
Mech Marines: Steel March,2015,5.0,Strategy,N/A,False
The Summon,2023,7.4,Action,Adventure,True
World of Rune,2023,3.8,Massively Multiplayer,RPG,True
Esports History: Prologue,2024,8.8,Indie,RPG,True
Loopomotive,2021,8.8,Casual,Indie,True
OuchWar/ 破音乱斗,2018,7.3,Action,Casual,False
Basil and the Isles of Spice,2024,9.1,Action,Casual,True
Oil Wars,2020,7.6,Simulation,Strategy,True
Real Al's Humanity Academy,2019,9.1,Action,Casual,True
Hashtag Dungeon,2016,6.1,Action,Indie,False
ELIOS VR,2021,2.4,Action,Indie,True
Kill Your Shapes,2023,9.7,Action,N/A,True
Limbo Revolution,2024,4.2,Action,Adventure,True
Overlord : Nobody know victory better than me,2021,3.0,Casual,RPG,True
SpellRogue Playtest,2023,10.0,N/A,N/A,False
奇谭文字游戏,2023,9.7,Casual,N/A,True
Azure Sky Project,2017,7.0,Action,Indie,True
Drone Showcase,2021,6.7,Action,Adventure,True
Flame of Memory,2017,6.1,Indie,Strategy,False
Word,2022,9.7,Casual,Indie,True
We're All Going To Die,2021,6.1,Action,Casual,True
The Way of Cinnamon,2019,7.0,Action,Adventure,True
Dice Player One: Trailer,2024,9.7,Casual,Indie,True
Piwall,2018,6.4,Casual,Indie,True
Dark Home,2021,4.5,Action,N/A,True
Kira,2017,6.7,Casual,Simulation,True
Maneki's Curse,2016,6.1,Indie,RPG,True
Junkpunk: Arena,2021,6.4,Action,Casual,True
Fury Strike,2018,4.8,Action,N/A,True
Wartales Playtest,2021,9.7,N/A,N/A,False
The Magical Land of Canada,2023,9.7,Indie,N/A,True
Desperate ESCAPE,2024,9.7,Adventure,Indie,True
Banana-Shaped,2024,2.1,Casual,Indie,True
Dream Ploy Will,2023,7.0,Indie,Strategy,True
I will make you scared of this Red Box,2024,8.8,Action,Indie,True
Guidelicious,2023,9.4,Adventure,Indie,True
The Paper Trials,2023,7.9,Action,Adventure,True
LastOneStanding,2023,3.3,Indie,RPG,True
Death Roads: Tournament Prologue,2023,7.9,Indie,Racing,True
The Eyes of Dr Kautzmann,2022,6.7,Adventure,Indie,True
Trigger Time,2017,7.9,Action,Indie,True
Taste of victory,2023,10.0,Indie,Strategy,True
Seaberry Holiday,2022,9.1,Casual,Indie,True
Thunderbolt Poker,2022,6.7,Casual,Massively Multiplayer,True
Avast Ye,2019,5.8,Adventure,N/A,True
Dead End Aegis: Gaiden,2022,8.8,Adventure,Casual,True
Divergence,2023,8.2,Action,Adventure,True
VirZOOM Arcade,2016,7.9,Action,Adventure,True
The Energy Lab,2019,6.7,Adventure,Indie,True
REDACTED,2024,6.1,Action,N/A,True
Eggz - Collectible Eggs Clicker,2024,2.7,Casual,N/A,True
Bullet Runner: The First Slaughter,2023,9.1,Action,Adventure,True
Rust 'n Dust,2021,6.1,Action,Adventure,True
Bounce ASMR,2024,3.6,Indie,Simulation,True
Stargazer Christmas,2016,7.6,Adventure,Casual,False
Hell Survivors: Prologue,2024,6.4,Action,Indie,True
Steel & Bone,2020,8.2,Action,Adventure,True
"Shoo, Box!",2020,9.1,Adventure,Indie,True
Alas Astra,2021,7.0,Action,Adventure,True
STARTMOVE,2022,5.8,Action,Adventure,True
Limberjack,2016,6.1,Simulation,Sports,True
TETRAGUN,2023,9.1,Action,Casual,True
Synthetic Love,2018,3.9,Adventure,Indie,True
DOOM TOMB,2022,8.8,Action,N/A,True
Seeking Dawn: Free to Play Edition,2018,6.8,Adventure,Indie,False
Anderson (Alpha),2018,7.3,Adventure,Casual,False
The Enlightened League of Bone Builders and the Osseous Enigma,2016,7.3,Adventure,Casual,True
Project Katharsis,2019,5.5,Adventure,Indie,True
Bite At The Museum,2021,7.9,Action,Adventure,True
G for Gravity,2021,8.2,Casual,Indie,True
World of Grimm,2024,9.7,Indie,Strategy,True
Norland: Story Generating Strategy Playtest,2024,9.7,N/A,N/A,False
Dreamscape Abyss,2023,9.1,Adventure,Casual,True
Major League Gladiators,2017,8.5,Action,Indie,True
Worldwide Battle Royale,2023,5.2,Action,Adventure,True
Eira: Echoes of Adventure,2020,9.1,Adventure,Casual,True
Jump Jumpz,2018,6.1,Casual,Indie,True
Silent World,2022,9.4,Casual,Indie,True
The Homestead,2019,7.6,Casual,Simulation,True
Welcome To... Chichester 1/Redux : The Spy Of America And The Long Vacation,2019,7.6,Adventure,Casual,True
Truck Mechanic: Dangerous Paths - Prologue Playtest,2022,9.1,N/A,N/A,False
Heaven Snakes Beta,2022,7.6,Action,Casual,True
The Journey Home,2016,5.2,Adventure,RPG,True
Earthshakers,2019,6.1,Action,Indie,True
WAR7,2016,3.9,Action,Indie,False
DeLight: The Journey Home,2020,7.9,Adventure,Casual,True
Little Bo Reap,2023,9.4,Action,RPG,True
Grimstar: Prequel,2022,7.0,Strategy,N/A,True
The Dark Book,2023,6.1,Action,Adventure,True
Rockfest,2018,3.6,N/A,N/A,False
Love Birds,2024,9.4,Action,Casual,True
WHERE SAFETY ENDS R,2024,9.4,Indie,RPG,True
Natural Disaster: A Butterfly's Guide to Mass Destruction,2023,10.0,Adventure,Casual,True
L/Right Reflection,2023,8.5,Action,RPG,True
Tales of Wind,2024,6.1,Massively Multiplayer,RPG,True
Chasing Tail,2020,9.4,Casual,N/A,True
Tori,2018,9.4,Adventure,Casual,True
Speedway Challenge League,2017,9.4,Racing,N/A,False
Air Raid Over Britain,2018,5.5,Casual,Indie,True
Faceted Flight,2016,7.6,Action,Adventure,True
Fireworks Desert Blast,2016,7.6,Simulation,N/A,True
ERR - 001,2016,5.5,Adventure,RPG,True
Scary Horror,2024,8.8,Adventure,Casual,True
The Love Boat,2017,8.2,Adventure,Casual,False
Kilonova,2024,9.4,Action,Adventure,True
South Pole Bebop,2024,8.8,Indie,RPG,True
B-12,2019,7.9,Action,Indie,True
Humans V Zombies,2020,4.2,Action,N/A,True
Secret Girl,2018,2.7,Action,Adventure,False
The Lizartian,2022,7.6,Action,Adventure,True
Bad birthday,2016,4.5,Adventure,Indie,False
Arboreal,2018,6.9,Adventure,Casual,True
Mist of the Undead,2020,5.0,Action,Casual,True
The Secret Life of Dorian Pink,2023,9.7,Adventure,Casual,True
Tokyo Re:Connect Prologue,2020,9.1,Casual,Indie,True
Deckweaver: Descent Into Chaos,2023,8.4,Action,Indie,True
A.V,2015,6.2,Adventure,Indie,True
Sillyfun Valley,2020,7.2,Adventure,N/A,True
Bingo VR,2020,7.2,Casual,Indie,True
ZAMB! Biomutant Extermination,2014,4.7,Action,Indie,False
Zhijiang Town,2022,8.4,RPG,N/A,True
Dawn of War II: Retribution The Last Stand,2011,9.7,Strategy,N/A,False
The New Sheriff,2024,9.1,Action,Casual,True
Coyote: An Old West Vignette,2024,9.4,Adventure,Indie,True
The Magic Storm,2020,7.5,Adventure,Casual,True
Colony 42,2020,7.2,Adventure,Indie,True
Spirit Realm,2017,6.6,Casual,Indie,True
Kingdoms Of Marazia: Classic,2018,6.9,Indie,Massively Multiplayer,True
Santa's Monster Shootout,2023,7.8,Action,Indie,True
Wandering Skies,2023,10.0,Adventure,Indie,True
Strange Encounter,2018,8.1,Adventure,Indie,True
Oh Darling! I Hate To Tell You This,2023,7.5,Action,Indie,True
Shadow Warrior (Classic),2014,7.3,Action,N/A,False
Spark of Survival,2024,8.8,Strategy,N/A,True
Garm Ruins,2024,9.7,Action,N/A,True
Plant Gallery: A Short Botanic Experience,2024,8.8,Simulation,N/A,True
Test Subject Name,2024,8.4,Action,Indie,True
Pocket Plants,2020,5.9,Casual,Indie,True
Hyphen,2015,9.1,Action,Casual,False
The Holyburn Witches,2024,5.3,Casual,Indie,True
Ping,2017,8.1,Action,Indie,True
Mobile Wars X,2018,7.8,Action,Casual,True
Early Mellow,2024,9.1,Adventure,Indie,True
Kleebuu Craves Fruit Salad,2023,9.7,Indie,N/A,True
Our Hero! First,2020,9.7,Action,Adventure,True
Raccoon The Miner,2020,5.9,Adventure,Casual,True
I Want to Fly,2020,9.4,Casual,Indie,True
怪話,2024,9.7,Adventure,Indie,True
Espresso Tycoon Playtest,2023,9.1,N/A,N/A,False
Survival Girls,2022,5.6,Adventure,Casual,True
Frogs,2024,6.6,Adventure,Casual,True
Lathe Safety Simulator,2017,7.2,Indie,Simulation,True
101010,2019,7.5,Casual,Indie,True
Caffeine,2018,8.1,N/A,N/A,True
CRAPPY ZOMBIE GAME,2016,6.6,Action,Indie,True
Car Crash Couch Party,2018,5.0,Casual,Indie,True
Deducto 2 Playtest,2023,9.4,N/A,N/A,False
self-indulgence,2024,6.9,Action,Indie,True
Wind Ryder,2023,9.7,Adventure,RPG,True
The Unfound Soul,2023,6.2,Indie,Strategy,True
Jera,2019,6.2,Action,N/A,True
Abyssal,2024,9.4,Strategy,N/A,True
Reberryon,2024,9.4,Action,N/A,True
Fantasy Defense,2018,4.7,Indie,Strategy,True
Battle Life Online,2022,3.8,Action,Adventure,True
GLADOM - 2D PVP Free & Skill Based,2020,7.8,Action,Casual,True
吞食天地二合一,2024,5.0,Action,Casual,True
Zombie school-丧尸学院,2018,7.5,Indie,N/A,True
TRANSCEND,2017,5.6,Action,Adventure,True
大海与你,2024,9.4,RPG,N/A,True
Blackout Protocol Playtest,2024,8.1,N/A,N/A,False
Cluck,2023,4.7,Action,Indie,True
Envoy of Nezphere,2018,5.0,Action,Indie,True
Drekirokr - Dusk of the Dragon,2020,8.4,Indie,RPG,True
Inferno Wizards,2020,6.9,Action,Adventure,True
The Veiled Ones,2024,8.1,Action,Adventure,True
Coins Invaders,2022,8.1,Action,Adventure,True
Rage Simulator,2024,9.4,Casual,Simulation,True
Reflection of a Fallen Feather,2017,7.8,Adventure,Indie,True
Alien Swarm: Reactive Drop - SDK,2017,9.1,N/A,N/A,False
Frauki's Adventure!,2021,7.5,Action,Adventure,True
Bubble Tea : game for thinking and imagination,2020,6.9,Adventure,Indie,True
Duskborn,2023,8.8,Action,N/A,True
Thirdmage,2018,6.2,Action,N/A,True
BomberGuys,2022,6.2,Casual,Indie,True
Snakedate,2023,8.1,Action,Casual,True
Captain CigArrr,2022,10.0,Action,Indie,True
4004-022,2019,3.8,Indie,N/A,True
Thereafter,2023,7.5,Casual,Indie,True
Bam Boom Blade 竹個擊破,2024,9.4,Action,Indie,True
Conflux: Prologue,2024,9.1,Adventure,Indie,True
Battles of the Valiant Universe CCG,2017,5.0,Casual,Indie,True
A Night With: Bartender,2024,7.8,Casual,RPG,True
Parts of the Elephant,2024,10.0,Casual,Indie,True
Beat the Blitz,2018,9.1,Action,Simulation,True
Cuboid Bouncer,2021,7.8,Action,Casual,True
Crossword World Puzzle,2022,7.5,Adventure,Casual,True
Temple of Kasthet,2023,7.5,Indie,N/A,True
Earth Rising,2023,7.2,Casual,Indie,True
Flip,2016,9.4,Casual,Indie,True
Scratch Man,2023,9.1,Action,Indie,True
One Week With The Mafia,2023,7.2,Indie,N/A,True
Hank: Straightjacket,2023,7.8,Adventure,Indie,True
沃瑞尔荒境,2023,7.8,Action,Adventure,True
MOANera,2024,6.6,Casual,Indie,True
Pudding,2024,3.8,Indie,Simulation,True
Astral Quester,2024,6.2,Adventure,RPG,True
Jewel Run,2023,8.4,Action,Casual,True
Teku,2023,9.1,Casual,Indie,True
Comrade Quack,2022,8.8,N/A,N/A,True
Mirror Shoot,2022,6.2,Action,Indie,True
Canto I,2024,8.4,Action,Adventure,True
Vessel Blue,2023,7.8,Adventure,Casual,True
A Night With: Spirit,2024,8.8,Casual,RPG,True
Hide and Seek with Noah,2024,9.0,Adventure,Casual,True
Final Knight: Prologue,2024,8.1,Action,RPG,True
Woodlock Manor,2022,9.7,Casual,Indie,True
冒险之路(Adventure Road),2017,5.2,Indie,Massively Multiplayer,True
Skeletal Skism,2022,8.4,Indie,RPG,True
ウワガキアイ,2023,10.0,Adventure,N/A,True
Lawnarchy,2022,9.4,Casual,Indie,True
Blitz Runner,2023,6.1,Action,Adventure,True
Codename: TIARAS,2021,5.8,Action,N/A,True
Baby Coyote,2020,7.7,Action,Adventure,True
Boom,2021,8.7,Indie,Strategy,True
Garden of Roses: Summerset,2023,8.7,Casual,Indie,True
3D Text Adventure,2019,4.5,Adventure,N/A,True
3AM CORP: The Balbazar Resort,2024,7.4,Action,Adventure,True
Escape Velocity,2019,7.7,Adventure,Casual,True
A MIRROR PUZZLE,2024,10.0,Casual,Indie,True
Combat Cat,2024,9.0,Action,N/A,True
Dreamslayer,2024,9.4,Action,N/A,True
할 짓 없는 군주님,2024,10.0,Casual,Indie,True
Lithium: Inmate 39,2016,6.5,Action,Adventure,False
Stardrop,2024,9.4,Action,Adventure,True
King Rabbit - Race,2022,9.7,Action,Indie,True
SnowBrawl,2022,5.8,Action,Casual,True
Monstro: Battle Tactics,2015,9.4,Casual,Indie,True
Phat Phrog Clicker,2024,4.8,Action,Adventure,True
Jake's Halloween Night,2023,9.0,Indie,RPG,True
Amihailu in Dreamland,2016,8.1,Indie,N/A,True
Banana Girls,2024,5.8,Simulation,N/A,True
MarsVR: Mars Desert Research Station VR,2022,6.1,Simulation,N/A,True
Eon of the Green: Area Delta (Prologue),2023,8.7,Adventure,RPG,True
后发制人,2023,3.9,Casual,Racing,True
MacroWin,2023,5.8,N/A,N/A,True
Battle Room Beta,2024,6.8,Action,N/A,True
Kenopsia,2021,4.2,Adventure,Indie,True
Milky Way TD SURVIVORS AUTOBATTLER RTS: Earth,2024,9.7,Casual,Indie,True
Wardens of the Amber Cage,2019,8.7,Action,Adventure,True
Astrogon,2022,9.7,Action,Indie,True
Achilles: Legends Untold Playtest,2022,8.1,N/A,N/A,False
Captain Lycop : Invasion of the Heters,2017,7.1,Action,Adventure,True
Aftermoor,2019,9.0,Action,N/A,True
Pearls of Atlantis: The Cove,2024,7.7,Casual,N/A,True
Bullets Squared,2021,8.7,Action,Casual,True
异世界的雪与奇迹,2023,10.0,Indie,RPG,True
FREERIDE: The Personality Test Playtest,2022,10.0,N/A,N/A,False
Space Expand,2019,4.2,Casual,Indie,True
死亡投票_Death Voting Game,2018,7.1,Adventure,Indie,True
Devinica,2023,7.7,Action,Adventure,True
SpaceDRG,2023,8.7,Action,Casual,True
Wizard Slime,2018,9.7,Action,Indie,True
LUX SINE,2020,8.1,N/A,N/A,True
Dusk Mark,2020,6.8,Adventure,RPG,True
Prophet: Prologue,2023,5.2,Action,Adventure,True
东方冰之勇者记 Playtest,2023,10.0,N/A,N/A,False
Only Wish,2023,7.4,Action,Adventure,True
Aquarius,2020,9.0,Action,Indie,True
Ashen Knights: One Passage,2023,8.1,Action,Adventure,True
M.A.R.S.S,2021,8.4,Action,Casual,True
Trash Time,2019,9.7,Casual,N/A,True
MANIC,2019,9.0,Action,Adventure,True
Perspectives: Aleppo-Helsinki,2017,7.4,Simulation,N/A,True
Canek: Quest for Corn Demo,2018,8.4,Action,Adventure,True
Mahjong Riichi Multiplayer,2018,8.7,Casual,Strategy,False
Cowboy Life Simulator Playtest,2024,9.4,N/A,N/A,False
Endless Bullet Heaven,2022,9.7,Action,Indie,True
All Fall Down,2015,6.5,Action,Adventure,True
Drag Deal,2022,6.5,Casual,Massively Multiplayer,True
Littlstar VR Cinema,2016,5.8,N/A,N/A,True
Geo-Duck,2021,9.0,Action,Adventure,True
Enigma of Fear Playtest,2024,10.0,N/A,N/A,False
Lucky Night VR,2017,6.5,Casual,N/A,True
"Grid Legion, Storm",2019,7.7,Indie,Strategy,True
Source of Survival Early Access,2021,4.5,Action,Adventure,True
MultiVerse,2022,6.1,Action,Indie,True
Gobligeddon,2019,9.4,Action,Casual,True
SoundLites,2017,7.1,Casual,Indie,True
Fate TriggerThe Novita Playtest,2024,6.1,N/A,N/A,False
snowboarding,2021,7.7,Action,Simulation,True
Pro Arena Alpha,2021,3.9,Action,Adventure,True
Escape From The Depth,2023,9.0,Action,Indie,True
GHOSTWINTER,2020,4.8,Action,Adventure,True
The Homecoming Exhibition,2023,7.1,Adventure,Casual,True
Earth's Greatest Defender,2023,9.7,Action,Adventure,True
Try 'n Cry - Prologue,2019,6.1,Action,Adventure,True
Dual Chroma: Academy Carols,2023,8.4,Casual,Indie,True
T.I.M.E,2024,7.1,Action,Strategy,True
Electronics Circuits Simulator,2017,6.1,Indie,Simulation,True
Ad Agency Simulator: Prologue,2024,8.1,Indie,Simulation,True
PIXELS,2023,9.4,Casual,Massively Multiplayer,True
Tenami,2020,7.7,Casual,Massively Multiplayer,True
Rapture - World Conquest,2017,7.7,Casual,Strategy,True
The Night The Carsons Disappeared,2016,6.8,Indie,N/A,True
Rabby in the Land of Sweets,2021,9.4,Action,N/A,True
Temple Trashers,2022,6.5,Action,Indie,True
7 Years War,2021,7.1,Action,Adventure,True
Ultimate Super Powers Old Maid3Days,2021,9.0,Casual,Indie,True
The Curious Study of Dr. Blackwood: A VR Tech Demo,2019,8.7,Adventure,N/A,True
神仙打架,2023,1.9,Casual,N/A,True
Plight,2018,8.4,Adventure,Indie,True
Block Busters,2020,7.4,Action,Casual,True
META REVELATIONS - RING SPIRITS,2019,8.1,Adventure,RPG,True
My Douchey Boss Has a Gentle Twin Brother?! - BL Visual Novel,2023,9.7,Indie,Simulation,True
Pirates Of Heaven,2023,3.5,Action,Adventure,True
Overboard,2019,9.7,Action,Indie,True
Angelus Brand VR Experience,2018,9.4,Indie,N/A,True
Floresia I : Intemporel,2018,6.1,Action,Adventure,True
Experience: Colorblindness,2018,9.4,Simulation,N/A,True
Marrakech,2021,5.5,Action,Adventure,True
The Stanford Ocean Acidification Experience,2016,7.7,N/A,N/A,True
Andromeda One,2020,5.2,Action,Adventure,True
Crochet Cavalcade,2022,6.1,Casual,N/A,True
Human Rights,2019,9.0,Indie,N/A,True
The Directed,2018,9.0,Casual,Indie,True
ULTRA LMAD,2023,8.1,Indie,RPG,True
biorhythm,2019,9.4,Action,Adventure,True
The Great Emu War,2018,8.4,Action,N/A,True
Install Wizard,2021,9.0,Action,Indie,True
Training Elves,2024,8.1,Casual,Indie,True
Single-handedly Challenge Ultimate World,2024,4.2,Adventure,Indie,True
Don't Get Tagged,2022,9.0,Action,Adventure,True
Octofight Escape,2021,9.0,Action,Casual,True
Golden Moon,2020,7.4,Action,Adventure,True
Biotix: Phage Genesis,2018,6.5,Action,Indie,True
Krieg,2017,7.7,Action,Indie,True
BLOKI,2023,7.1,Casual,Indie,True
Daily OVR Free,2020,7.4,N/A,N/A,True
lightblue,2021,6.3,Action,Adventure,True
Betrayer: Curse of the Spine - Prologue,2021,8.0,Action,Adventure,True
Midnight Syndrome,2024,10.0,Adventure,N/A,True
VR Jogger,2018,5.0,Casual,Simulation,True
Three KingdomsAncient battlefield 三国古战略,2018,7.7,Massively Multiplayer,Simulation,True
Burning Requiem: Fates,2022,8.0,Action,Indie,True
Iragon: Prologue,2023,8.7,Adventure,Casual,True
Exoplanet: A Project Coreward Demo,2018,8.0,Adventure,Casual,True
Hockeysplit,2020,7.0,Action,Sports,True
Crimson Hell,2024,7.0,Indie,N/A,True
PESTICIDE,2022,9.3,Action,N/A,True
Team Up VR (Beta),2018,5.3,Action,Indie,True
江梦潮音 J.M.Rhythm,2024,7.0,Casual,Indie,True
Third Power,2022,6.0,Adventure,Indie,True
Hold 10 Seconds,2020,8.7,Indie,N/A,True
Bunny Hop : Eggstreme,2022,8.7,Action,Indie,True
The Sinking of the Dream Chaser,2023,9.7,Adventure,Casual,True
crazy maze 疯狂迷宫 狂った迷路 Laberinto loco Labyrinthe fou Verrücktes Labyrinth,2018,5.7,Adventure,Casual,True
OutRoad Fury,2024,8.7,Action,Adventure,True
Hold Your Ground,2019,8.3,Action,Casual,True
Steel Ocean: Wolves of Deep Sea Playtest,2022,8.0,N/A,N/A,False
Eternal Realm,2015,3.3,RPG,N/A,True
Corrupted Universe Cries Quietly,2023,8.0,Action,Adventure,True
AstroBike,2021,7.0,Racing,N/A,True
Cubiverse,2021,10.0,Casual,Indie,True
Try Me,2022,7.0,Strategy,N/A,True
Quantum Legend - VR Experience,2019,4.0,Action,Adventure,True
Adventure Boy Jailbreak,2020,9.0,Adventure,Indie,True
Be The Richest,2023,5.0,Casual,RPG,True
Captain Backwater,2017,8.3,Casual,Indie,True
Platform Gun,2023,9.7,Action,Adventure,True
火柴人联盟2,2019,6.0,Action,Adventure,False
Recruit One,2020,9.3,Casual,Indie,True
Sniper Tactical,2016,5.0,Action,Casual,False
Объемная История,2022,4.7,Casual,Indie,True
Great Utopia,2020,6.3,Adventure,Indie,True
末日血战,2021,4.3,Adventure,Casual,True
三国.群将传,2024,8.3,Massively Multiplayer,RPG,True
15 puzzle,2020,5.7,Casual,Indie,True
UFHO2,2015,8.7,Indie,Strategy,True
The Roy Game,2021,9.0,Indie,Strategy,True
The Hole Town,2024,9.7,Indie,N/A,True
Timension,2017,8.3,Adventure,Strategy,True
Antimatter Elevator,2021,9.3,Indie,N/A,True
Porsche Hall of Legends VR,2020,6.3,Adventure,Sports,True
Mobius Playtest,2023,6.0,N/A,N/A,False
Ilhumia,2018,6.3,Strategy,N/A,False
The Light in the Darkness,2024,8.7,Adventure,Indie,True
The Leak,2023,9.0,Adventure,Casual,True
I Wanna Brother,2019,4.7,Action,Casual,True
Senna and the Forest,2019,9.7,Adventure,Indie,True
Eldritch Lands: The Witch Queen's Eternal War,2021,9.3,RPG,Strategy,True
Legends Of Iona RPG (2007 arcade mod),2017,5.3,Action,Adventure,True
Super Nate Adventure,2020,8.3,Casual,Indie,True
Block Heads: Instakill,2018,7.7,Action,N/A,True
Playing God,2020,5.7,Indie,N/A,True
AI Stories,2023,8.7,Casual,Indie,True
Panda City,2021,6.3,Simulation,Strategy,True
Savage Offroad,2017,6.3,Racing,N/A,True
Witchcraft: Candy Hunt,2023,9.0,Action,Casual,True
A Bad Day For A Hangover,2023,8.0,Action,Adventure,True
Project PULSE,2022,4.3,Action,Adventure,True
Jump Puzzle,2023,7.3,Casual,Indie,True
重装战线,2022,6.7,Adventure,Casual,True
Radical Solitaire,2020,8.7,Action,Casual,True
Harrowed World: What's Past Is Portents - Vampire Visual Novel,2024,8.7,Adventure,Indie,True
Killer Bean Playtest,2024,10.0,N/A,N/A,False
"Rainbows, toilets & unicorns!",2020,8.0,Action,N/A,True
Inception VR,2017,6.0,N/A,N/A,True
Defend Earth: Xenos Survivors - Prelude,2023,9.7,Action,Casual,True
EGG DROP,2023,9.0,Action,Casual,True
Two Colours,2022,9.3,Action,Indie,True
Table Ball,2022,8.0,Casual,Indie,True
Brother Brother,2019,10.0,Action,Adventure,True
FreedroidRPG,2023,8.3,Adventure,RPG,True
Battlemon,2023,7.3,Action,Indie,True
Last Whisper Playtest,2024,7.0,N/A,N/A,False
타부티(TAVUTI),2024,10.0,Adventure,Casual,True
Abigor,2022,9.0,Action,Adventure,True
2023: Alien Bugs Invade Earth,2023,9.0,Action,Casual,True
Money Maker,2018,9.0,Action,Adventure,True
DUMB: Treasure,2021,7.7,Adventure,Indie,True
Love love demon ji-恋恋妖姬,2019,5.7,Action,Casual,False
Dreams and Nightmares,2021,6.0,Action,Adventure,True
Blank,2019,8.0,Adventure,Indie,True
Forest of Frequencies,2023,9.3,Adventure,Indie,True
Okashi Towers,2024,9.7,Action,Indie,True
Prismatix,2018,8.3,Action,Casual,True
Shades Of Heroes,2020,7.7,Adventure,Indie,True
Boo's There?,2023,7.3,Casual,Indie,True
The 52 Fragments,2023,7.7,Indie,N/A,True
Orange - The Annoying Clicker,2024,3.7,Casual,Simulation,True
Flat Trip,2018,9.7,Indie,N/A,True
5Leaps (Space Tower Defense),2019,10.0,Indie,Strategy,True
Auto Battle Royale,2019,6.0,Action,Casual,True
Lonely Astronaut,2018,9.0,Action,Casual,True
阴桃花,2022,9.7,Casual,N/A,True
Iraq War,2021,5.3,Action,N/A,True
Diesel The Pug Warrior,2023,10.0,Action,Adventure,True
Bandit the game,2019,7.3,Action,Indie,True
Huge Enemy - Worldbreakers,2018,8.0,Action,Indie,True
Mortal Glory 2 Prologue,2024,9.0,Indie,RPG,True
Jamie's Toy Box,2023,7.7,Action,Casual,True
Red Solstice 2: Survivors Playtest,2021,8.3,N/A,N/A,False
Kukui,2017,5.7,Adventure,Casual,True
Poly Quest,2019,6.7,Action,Adventure,True
后遗症Sequela,2019,9.3,Adventure,Casual,True
Speedway Ringer,2023,8.0,Casual,Racing,True
DreamBack VR,2020,8.0,Adventure,Indie,True
Szikra,2024,9.3,Adventure,Casual,True
NAIRI: Rising Tide - Prologue,2020,9.0,Adventure,Casual,True
Dumball Rush,2024,9.0,Casual,Indie,True
Kra-Ken,2019,8.0,Action,N/A,True
SaGaS,2024,10.0,Casual,Indie,True
Knockout City - Private Server Edition,2024,8.0,Action,Adventure,True
Rapid Fire,2018,9.3,Action,N/A,True
Blade Flash Death,2021,10.0,Casual,Indie,True
Age of ilcoin VR : Retribution,2020,5.3,Action,Casual,True
MindMindMind,2024,9.7,Adventure,N/A,True
Rings of Hell,2021,9.0,Action,Adventure,True
Glitchball,2018,6.3,Casual,Indie,True
Descenso,2024,10.0,Adventure,Indie,True
PEDRO!,2024,5.5,Casual,N/A,True
Root Connections,2023,6.2,Strategy,N/A,True
Dawn of a Soul,2017,9.0,Casual,Indie,True
Screamboat Willie,2024,6.2,Action,Adventure,True
FRAGROOM: Defenders,2022,7.6,Action,Indie,True
NOBK Overlay,2024,7.9,Casual,N/A,True
Neokaiju,2021,6.6,Action,N/A,True
Faraway,2022,7.2,Adventure,Indie,True
Armless Samurai,2024,10.0,Action,N/A,True
Competitive Checkers,2023,6.2,Indie,RPG,True
Connected! 2,2023,9.7,Casual,N/A,True
Greylaw: Season 1,2019,5.9,N/A,N/A,False
云巅,2020,4.5,Action,Adventure,True
Too Angry To Die,2024,7.6,Action,Casual,True
Across The Line,2017,5.5,Indie,Simulation,True
Path of the Sramana,2020,6.6,Action,Indie,True
VERGJORN,2020,6.6,Casual,Strategy,True
Phantom Ascension,2024,3.4,Action,Adventure,True
Maneuver,2024,9.3,Action,Indie,True
一代掌门,2022,4.5,RPG,Simulation,True
BattleSteam,2022,4.8,Action,Indie,True
VALIANT KNIGHTS Typing Battle,2017,4.5,Action,Adventure,False
Skullborn Playtest,2021,9.7,N/A,N/A,False
Arcanbreak,2020,10.0,Adventure,N/A,True
Command: Chains of War,2017,9.3,Simulation,Strategy,False
Amicade,2023,9.7,Action,N/A,True
Galactic Harvester,2018,5.9,Casual,Indie,False
Cones in Space,2023,9.3,Action,Adventure,True
MVR,2022,3.4,Indie,Racing,True
Astrohazard Solutions Ltd,2017,10.0,Action,Adventure,True
Rig or Skill: PC Brawl,2018,6.6,Action,Casual,True
Lights Out,2019,6.6,Action,Adventure,True
Long Arm of the Law,2018,7.6,Action,Adventure,True
Star Rogue,2016,9.3,Action,Indie,True
Granny Kick Neighbor,2024,8.6,Action,Adventure,True
Pyramaze: The Game,2017,7.9,Action,Casual,True
Crack it Up! - Prologue,2024,8.6,Casual,Simulation,True
Wild Castle,2022,9.0,Adventure,N/A,True
Saloon VR,2019,7.2,Simulation,N/A,True
un/FRAGMENT,2024,9.7,Adventure,Indie,True
Pipe Escape,2024,9.3,Casual,Indie,True
Speech Trainer,2016,9.0,N/A,N/A,True
Lies of Astaroth,2023,5.2,Casual,Massively Multiplayer,True
二狗子历险记,2021,8.3,Adventure,Casual,True
Get off Work,2024,5.5,Action,Adventure,True
Echo of the Last Light,2023,8.6,Adventure,Indie,True
Koboo: The Tree Spirit - Prologue,2024,9.3,Action,Adventure,True
INARI,2023,9.3,Action,Adventure,True
Time Break 2121,2019,4.8,Action,Casual,True
Stagelands eternal defense,2023,6.6,Strategy,N/A,True
Kristal Mağara,2023,7.9,Adventure,Casual,True
Crucible,2021,9.7,Action,N/A,True
Eonica Chess Battle,2020,6.2,Casual,Strategy,True
Kunai Strike,2022,7.6,Action,N/A,True
Decay - a real time interactive experience,2022,7.6,Simulation,N/A,True
Let's Play Jigsaw Puzzles,2022,9.7,Casual,N/A,True
Cards We're Dealt: Prologue,2023,6.9,Action,Indie,True
4Prot,2021,5.9,RPG,Simulation,True
Zomcats Invasion,2024,8.3,Action,Casual,True
Retro Vaders: Reloaded,2020,9.3,Action,Indie,True
ESCAPE POINT,2020,5.2,Action,Adventure,True
Magic Mouse,2019,8.3,Action,Adventure,True
Crackin' Smackin,2024,9.3,Action,Casual,True
MOENTO - Modular Environment Toolkit,2021,8.3,Simulation,N/A,True
Power,2019,9.7,Action,Indie,True
Red Spider: Vengeance,2016,7.6,Adventure,N/A,True
Bernackels' Shoggoth,2017,6.2,Action,Indie,True
飞仙诀(福利版)-上线送V15万元真充无限抽奖,2023,5.9,Massively Multiplayer,RPG,True
Space Miner - Idle Adventures,2023,4.8,Casual,Indie,True
Mate,2022,7.9,Action,Indie,True
Magirune,2020,9.3,Adventure,Casual,True
Thibalryn,2019,8.3,Action,Adventure,True
The Pepper Prince: Episode 1 - Red Hot Chili Wedding,2019,9.7,Adventure,Casual,True
天若有情,2022,4.1,Adventure,Massively Multiplayer,True
Fly By Knight,2022,9.3,Action,Adventure,True
Nystagmus,2019,6.6,Adventure,Indie,True
誘拐犯 Kidnappers,2024,7.6,Adventure,Casual,True
Secret with Sophia -Lite version,2024,10.0,Adventure,Simulation,True
MAGIX Music Maker 2016 Live Steam Edition,2015,4.5,N/A,N/A,False
"Oh, honey! Anime clicker!",2024,3.1,Casual,Indie,True
Wind Rider,2024,8.3,Adventure,Casual,True
Get Over Here!,2020,8.6,Casual,Indie,True
SONAR Home Studio,2016,5.9,N/A,N/A,False
Bounceables,2021,7.9,Casual,N/A,True
Dream 46,2023,8.3,Casual,N/A,True
Floating Life Record,2023,7.9,Action,Adventure,True
Astral Shipwright,2022,5.9,Simulation,N/A,True
Childlike(차일드라이크),2021,7.2,Adventure,Casual,True
Thrilling Racing,2024,6.2,Casual,Racing,True
Star Pilot,2021,6.9,Action,Indie,True
Sprite Sequence Chapter 1,2021,9.0,Adventure,Casual,True
Diamond,2024,3.1,Casual,Indie,True
Liquid Light,2024,9.7,Casual,Indie,True
群雄策牌 Heroes StrategyKARDS,2023,7.9,Casual,Indie,True
The Hauntings Playtest,2021,7.6,N/A,N/A,False
From The Grave,2020,5.2,Action,Indie,True
Cloaks and Capes,2022,9.7,Action,Adventure,True
Fractasia,2016,5.9,N/A,N/A,True
Poetry Pigeon,2024,9.7,Indie,N/A,True
ADT Pilot 01,2023,6.9,Adventure,Indie,True
Zleepy,2022,6.9,Adventure,Casual,True
Géants disparus VR,2018,7.2,Simulation,N/A,True
Adrorium Playtest,2021,9.7,N/A,N/A,False
Dinosaur Safari VR,2018,4.5,Simulation,N/A,True
ダンジョン人狼,2024,5.5,Action,N/A,True
Operator,2020,9.0,Simulation,Strategy,True
AntiPodal,2019,8.6,Action,N/A,True
DeadTruth: The Dark Path Ahead,2017,4.8,Adventure,Indie,True
Mines of Frostheim,2021,7.9,Action,Adventure,True
Cosmi-Cave 64,2018,7.6,Action,Adventure,True
SKULL FEAST,2018,5.9,Action,Indie,True
Who Run The City: Multiplayer,2023,6.9,Action,Casual,True
Offscreen Colonies: VR Edition,2019,10.0,N/A,N/A,True
Elara: A Coding Adventure in Space,2024,10.0,Indie,N/A,True
Soul In the Chamber,2022,7.9,Action,Adventure,True
BAD DREAMS - FREE DIVE,2023,8.6,Action,Adventure,True
Sins OV Cigar,2024,8.3,Action,Adventure,True
Alcyone,2022,5.5,Action,N/A,True
Aimcademy,2024,9.3,Action,N/A,True
illumizzle: Finding the lost light,2022,9.0,Adventure,Casual,True
Chromatic,2017,9.0,Action,Indie,True
One True Path,2024,10.0,Action,Adventure,True
Become a Gladiator VR : 1v1 PVP,2022,3.4,Action,Sports,True
Orion: The Eternal Punishment,2021,6.9,Action,Adventure,True
encrypt,2020,9.6,Adventure,Indie,True
Gundy,2020,8.9,Adventure,Casual,True
Marius,2018,6.1,N/A,N/A,True
Move 'n' Bloom,2020,9.6,Indie,N/A,True
Cakewalk Loop Manager,2014,8.6,N/A,N/A,True
Cactiverse,2024,7.9,Adventure,Casual,True
Sweet Science The Girls of Silversee Castle,2024,8.9,Adventure,Casual,True
Project Xenoflora,2022,9.6,Action,N/A,True
Dodge the Wall!,2019,7.9,Casual,Indie,True
Mage Mania,2019,8.9,Action,Casual,True
Crimson Shift,2018,8.9,Adventure,Indie,True
Self-knowledge VR,2019,8.2,Casual,Indie,True
Plat4mer,2018,8.2,Action,Casual,True
Tesseract VR,2018,6.4,Casual,Strategy,True
Colour Box,2018,9.6,Indie,N/A,True
Dynamite Joe VS The Deep Sea Invasion,2023,8.2,Action,Indie,True
Reckpunk,2017,7.9,Action,Indie,True
Asteroid Fight,2020,6.8,Action,Casual,True
Saving Punyville,2021,8.2,Adventure,Indie,True
Pushika - Cat Suika Game,2024,9.3,Casual,Indie,True
Farming Engine,2021,6.8,Simulation,N/A,True
Journey to Luonto,2017,7.9,Adventure,RPG,True
Assignment 42,2021,7.9,Indie,Simulation,True
Super Turbo Sudoku,2018,7.5,Casual,N/A,True
MalovMetaArt Metaverse,2023,8.2,Simulation,N/A,True
KICK ME!,2024,7.1,Action,Massively Multiplayer,True
CROSS X CARROT,2018,5.4,Action,Casual,True
Welcome To The Dreamscape,2018,3.9,Action,Adventure,True
Amends VR,2020,8.6,Indie,N/A,True
明日初めて彼女と,2022,10.0,Casual,Indie,True
失落的猫猫 Lost Cat,2023,6.1,Adventure,Casual,True
The Mutineer,2020,9.3,Action,Casual,True
Into the cylinder,2023,2.5,Adventure,Indie,True
GIPHY Museum of GIF Art,2017,9.3,N/A,N/A,True
Dodecadone,2024,8.6,Casual,Simulation,True
Invisible Wings: Chapter One,2021,8.6,Adventure,Indie,True
Nuremberg: VRdict of Nations,2021,9.6,Casual,Simulation,True
AMBER Battle Royale,2022,5.0,Action,Indie,True
Welcome to Levy,2023,7.9,Indie,N/A,True
Pumpkin SculptrVR,2016,8.9,Indie,N/A,True
Macabre,2015,5.7,Indie,RPG,False
Space Needle VR,2017,4.6,Adventure,Casual,True
Chrono Club - Race Against Time,2024,10.0,Action,Racing,True
First Dwarf Playtest,2024,10.0,N/A,N/A,False
The Hunt - Rebuilt,2017,9.3,Indie,RPG,True
Rollers,2020,8.2,Action,Casual,True
ModBots,2022,8.2,Action,Strategy,True
Supreme Fighters,2024,8.9,Action,Indie,True
Lionfish Reef Patrol,2021,7.9,Action,Adventure,True
Deadly Forest,2021,3.6,Action,Adventure,True
Shu's Misfortune,2020,7.1,RPG,N/A,True
Re: Award,2021,7.9,Action,Indie,True
Rally Mechanic Simulator Playtest,2024,9.6,N/A,N/A,False
IMPACT,2020,9.6,Adventure,Casual,True
CREAM SODA CLUB,2023,8.9,Casual,Simulation,True
Zenith Hunter,2018,7.5,Action,Indie,True
Rue la résistance,2022,6.4,Action,Adventure,True
Dungeon Redemption,2022,7.9,Adventure,RPG,True
7D Game VR for VIVE,2016,6.4,Indie,Simulation,True
Subscribe & Punch!,2018,8.2,Action,Casual,True
Mazing,2021,4.6,Casual,Indie,True
Total War: PHARAOH - Early Access Weekend,2023,7.5,N/A,N/A,False
Crunky's Fun Rager,2024,10.0,Action,Casual,True
RGBverse,2017,6.4,Action,Casual,True
Hobo Knight,2019,7.9,Action,Adventure,False
Nearly Friendly Tribes,2024,7.5,Action,Indie,True
사괴야행,2022,8.9,Action,Adventure,True
El Hincha - El Videojuego,2019,7.9,Action,Adventure,True
Chase,2018,7.9,Action,Casual,True
Cronous,2023,5.7,Action,Adventure,True
Monster Hide,2023,6.4,Action,Indie,True
Thin Judgment,2017,5.4,Casual,Indie,True
Power Link VR,2016,9.3,Casual,Indie,True
Beer and Skittls VR,2018,8.6,Casual,Indie,True
King Of The Pirates,2024,6.8,Action,Massively Multiplayer,True
Star Rangers VR - Free Demo,2017,6.1,Simulation,N/A,True
Art Diff,2024,9.6,Casual,N/A,True
PINPIN BALLBALL,2018,6.1,Action,N/A,True
Modern Air Combat: Beyond Visual Range,2023,5.7,Action,Simulation,True
Dwarfender,2023,7.1,Indie,N/A,True
BasementVR,2016,6.4,N/A,N/A,True
Running Through The Beat,2024,6.4,Indie,Racing,True
Ziggurat 3D Chess,2017,5.4,Indie,Strategy,True
Prison Wars,2022,7.5,Casual,Massively Multiplayer,True
GymBro,2024,4.6,Casual,Simulation,True
Geometry Arena 2 Playtest,2022,8.9,N/A,N/A,False
revere,2024,6.4,Indie,N/A,True
All is Fair in Love and Vore: The Tavorion Collection,2023,6.8,Adventure,Indie,True
VGA Planets Nu,2024,8.2,Strategy,N/A,True
The Sink Gods,2022,9.6,Adventure,Indie,True
Uncharted Ocean 2,2023,6.8,Adventure,Massively Multiplayer,True
Shinrin-yoku: Forest Meditation and Relaxation,2018,6.4,Casual,Indie,True
Horizon To Crinoa: Have Faith in Radiance -Prototype,2023,7.5,Action,Adventure,True
Protect My Cheese,2022,9.3,Action,Casual,True
Idol Quest VR,2018,5.7,Action,Adventure,True
A-Rabbit,2024,9.6,Casual,Simulation,True
Knock,2024,7.5,Adventure,Casual,True
Phantom Line Playtest,2024,7.1,N/A,N/A,False
Golf Gang Playtest,2022,8.9,N/A,N/A,False
Pogo Pogo,2024,8.2,Adventure,Indie,True
Firing Vibes,2022,2.9,Action,Indie,True
100 Challenge,2023,9.6,Action,Casual,True
Beyond,2019,6.8,Action,N/A,True
Battle Forever,2016,4.6,Action,Indie,False
Siren's Call: Escape Velocity - Prologue,2024,9.3,Adventure,Casual,True
Ultimo Reino,2020,3.9,Indie,Massively Multiplayer,True
WellTown,2019,7.5,Adventure,Casual,True
Pep-Pel,2023,9.3,Action,Adventure,True
Chrono Crystal,2023,5.7,Casual,Indie,True
Blacksmith Weapon Merchant,2022,7.5,Casual,N/A,True
Overdrive Warfare,2024,5.4,Action,Casual,True
Time Raiders,2023,3.2,Adventure,Massively Multiplayer,True
Magi: Mind Game,2022,8.6,Action,Strategy,True
Enclosure 3-D,2022,8.9,Adventure,Indie,True
Rail Recon,2018,8.9,Action,Adventure,True
The Unfolding Engine: Paint a Game,2018,8.2,Action,Indie,True
XGamer - AI revolution,2022,3.2,Action,Adventure,True
The Cup,2019,6.1,Action,Casual,True
EXAPUNKS: TEC Redshift Player,2018,9.3,Indie,Simulation,True
Dune Mechanic : Survive The Steampunk Era Prologue,2024,5.7,Action,Simulation,True
Forgotten Lands: Online,2024,7.9,Action,Adventure,True
Roswell Ranch,2024,6.1,Indie,N/A,True
click to twelve,2024,6.1,Casual,Indie,True
Speedpunk,2021,5.0,Action,Indie,True
Ivorfall,2024,9.6,Action,Indie,True
Drawkanoid: Review Breaker,2019,6.7,Action,Casual,False
Duelists of Eden Playtest,2023,10.0,N/A,N/A,False
Ambition,2018,4.4,Indie,RPG,True
Card Game Simulator,2021,7.0,Casual,Indie,True
Horror Engine: Tech Demo,2023,9.3,Indie,N/A,True
SCP-087-B UE Remake,2023,7.4,Adventure,Indie,True
Anti Gravity Warriors VR,2017,5.6,Action,Adventure,True
Strayed Playtest,2023,9.3,N/A,N/A,False
Eclectic Expansion Enterprise,2023,7.4,Simulation,Strategy,True
Mec Me Loffa,2024,9.3,Action,Casual,True
Tsukai Furushita Kotoba Ya Uta Wo MV,2019,8.1,N/A,N/A,True
Universe Balancing Bureau,2018,9.3,Casual,Indie,True
Antadin DX,2020,9.3,Adventure,Indie,True
Maze And Dagger,2018,7.4,Action,Casual,True
SurvivalIsLand,2022,5.9,Action,Adventure,True
Phonetic,2022,9.3,Casual,Indie,True
protoViolence - Definitive Edition,2024,9.6,Casual,Indie,True
Police Shootout Playtest,2022,8.5,N/A,N/A,False
Capitals,2022,4.4,Casual,Indie,True
Killer Elite Time to Die,2017,1.9,Action,Indie,False
The Wandering Village Playtest,2021,10.0,N/A,N/A,False
Shattered Legacy,2023,8.5,Adventure,Indie,True
Debug Quest,2023,9.3,Adventure,Casual,True
Only Fortress,2023,7.0,Massively Multiplayer,RPG,True
MAGIX PC Check & Tuning 2018 Steam Edition,2017,5.6,N/A,N/A,False
Led It Rain VR,2019,7.8,Action,Racing,True
ハムスピ,2022,8.1,Racing,N/A,True
Deadly Tropics,2018,4.1,Action,Indie,False
Burning Skies Arcade,2024,8.5,Action,Casual,True
Freelancer Life Simulator: Prologue,2021,2.2,Adventure,Casual,True
Not Anyone's Business But My Own,2023,9.3,Adventure,Casual,True
Tachyonest: Rewrite,2023,4.4,Action,Adventure,True
Dispersio 2,2021,7.0,Action,Adventure,True
Cats-Shaped,2024,1.9,Casual,Indie,True
New Zealand Virtual Debating Chamber,2019,10.0,Simulation,N/A,True
Valor,2021,6.3,N/A,N/A,True
Their Radiance,2020,8.1,N/A,N/A,True
Circuit Slinger,2019,5.9,Action,Indie,True
PixelRPG,2018,5.9,Action,Adventure,True
Peach,2024,4.8,Action,Adventure,True
Knockout Daddy,2020,9.3,Action,Indie,True
Wind Up,2023,9.6,Action,Casual,True
ARTificial,2023,6.3,Indie,Simulation,True
Who Are You?,2021,6.3,Adventure,Indie,True
Heart of the Kingdom: Rebellion,2019,5.6,Indie,Massively Multiplayer,False
Garestia,2023,4.1,N/A,N/A,True
The Lone Chameleon,2018,8.9,Indie,N/A,True
Your Turn to Disembark,2024,10.0,Adventure,Indie,True
TeamPunk,2023,10.0,Action,Adventure,True
Delirium,2017,5.6,Indie,N/A,True
The Babysitter,2021,7.0,N/A,N/A,True
Phantom Watcher,2024,8.1,Indie,Strategy,True
CONNECTED!,2021,8.5,N/A,N/A,True
Sentinels,2024,8.9,Action,Indie,True
Era of Celestials,2023,5.6,RPG,N/A,True
Kaz's Adventure,2022,8.1,Adventure,Casual,True
Albatross,2023,5.9,Action,Indie,True
INVISIBLE,2018,4.8,Action,Indie,True
Dinosaur Fossil Hunter - Paleontology Simulator Playtest,2022,8.5,N/A,N/A,False
The OmniGallery,2021,9.3,Casual,Indie,True
TwoKinds Online Playtest,2021,9.3,N/A,N/A,False
无名录,2020,9.3,Casual,Indie,True
Toon TD,2023,6.3,Casual,Indie,True
Gimmick's Gadgets,2023,5.2,Casual,N/A,True
Frozen Flame Playtest,2022,9.6,N/A,N/A,False
Old Town Stories,2019,7.4,Action,Indie,True
No Seat?,2016,6.7,Indie,Simulation,True
Find The Key,2022,4.8,Adventure,Indie,True
War of Conquest,2018,5.6,Indie,Massively Multiplayer,True
Blocks of Nature,2022,8.9,Casual,Indie,True
Bridge of Dawn,2021,8.5,Action,Racing,True
D.V. Ex Agent (Episode 1),2023,8.1,Indie,Simulation,True
100 Hidden Cats in America,2023,3.3,Adventure,Indie,True
VR Trivia Battle,2018,6.3,Casual,N/A,True
Mariam Game,2024,7.8,Action,Casual,True
Oneironaut,2019,6.7,Casual,Indie,True
Idle Game Simulator,2024,8.5,N/A,N/A,True
OFFICESCAPE,2021,7.8,Adventure,Casual,True
Aeronaut,2019,9.6,Adventure,Casual,True
Tag Royale,2021,5.2,Action,Casual,True
Mafia Pigs,2023,9.6,Action,Adventure,True
Witan,2016,5.9,Adventure,RPG,True
Sky Shepherd,2019,7.8,Adventure,Indie,True
Paper Planes,2024,8.5,Action,N/A,True
Truth,2024,4.8,Adventure,Indie,True
God of Fortune,2024,4.4,Casual,Indie,True
Just Bones,2016,7.4,Indie,N/A,False
War For Galaxy,2023,3.7,Massively Multiplayer,Simulation,True
Overdrive,2022,5.2,Action,Casual,True
Progetto Ustica,2018,6.3,Indie,Simulation,True
KaRu,2022,8.5,Adventure,Casual,True
BattleStick 2,2020,6.3,Action,Casual,True
Sightbringer,2020,5.9,Action,N/A,True
Domenation,2024,5.2,N/A,N/A,False
Godless tower,2022,8.9,Action,Adventure,True
GiAnt,2016,3.7,Action,Adventure,False
Roost,2022,6.3,Adventure,N/A,True
The Running Man 2,2024,7.0,Action,Adventure,True
Raining blocks,2018,8.5,Casual,Indie,True
Baldur's Gate 3 Playtest,2024,9.6,N/A,N/A,False
Pool Game,2022,6.7,Casual,Simulation,True
Dog Adventure,2021,8.9,Adventure,Casual,True
Hoping this Finds You Well,2024,10.0,Casual,Indie,True
Black Myth: Heaven,2024,7.4,Action,Indie,True
Hunted,2021,7.8,Adventure,Indie,True
Who is the Defendant: Deliberately Rough,2024,10.0,RPG,Strategy,True
DHL Box Stacker Pro,2023,9.6,Action,N/A,True
The Mutational,2020,8.1,Action,Adventure,True
Hyper Pop,2023,6.7,Action,N/A,True
ALEON's Nightmare,2022,4.8,Adventure,Indie,True
Speed Mazing,2021,8.1,Action,Casual,True
Inside The Computer,2020,9.6,Indie,N/A,True
Elvera,2024,7.8,Action,Indie,True
MobileZombie,2017,6.7,Adventure,Casual,True
Magic Lantern,2017,9.3,Adventure,Simulation,False
Wandering Willows,2009,9.6,Adventure,RPG,False
Draw Near,2018,7.0,Action,Adventure,True
Grotoro,2018,7.4,Action,Casual,True
Velvet 89,2024,9.6,Casual,Indie,True
Z: Escape,2018,5.4,Action,Casual,True
Agnostic Requiem,2023,8.8,Adventure,Casual,True
Jeklynn Heights,2016,7.7,Action,Adventure,True
Ortheo's Interdimensional Jam Session,2023,9.2,Action,Indie,True
The Sych story: Human Being,2022,6.9,Indie,N/A,True
Tales of Komori: Prologue,2021,10.0,RPG,N/A,True
GhostHunter,2021,7.3,Action,Casual,True
Fingernail Floss,2023,9.6,Action,Adventure,True
Mind Over Magic Playtest,2023,9.6,N/A,N/A,False
Bombrigade: Battlegrounds,2020,5.0,Action,Casual,True
Cheetahs Are Meant To Be Fast,2024,8.5,Adventure,Casual,True
RocketGO,2018,8.5,Adventure,Casual,True
OctoQuest,2021,9.2,Action,Adventure,True
Night Escape,2023,6.9,Action,Adventure,True
Factory Town Idle Playtest,2022,10.0,N/A,N/A,False
Gauge Of Rage,2018,9.2,Action,Indie,True
Alphadeck,2021,5.0,Casual,Indie,True
Risnuch,2023,6.5,Action,Adventure,True
Pixel Palette Creator,2022,8.8,N/A,N/A,True
Return Alive Closed Beta,2023,6.9,N/A,N/A,False
Ezy,2017,8.1,Action,Adventure,False
The Princess's Dragon,2023,8.1,Action,Adventure,True
Son of Aral,2020,9.2,Indie,Strategy,True
ChatBBT,2024,6.9,Adventure,Casual,True
Monster Ops,2024,9.2,Action,Indie,True
Star Legacy VR,2023,8.5,Action,Indie,True
Guardians of Greyrock,2021,5.0,Adventure,Casual,True
Bookend,2019,8.8,Indie,N/A,True
Simkea,2021,7.7,Adventure,Casual,True
Sky Is Arrows,2018,8.1,Adventure,Casual,True
The Wolf's Den,2021,8.1,Adventure,Indie,True
Hellway,2022,9.2,Adventure,Casual,True
Cragls,2020,8.5,Racing,Sports,True
A.V.I,2020,4.2,Indie,N/A,True
Dead Blue Rose,2024,4.6,Action,Adventure,True
Reilla Sweets Adventure,2022,8.8,Action,Adventure,True
ORE,2018,6.2,Action,Adventure,True
PUNCHERMAN!: First Day,2023,9.2,Adventure,Indie,True
Carried Away: Winter Sports,2018,8.1,Casual,Indie,False
DEFENDit,2024,7.7,Casual,Indie,True
Salto,2021,7.7,Action,Casual,True
The Legend of Tango,2015,4.6,Adventure,Indie,True
Lennod Jump Game,2023,8.1,Action,Indie,True
HexoJago,2022,7.7,Action,Adventure,True
ArchaeologyX,2018,4.6,Adventure,Indie,True
Aria,2022,5.8,Action,Adventure,True
AIRBORNE,2022,9.2,Adventure,Casual,True
Life Eternal,2023,9.6,Adventure,N/A,True
疾风猎人-上线送V10超变独家版本,2023,6.2,Adventure,Massively Multiplayer,True
Mutation Mayhem,2018,7.3,Action,Casual,True
LoveTalks,2022,7.7,Adventure,Indie,True
SpaceWalker,2018,7.7,Casual,N/A,True
Derpy Dino,2023,8.1,Action,Adventure,True
Carnivores: Dinosaur Hunt Playtest,2022,8.8,N/A,N/A,False
Project Sphinx,2023,8.1,Action,Adventure,True
Into the Wild,2024,6.9,Adventure,Indie,True
United 1944 Playtest,2023,7.3,N/A,N/A,False
Vacation: dayOFF,2020,7.7,Simulation,N/A,True
Virtual Rogue,2016,6.5,Action,Indie,False
FLS,2020,8.8,Action,Indie,True
Riftstorm Playtest,2024,9.2,N/A,N/A,False
"Robots, Death & Venice",2020,7.3,Action,Adventure,True
焰色方糖 flamed sugar,2022,10.0,Casual,Indie,True
唱舞全明星,2024,5.0,Action,Casual,True
Peril by MDE,2022,8.1,Action,Adventure,True
Runaway VR,2017,7.7,Action,Adventure,False
Cavera - The Island of Apes,2023,5.4,Casual,N/A,True
Fly of butterfly,2018,7.3,Adventure,Casual,True
Aquatico Playtest,2022,9.6,N/A,N/A,False
Station Architect,2017,8.8,N/A,N/A,True
The Tyrning Combat Challenge,2022,7.3,Action,Indie,True
Edmersiv,2016,8.8,N/A,N/A,True
Termite,2018,6.9,Action,Simulation,True
Photo & Graphic Designer 12 Steam Edition,2017,6.5,N/A,N/A,False
K Station,2016,8.8,Adventure,Casual,True
白娘子,2022,6.5,Action,Adventure,True
REAL CAR Offroad Racing Drift,2024,6.5,Indie,Racing,True
Bloodshots,2023,7.7,Action,N/A,True
Lapya,2019,4.2,Action,Adventure,True
Frog World,2024,9.6,Adventure,Casual,True
The Lands of Eldyn,2021,4.2,Action,Adventure,True
诸神陨落,2022,6.2,Massively Multiplayer,RPG,True
Achromira,2022,6.2,Adventure,Casual,True
Episode 666,2023,5.0,Indie,N/A,True
Neeron: The Blade of Nature,2021,5.8,Action,Adventure,True
OpenGloves,2021,10.0,N/A,N/A,True
Ahri and Bear,2021,6.5,Adventure,Casual,True
Roast Party,2020,8.1,Casual,Indie,True
Eggsplorer,2023,5.8,Action,Adventure,True
Sphere Frustration,2017,8.1,Casual,Indie,True
Warfare : Battleground,2024,5.4,Action,Indie,True
BlueSuburbia,2023,8.1,Indie,N/A,True
Phantom of Zana,2023,8.1,Action,Adventure,True
Six Feet Under,2016,7.3,Action,Indie,True
Unbreaded,2024,6.5,Action,Adventure,True
Cursed Order,2024,8.5,Indie,RPG,True
Click the Chick,2024,3.5,Casual,Indie,True
J-Town: A Visual Novel,2023,9.2,Casual,Indie,True
Desert Strait: Operation Online,2017,3.8,Action,Massively Multiplayer,True
EMERGENCY Playtest,2023,8.1,N/A,N/A,False
QuantumVR,2023,9.6,Indie,N/A,True
They came from another planet,2023,8.5,Action,Indie,True
Legena: Union Tides,2015,7.3,Indie,RPG,True
Spider Slingers,2022,9.6,Action,Adventure,True
Romans from Mars (Free-to-Play),2019,9.2,Action,N/A,True
Aspiring Light,2021,9.6,Casual,Indie,True
Majula Frontier: The Offense,2019,5.4,Action,RPG,False
The Cyber Masquerade,2024,7.7,Casual,Indie,True
The Flying Feathers,2023,7.3,Indie,RPG,True
Setr's Auto Battler,2021,6.9,Casual,Indie,True
Rage Night,2022,5.4,Action,RPG,True
Test Drive Unlimited Solar Crown Playtest,2024,7.7,N/A,N/A,False
Rebel Wings,2016,8.1,Action,Casual,True
Do I Know You?,2023,9.6,Indie,N/A,True
Gythol Granditti: The Crypt of Darkness,2019,8.1,Indie,RPG,True
丸转三国,2023,7.3,Casual,Strategy,True
Timewalk Tower Defense,2021,8.8,Action,Strategy,True
BubbleGum-Push,2019,7.7,Casual,Indie,True
DARKLIGHT,2024,8.1,Adventure,Indie,True
Detective AI,2021,5.0,Indie,Strategy,True
三国志奇侠传,2021,3.1,Adventure,RPG,True
batch (Video Uploader),2019,7.3,N/A,N/A,True
Dungeon Divers Prologue,2024,8.8,Casual,Indie,True
Bombastic Cars,2017,3.5,Action,Casual,False
No Work No Life,2024,6.9,Adventure,Indie,True
Cat Boy Creator,2023,6.9,Casual,N/A,True
Fantasy Office,2023,6.2,Adventure,Casual,True
Cyberforge: First Light,2020,8.1,Action,Adventure,True
Mafia Clicker: City Builder,2023,5.4,Action,Casual,True
Galaxy Splitter,2022,5.8,Action,N/A,True
Pushing Through,2018,8.1,Adventure,Indie,True
Return to Sector 9,2020,7.7,Action,Indie,True
Indeep The casual dungeon crawler,2017,6.9,Indie,RPG,True
The Adventures of Eggbert,2020,8.5,Indie,N/A,True
NO STRANGERS,2024,9.2,Adventure,Casual,True
Monsters!,2016,8.8,Action,Indie,True
Virtual Becomes Reality: A Stanford VR Experience,2021,8.4,N/A,N/A,True
Unscramble Heroes,2022,10.0,Casual,N/A,True
Ultra App Kit,2021,7.2,N/A,N/A,True
Greengrocer's,2024,6.4,Action,Adventure,True
Crooked Waters,2018,8.4,Action,Indie,True
心の闇の先に Trial VersionⅡ,2018,6.4,Adventure,N/A,True
Clash of Stars,2023,5.6,Massively Multiplayer,RPG,True
Tale of the Singing Peaks,2024,9.6,Adventure,Indie,True
Test Tube Titans: Taster Trial,2020,7.2,Action,N/A,True
LAZERZ,2024,10.0,Action,Casual,True
Gore. Prologue,2021,5.6,Action,Adventure,True
Not Heaven,2018,6.4,Casual,Indie,True
Cards of Heart,2024,9.2,RPG,Strategy,True
The Painting,2024,10.0,Adventure,Indie,True
The Spreader,2024,9.2,Action,N/A,True
Forest Dump: Prologue,2024,9.2,Adventure,Indie,True
Cybershoes,2020,8.8,Action,Sports,True
Coin Eruption,2024,5.2,Adventure,Casual,True
Ancient World War,2020,6.4,Action,Casual,True
Garda,2021,6.8,Action,Adventure,True
Bulkhead,2021,5.6,Action,Strategy,True
Merge Donut,2024,4.4,Indie,N/A,True
Tube Tussle,2021,7.2,Casual,N/A,True
Retro War,2020,8.8,Action,Indie,True
Green Fairy VR,2021,8.8,Adventure,Casual,True
Laboratory,2022,10.0,Action,Casual,True
Brawl,2019,7.2,Action,N/A,True
Parabellum Beta,2022,5.2,Action,Indie,True
Àrengard - Invasion,2022,7.6,Action,Casual,True
Cards of the Dead - Prologue,2021,8.0,Action,Adventure,True
Neko Jump,2020,6.0,Casual,Indie,True
Ice Caves of Europa,2018,5.6,Action,Adventure,True
Mortal Rite Playtest,2022,8.0,N/A,N/A,False
Love and Guillotines,2022,8.0,Casual,Simulation,True
The Conqueror of Battles,2022,8.0,Action,Adventure,True
Apocalypse Slave x Warlord,2024,6.8,Casual,Simulation,True
Mini Golf Aeons,2023,9.2,Indie,Simulation,True
Unrailed 2: Back on Track Playtest,2024,9.2,N/A,N/A,False
Luckie Ball,2023,10.0,Casual,Indie,True
Lil Johnny Goes Home,2023,7.6,Adventure,Casual,True
Kyklos Code,2017,9.2,Action,Indie,True
CrownFall,2017,5.6,Action,Indie,True
bHapticsPlayer,2021,8.4,N/A,N/A,True
Go Go Electric Samurai,2017,7.6,Action,Indie,True
Red Ruins: Asymmetric VR vs. PC,2024,6.4,Action,Indie,True
Snake-a-roni,2020,6.4,Action,Adventure,True
Chess Opening Repertoire Builder,2024,8.4,Sports,N/A,True
AESCULAP OrthoPilotElite VR Palpation,2017,8.0,Casual,Simulation,True
Digital Janitors,2021,9.6,Indie,N/A,True
What's on Agenda,2024,8.4,Casual,Simulation,True
VIDEO GAME,2018,7.6,Action,Indie,True
Eternal Space Battles,2018,8.8,Action,Indie,True
Anomaly Hunter - Prologue,2020,7.2,Adventure,Casual,True
Simple Light Cycles,2017,7.6,Action,Casual,True
Ghost Castle,2022,9.2,Action,Indie,True
Zombie Hobby VR,2017,8.0,Action,Adventure,True
Tale of the Fragmented Star: Single Fragment Version / 星の欠片の物語ひとかけら版,2018,6.8,Adventure,N/A,True
Bridge Trek,2018,8.0,Indie,Simulation,True
Halo: CE Mod Tools - MCC,2021,9.6,N/A,N/A,False
Monster Tower Quest,2023,7.2,Casual,Indie,True
Zombie Camp,2016,7.2,Action,Indie,False
Rescue The Prisoner,2023,7.6,Action,Adventure,True
AI-VJ,2024,8.4,Indie,N/A,True
Beached,2017,4.0,Indie,RPG,True
Dark Matter,2018,3.6,Action,Indie,True
THE KING OF FIGHTERS XV Playtest,2023,10.0,N/A,N/A,False
Rise of the Slime: Prologue,2021,8.0,Indie,N/A,True
Totally Shmup,2024,10.0,Action,Casual,True
Yavi,2021,8.4,Casual,Indie,True
Make Your Kingdom Playtest,2021,10.0,N/A,N/A,False
Starship Simulator Playtest,2022,9.6,N/A,N/A,False
Homeward Duck,2019,9.6,Casual,Indie,True
Nectar of the Gods,2021,8.4,Indie,Strategy,True
Nanome,2018,8.8,N/A,N/A,True
Faith,2022,7.2,Action,Casual,True
An Oath to the Stars,2017,7.2,Action,Indie,True
Delirium VR,2019,7.6,Adventure,Indie,True
Chaordic,2018,8.4,Action,Adventure,True
Dark Maidens,2022,8.4,Action,Adventure,True
Snapshot,2021,6.8,Casual,Indie,True
Raybound,2021,10.0,Action,Adventure,True
Strid,2018,4.4,Action,Indie,True
Kaz Ball,2019,8.4,Action,Simulation,True
Hot-air VR Balloon trip over Russian Primorye,2020,6.4,Adventure,Casual,True
Maguntsche Chapter One,2021,7.6,Action,Adventure,True
Kandra The Moonwalker,2022,3.6,Adventure,Indie,True
Cosmopoly,2022,8.0,Casual,Indie,True
Signs of the Sojourner: Prologue,2020,8.8,Indie,RPG,True
rotatePDF: A Corporate Tale,2022,8.8,Adventure,Casual,True
Crazy Critters - Combat Cats,2020,8.8,Action,Casual,True
Fantasy Gladiators,2020,6.8,Action,Casual,True
BVRGER VAN,2018,10.0,Casual,Indie,True
EF EVE - Volumetric Video Platform (VR & Desktop),2018,7.6,N/A,N/A,True
HOSPICE Vol. 1,2022,6.8,Adventure,Indie,True
Deceptus,2023,7.2,Action,Adventure,True
Bang Bang Barrage Playtest,2024,9.6,N/A,N/A,False
Pixel Madness,2023,6.8,Action,Adventure,True
DEFCON VR,2017,8.4,Indie,Strategy,True
The Call,2018,5.2,Action,Adventure,True
Metagalactic Blitz,2017,8.4,Action,Indie,True
Barn Finders VR: The Pilot,2022,6.8,Action,Indie,True
Mayhem Survivors: Animals,2024,8.8,Action,Casual,True
Raging Ball,2021,8.4,Indie,N/A,True
The Bingo Room,2023,7.2,Casual,Massively Multiplayer,True
Filled to the Limit,2023,8.8,Action,Casual,True
JunkerBot,2017,8.4,Action,Indie,True
MAVR3D 八般武艺,2020,6.0,Action,Casual,True
Lethal Application リーサルアプリケーション,2023,9.6,Action,Indie,True
Farm Fatale,2021,7.2,Action,Indie,True
Floaty Fighters,2019,9.2,Indie,N/A,True
Alchemy Frogs,2024,9.6,Adventure,Indie,True
Monkey Party,2023,9.2,Action,Casual,True
Deep Below,2016,5.6,Adventure,Indie,True
Arcane,2016,8.0,Action,N/A,False
H.I.V.E,2022,6.8,Indie,Strategy,True
Eviron's Chronicles,2021,7.2,Massively Multiplayer,RPG,True
Frontline Heroes VR,2018,4.8,Action,Adventure,True
Flow State - Max Chill Edition,2023,8.8,Casual,Indie,True
Against Great Darkness Prologue,2024,8.8,Action,Adventure,True
canVERSE,2022,6.8,Simulation,Strategy,True
GiseiHero,2020,10.0,Adventure,Indie,True
MR 333 II: Planetbirth,2024,7.6,Action,Adventure,True
戦国の木こり,2021,7.2,Casual,Indie,True
WUFO,2022,9.2,Action,Casual,True
Coffee VendoR,2019,8.8,Casual,Simulation,True
Lolita Creator,2021,5.6,Casual,N/A,True
IVRI,2024,8.0,Indie,N/A,True
1990,2022,7.6,RPG,N/A,True
Wanderlust: Bangkok Prelude,2020,10.0,Adventure,Casual,True
Abstract,2019,6.0,Action,Adventure,True
Pale Moon Crisis,2017,4.8,Action,Adventure,False
Last-Hit Defense,2023,4.8,Action,Casual,True
Embers: Return to Dragonland,2023,6.8,Action,Indie,True
Cute Monsters Battle Arena,2017,6.0,Casual,Indie,True
DR3AMy,2024,8.4,Casual,Indie,True
ENEMIES,2021,8.8,Action,Adventure,True
The Cube Factory,2021,8.0,Action,Indie,True
Hidden Chibis in Combinis,2024,5.6,Casual,N/A,True
Pixel Happy Game Girls,2022,8.8,Casual,N/A,True
Electronic Universe,2021,9.6,Action,N/A,True
Frayed,2024,6.0,Adventure,N/A,True
Seeds of Paradise,2024,8.4,Casual,Simulation,True
Otome Romance Jigsaws - Midnight Cinderella & Destined to Love,2017,9.6,Adventure,Casual,False
XNemesis,2016,8.0,Action,Indie,True
Don't Wake God,2023,8.4,Indie,N/A,True
Breathe Peace World,2019,9.2,Casual,Indie,True
Cyphers Game VR,2022,5.2,RPG,N/A,True
Synchronizacja - Visual Novel,2022,9.6,Adventure,Casual,True
Boofle's Home,2017,7.6,Casual,Simulation,True
SuperDungeon MegaCorp,2023,8.8,Indie,Strategy,True
MonsterAmongUs,2022,8.8,Adventure,Indie,True
Dreaming After You,2024,9.2,Casual,Indie,True
PST VR (Primary Surgical Treatment),2020,5.6,Simulation,N/A,True
DeltaBlade 2700,2019,8.4,Action,N/A,True
LUMINES Advance Pack,2008,8.8,Casual,N/A,False
Lights Orb,2021,8.4,Action,Indie,True
Path of Kung Fu Playtest,2023,9.6,N/A,N/A,False
Touhou Meijinka Song of Divine Tempest,2023,6.8,Action,Indie,True
Project Nasu,2023,10.0,Action,N/A,True
天羽传奇Online,2023,7.6,Adventure,Massively Multiplayer,True
Space Game: Star We There Yet?,2023,6.4,Casual,Indie,True
Drift 4000,2018,7.2,Action,Casual,True
Yuligans: Christmas is Coming!,2020,9.2,Adventure,Casual,True
CatBallGravityMaze,2023,8.3,Casual,N/A,True
Fear of Neighbours,2023,8.3,Indie,Simulation,True
Useless Box,2018,5.0,Casual,Indie,False
Cat Girl Creator,2023,6.2,Casual,N/A,True
Galacticverse,2023,7.9,Action,Indie,True
Wild Angels Episode 1,2024,10.0,Adventure,Casual,True
Tobor Party,2022,9.6,Casual,Indie,True
Startup Quest Bakery,2024,9.6,Indie,Simulation,True
Gran Premio,2022,7.1,Action,Adventure,True
Ornament Express,2023,9.2,Adventure,N/A,True
AevumCore,2022,6.2,Action,Adventure,True
Dancing Angel,2020,7.1,Casual,Indie,True
Glitch Escape,2020,5.4,Adventure,Indie,True
Go Ace It,2022,6.2,Indie,N/A,True
Dominator Idle,2023,4.2,Indie,RPG,True
Retail Wars,2023,10.0,Action,Casual,True
Cave Crawler 2,2024,10.0,Action,Adventure,True
Dead Transmission,2021,3.3,Action,Adventure,True
盖世豪侠,2021,6.2,Massively Multiplayer,RPG,True
Fart Game,2024,10.0,Casual,Indie,True
Unfolded : Camellia Tales - Prologue,2021,8.8,Adventure,N/A,True
ParryRobot,2023,10.0,Action,Indie,True
捕鱼娱乐城-真人千炮3D捕鱼,2023,2.1,Casual,Indie,True
Book of Beasts The Collectible Card Game CCG,2020,4.6,Action,Casual,True
Monster Knockout,2023,5.0,Action,Adventure,True
Burndown,2019,5.0,Action,Adventure,True
Shoot! VR,2023,4.2,Action,Simulation,True
Dark Storm: VR Missions,2015,4.6,Action,Adventure,False
Chocolate Factory Simulator Playtest,2024,7.9,N/A,N/A,False
S.A.I.A.'s Awakening: A Robothorium Visual Novel,2019,6.2,Indie,RPG,False
Urban Nightmare,2024,9.2,Action,Adventure,True
Five Likes Please,2024,10.0,Action,N/A,True
Tiny Hero Idle,2024,3.8,Indie,RPG,True
Android Simulator Playtest,2022,9.2,N/A,N/A,False
Mebula,2022,3.8,Adventure,Casual,True
Dream Enders RPG,2019,8.8,Adventure,Casual,True
Fireflies,2018,5.8,Action,Adventure,True
Lesson Learned: Cult of the Elizabeth,2024,8.3,Adventure,Casual,True
Planting Trees,2023,2.1,Casual,Simulation,True
EmbodyMe Beta,2017,7.1,Casual,Massively Multiplayer,True
VR Triber,2017,3.8,Action,Adventure,True
Wishy Washy,2020,8.8,Indie,N/A,True
Disarmed,2020,7.5,Casual,Indie,True
全城警戒-世界大战一触即发跪求指挥官,2023,5.4,Adventure,Indie,True
B-B0 The Delivery Bot,2023,9.2,Casual,Indie,True
6 Feet Behind,2021,9.6,Action,Indie,True
Delila's Gift,2017,8.8,Indie,N/A,True
여우불,2020,6.7,Adventure,Indie,True
Orc Hunter VR,2017,4.2,Action,Adventure,True
World Mahjong 2.0,2022,6.7,Simulation,Strategy,True
Calcflow,2016,9.2,N/A,N/A,True
Slime Knight,2023,8.3,Action,Adventure,True
Fabergegg,2024,4.2,Adventure,Casual,True
Scrolls of Sengoku Dynasty,2022,8.8,Adventure,RPG,True
Galaxy Combat Wargames,2016,5.8,Action,Indie,True
Cardiac Unrest,2021,6.2,Indie,N/A,True
Chili The Chipmunk Pinball Adventure,2019,5.4,Action,Casual,True
We Are Terror: The First Days,2018,6.7,N/A,N/A,True
Henchman For Hire,2020,7.9,Action,Casual,True
Ahlman Mansion 2020,2020,7.9,Action,Adventure,True
Block Pooper 9,2018,6.7,Action,Indie,True
True Dice Roller,2023,10.0,Simulation,N/A,True
一梦封神,2023,8.8,Adventure,Indie,True
Goldilock One: BOSS ARENA,2024,9.2,Action,Indie,True
Ukrainien Agent,2022,6.7,Action,N/A,True
World Annihilation Operations Parts I-IV,2023,7.1,Adventure,Casual,True
最强祖师,2024,5.8,Simulation,N/A,True
Industries of Titan Playtest,2021,9.2,N/A,N/A,False
"Ethyrial, Echoes of Yore Playtest",2023,8.8,N/A,N/A,False
Freestyle Ice Skater,2023,8.8,Sports,N/A,True
Langton's Ant,2020,8.8,Casual,Indie,True
El Ministerio del Tiempo VR: El tiempo en tus manos,2017,7.9,Adventure,N/A,True
Memory Quickie,2024,9.2,Casual,N/A,True
The Love Boat - Second Chances,2019,3.3,Casual,N/A,False
CoinForge,2024,4.2,Adventure,Casual,True
Sway,2022,8.3,Action,Adventure,True
Obscura,2021,8.8,Casual,Indie,True
Balloon Blast,2021,9.2,Action,Casual,True
Cop Academy,2019,8.8,Indie,N/A,True
My Sudoku,2024,8.8,Casual,Strategy,True
Space Ninja Simulator,2021,5.8,Action,Simulation,True
Shinobi Bad Buddies,2018,9.2,Action,Indie,True
Grand Battle,2019,6.7,Action,RPG,True
凯旋岛,2019,5.4,Action,Adventure,True
The Children of The Woods - Lost Tape,2024,5.0,Action,Adventure,True
rumii,2018,7.1,Simulation,N/A,True
Julia: A Science Journey,2023,9.2,Adventure,Casual,True
UnderWater Adventure,2016,1.2,Action,Adventure,False
CargoRun,2022,4.6,Casual,Indie,True
CIPHER-8,2023,10.0,Casual,Indie,True
无上道,2020,4.2,Action,Indie,True
My Little Cloud - Rain and Thunder Sounds,2020,8.8,N/A,N/A,True
All Hallows Evie,2022,9.6,Indie,N/A,True
Super Mayor,2024,9.6,Adventure,Indie,True
Renters Revenge,2017,8.3,Action,N/A,True
float: champions,2023,8.8,Action,Casual,True
Tengin Music Engine,2022,8.8,Action,Casual,True
Mine? Sweeper,2024,7.9,Action,Adventure,True
Chainless,2017,9.6,Action,Adventure,True
Other Submarine,2019,5.8,Indie,N/A,True
Scarlet and Blank,2021,9.6,Casual,N/A,True
Typical Cliche,2020,7.1,Casual,N/A,True
Wise Escape From Prison (현명한 감옥 탈출기),2020,9.2,Indie,N/A,True
Dances with Butterflies VR,2019,7.9,Casual,Simulation,True
先端恐怖症,2023,8.3,Adventure,Indie,True
InductVR (beta),2019,8.8,N/A,N/A,True
Evil Sinister,2024,3.8,Action,Adventure,True
Mission Biotech,2020,8.8,Adventure,Simulation,True
Skip's Sanity,2018,8.8,Action,Casual,True
Welcome To... Chichester OVN 1 : The Beach,2019,6.2,Adventure,Casual,True
Intel 5G VR Experience,2017,4.6,N/A,N/A,True
Posthaste Emporium,2023,6.7,Casual,N/A,True
Time to Morp Playtest,2023,9.2,N/A,N/A,False
SC2KRender,2021,10.0,Indie,N/A,True
Cosmoteer: Starship Architect & Commander Playtest,2022,10.0,N/A,N/A,False
桌球大比拼,2023,2.9,Casual,Indie,True
Space Beastz,2022,7.1,Casual,Indie,True
Adorimon : Arena of Ancients,2024,6.7,Adventure,Strategy,True
A Long Stroll,2019,7.5,Adventure,N/A,True
Coin Pickers,2020,7.1,Action,Adventure,True
Radikal Fighters,2024,7.5,Action,N/A,True
nightmAR Protocol,2020,8.3,Adventure,Indie,True
Cyborg Rage,2016,7.1,Action,Indie,True
Grape Juice City,2023,8.8,Action,Casual,True
Spellcraft Playtest,2023,8.3,N/A,N/A,False
Haunted Hell House,2021,7.5,Adventure,N/A,True
SirKwitz,2024,9.6,Indie,Simulation,True
In The Shadows,2024,6.2,Adventure,Casual,True
JUMPER : SPEEDRUN,2017,4.2,Indie,Racing,True
AstroViking,2018,9.2,Action,Indie,True
Me and myself,2020,7.9,Adventure,Indie,True
Jissou Land,2023,6.7,Casual,Simulation,True
Monster Showdown: Prologue,2022,8.3,Action,Indie,True
Treasure At The Top,2017,6.2,Action,Adventure,True
Dungeon Swappers,2022,6.7,Indie,Racing,True
Rezzil Index / Lite,2021,9.6,Casual,Simulation,True
Illegal Race Tuning,2020,6.7,Indie,Racing,True
トトのおもちゃばこ,2020,9.2,Action,Adventure,True
VR Golf Online,2017,4.6,Action,Casual,False
Chaos Souls,2017,5.0,Action,Adventure,False
SOLAR CAGE,2021,4.2,Action,Indie,True
不思議の大冒険 チルノ見参!,2022,9.2,Adventure,Indie,True
Bowling at the Lake,2016,5.8,Casual,Indie,True
Cecelia,2023,6.2,Adventure,N/A,True
Journey To Planet Earth,2020,5.8,Action,Adventure,True
Ashes Of Idunn: Tales Of Fimbulwinter,2024,5.0,Action,Adventure,True
Puppet Blaster,2018,9.6,Action,N/A,True
Tangram Collection,2024,9.6,Casual,Indie,True
Squirt's Adventure,2014,8.3,Adventure,Casual,True
BallBastic!,2024,7.1,Casual,N/A,True
Grim Seventh,2017,6.2,Action,Indie,True
Digital Audio Wasteland,2024,8.8,Adventure,Casual,True
Battle for borders,2023,5.8,Action,Indie,True
Buried Shards,2023,8.8,Adventure,Indie,True
不死/IMMORTAL,2019,4.2,N/A,N/A,True
Face Your Demons,2019,7.9,Indie,N/A,True
Kittens' Maze,2021,4.6,Indie,N/A,True
雷雨漫漫Endless Thunder,2023,6.5,Adventure,Strategy,True
Neon Force Pushers,2018,7.0,Action,Indie,True
职场浮生记 Playtest,2020,9.6,N/A,N/A,False
Hidden Protector : ROADTRIP (Preface),2020,9.1,Adventure,Casual,True
Dinos,2024,3.0,Casual,Indie,True
VTuber Gallery : Anime Pose,2022,8.7,N/A,N/A,True
Ultimate pirates,2024,5.7,Indie,Massively Multiplayer,True
MAGIX Video deluxe 2018 Steam Edition,2017,5.7,N/A,N/A,False
シニサギ,2019,8.7,Adventure,Casual,True
Tugboat Terror,2023,9.6,Adventure,N/A,True
Blast Course,2024,9.6,Action,Adventure,True
Sharing Lights,2022,9.6,Indie,Strategy,True
New Roots,2023,9.6,Adventure,Casual,True
Maxix Robotics,2023,9.6,Indie,Strategy,True
灵师,2024,9.6,Adventure,Casual,True
Immortal Hero,2020,7.8,Action,Adventure,True
An Odd Tale,2021,6.5,Action,Adventure,True
Chromalition,2020,7.8,Action,Adventure,True
神遊敦煌-莫高窟第61窟,2018,8.7,N/A,N/A,True
Pastel Putter,2022,7.8,Casual,Indie,True
In Memory,2018,8.7,Indie,N/A,True
ヘブンズブレイザーオンライン,2023,5.7,Indie,RPG,True
"Ah, Love!",2018,8.3,Casual,Indie,True
War in Pocket,2019,3.5,Massively Multiplayer,RPG,False
Coin Flipping Simulator for Probability and Statistics,2021,9.6,Simulation,N/A,True
Supermarket VR and mini-games,2018,3.0,Simulation,N/A,True
Auto Kingdom Crunch,2022,5.7,Strategy,N/A,True
COG Back To The 80s,2022,6.1,Action,Adventure,True
Ulna Online,2021,6.5,Action,Adventure,True
Last Dawn,2023,6.1,Adventure,Casual,True
Jigsaw Pieces - Romance,2021,9.1,Casual,Indie,True
Signal,2023,3.0,Action,Adventure,True
Incremental Epic Hero 2 Playtest,2022,8.3,N/A,N/A,False
DeathTolls Experience,2018,9.6,Casual,Indie,True
Underground Waifus TCG,2023,4.3,Casual,Strategy,True
Touhou Multi Scroll Shooting,2019,5.7,Action,Indie,True
10 Minute Barbarian,2016,7.8,Casual,Indie,False
Crypto Skoof Tycoon,2024,5.7,Casual,Indie,True
Career of the President,2021,7.0,Casual,Indie,True
INFEES,2021,7.4,Action,Indie,True
IfSunSets Playtest,2024,9.1,N/A,N/A,False
Discrepant,2019,6.1,Action,Adventure,True
Smoots Summer Games - First Training,2021,6.5,Indie,Racing,True
Poly,2023,9.1,Action,Casual,True
Joy Flight,2022,7.0,Action,Adventure,True
World Zero,2022,9.1,Adventure,Casual,True
三国我是主公,2023,7.4,Massively Multiplayer,RPG,True
The Sumerian Game,2024,8.7,Simulation,Strategy,True
OFFSIDE,2019,9.6,Action,Indie,True
Slime Corp,2022,7.0,Action,Indie,True
LIV: VIVR,2017,7.0,N/A,N/A,True
Clark HOOVA VR,2018,7.8,Casual,N/A,True
Psych,2020,7.0,Action,Indie,True
Sweeper Zero,2018,7.8,Action,Adventure,True
Boba Boyz,2023,7.4,Casual,Indie,True
The Apple,2024,2.6,Simulation,N/A,True
ImmaterialAI 5,2022,7.8,N/A,N/A,True
Hero's everyday life,2021,7.0,Action,Adventure,True
Spark,2017,8.7,Action,Casual,True
Гордость Улыпа. VR-легенды Чувашии,2023,8.3,Adventure,Indie,True
Eidolon,2019,6.4,Indie,N/A,True
风流霸业,2022,4.3,Action,Adventure,True
Carpe Noctem - Yuri Visual Novel,2024,10.0,Casual,N/A,True
Cheese Collector,2024,2.2,Casual,N/A,True
Nuclear Arms Race,2020,6.1,Indie,Strategy,True
Pepa's Adventure,2024,9.1,Casual,Indie,True
Slime Simulator Games,2019,7.4,Casual,Indie,True
Bingo Pinball Gameroom,2023,6.1,Simulation,N/A,True
Michi,2023,7.0,Adventure,Casual,True
Kletba Vlčího Moru,2023,9.1,Adventure,Casual,True
Total Seclusion,2019,4.3,Action,Indie,True
莫西比亚岛,2021,9.1,Adventure,Indie,True
TalkTics,2024,9.1,Adventure,Casual,True
Over The Top: WWI Playtest,2024,9.1,N/A,N/A,False
9SHOT,2024,6.1,Action,Indie,True
Go Go Zombies,2024,9.6,Indie,N/A,True
MAGIX Video Pro X8 Steam Edition,2017,7.4,N/A,N/A,False
Unbeliever,2020,7.4,Indie,N/A,True
Project Unknown Designation,2024,8.7,Adventure,Indie,True
GIPHY World VR,2018,7.8,Casual,Indie,False
BeefeaterXO,2017,7.4,Adventure,N/A,True
Hide & Crab,2022,7.8,Action,Adventure,True
Blacken Slash: Prologue,2022,9.1,Action,Indie,True
o7,2023,9.1,Action,Indie,True
Learning Life - Mysteeri 24/7,2021,9.6,Adventure,N/A,True
Genting Party,2023,7.8,Adventure,Casual,True
珍珠梦,2023,9.1,Indie,RPG,True
Tenno,2024,7.8,RPG,N/A,True
Lofi Ball,2022,7.8,Casual,Indie,True
City of Ages: Picture Supportive Text MUD (server and client included),2017,8.3,Adventure,Indie,True
DUELEUM,2017,6.5,Action,N/A,True
flyingshapes,2019,6.5,N/A,N/A,True
Soul Harvest,2022,8.7,Action,Indie,True
Flatspace,2020,8.3,Action,Adventure,True
I Am Your President Playtest,2021,7.8,N/A,N/A,False
捕鱼大玩咖,2024,7.4,Adventure,Casual,True
Hotel on the Grate,2021,9.1,Adventure,Casual,True
战神七魄,2020,4.8,Action,Adventure,True
VR Archeology: Secrets of Kulikovo Field,2022,5.7,Adventure,N/A,True
Pavel Repin's Collection,2021,8.3,Action,Adventure,True
The Forest of Conx,2023,9.1,Action,Adventure,True
Abyss Seeker,2024,8.7,RPG,N/A,True
Sweeping the Ruins,2021,7.4,Action,Adventure,True
After School,2023,8.3,Action,N/A,True
Adventure's Calling,2023,7.8,Adventure,Casual,True
Splash Carnival,2024,8.3,Action,Casual,True
Our Personal Space,2021,8.7,Adventure,Casual,True
Escape from DuFo,2021,7.0,Action,Adventure,True
Hope's End,2023,8.3,Action,Casual,True
Zero Days VR,2017,8.7,Casual,Indie,True
The Bears And The Bees,2018,9.1,Adventure,Indie,True
Treehouse Basketball,2017,5.7,Action,Simulation,False
Colorful Life,2017,5.2,Casual,Indie,True
BioDive,2024,9.1,Adventure,Indie,True
夢獸之島Isles of Monsters,2021,8.3,Action,Adventure,True
Hex Gambit,2018,7.4,Indie,Strategy,False
Ski Doom VR,2020,7.4,Indie,Sports,True
Ultimate Fight Manager 2016,2016,3.5,Sports,Strategy,False
Nature is hungry,2023,7.4,Action,N/A,True
Napped,2022,6.5,Action,Adventure,True
TrainFormation,2022,9.6,Action,Casual,True
BloodPit: Skelton II,2022,7.4,Action,Adventure,True
Mezzanine,2022,9.1,Adventure,Indie,True
Dr.Pumpkin Chapter 2: The SCP hunt,2022,7.4,Action,Adventure,True
Inner Abyss,2022,5.7,Action,Adventure,True
Asterball,2024,8.7,Action,Sports,True
游龙传说,2023,3.9,Action,Adventure,True
Dino Scourge,2017,7.8,Action,Adventure,True
Chicken Duty,2021,7.4,Action,Casual,True
Nova Lands Playtest,2022,10.0,N/A,N/A,False
Qantas VR,2016,5.7,N/A,N/A,True
Firefly Studio,2022,8.3,N/A,N/A,True
B. Braun Future Operating Room,2016,7.0,Casual,Simulation,True
Dystopy,2017,6.5,Action,Indie,True
倚天屠魔记,2024,9.1,Action,Adventure,True
MeMoMi,2022,10.0,Adventure,Indie,True
Lirica,2021,7.0,Action,N/A,True
Medved Hellraiser 3: Green Elephant,2024,4.3,Action,Indie,True
Archipelago,2024,9.1,Action,Indie,True
VRWorkout,2020,8.7,Sports,N/A,True
Midnight Renegade,2020,9.1,Indie,RPG,True
Pizza Synthwave,2022,8.3,Action,Adventure,True
Battle of the Four Towers,2022,8.7,Strategy,N/A,True
Myth Bearer,2020,9.6,Adventure,Indie,True
Blockdown,2021,9.6,Casual,Indie,True
Beta Runner,2017,8.3,Adventure,Casual,True
Circuit Warz,2017,5.2,Action,Indie,True
World Leaders,2023,4.3,Massively Multiplayer,Simulation,True
Space Mercenary Shooter : Episode 1,2019,6.5,Action,N/A,True
Project R.A.T,2018,7.8,Casual,Indie,True
Zigglox,2023,10.0,Action,Casual,True
Xenon-Runner,2023,8.3,Racing,N/A,True
老家生活 Playtest,2023,9.1,N/A,N/A,False
UNCORPOREAL - Holographic Photography Demo,2016,8.7,N/A,N/A,True
Stream Buddy,2016,6.1,N/A,N/A,True
Sorelle,2024,7.8,Action,Adventure,True
Loot Box,2024,4.3,Adventure,Indie,True
Mini Slide - Animal Race,2020,7.0,Racing,N/A,True
Niwa - Japanese Garden Simulator,2024,6.5,Simulation,N/A,True
Doomba,2024,7.4,Casual,Indie,True
Ruby Heart Visual Novel / Otome,2020,9.6,Adventure,Indie,True
Regain Earth: First Strike Playtest,2020,9.1,N/A,N/A,False
リアルタイムバトル将棋オンライン,2021,6.5,Action,Simulation,True
VHS Collection: Goodnight Me,2024,9.6,Casual,Indie,True
The Laziest Person In The World Competition,2024,7.4,Casual,Indie,True
RAWMEN Playtest,2021,9.1,N/A,N/A,False
B-RAIN,2022,10.0,Action,Casual,True
Before The Sun Rises,2024,7.7,Adventure,Casual,True
VR-X Player Steam Edition,2018,5.5,N/A,N/A,True
Drive Thru Miami Prologue,2024,9.1,Simulation,N/A,True
Cartoony Cars 2,2018,9.5,Indie,N/A,True
Simplex Mundi,2018,8.2,Action,Adventure,True
Nero Score - PC benchmark & performance test,2022,5.0,N/A,N/A,True
Starfighter General,2020,9.1,Action,Adventure,True
ネクロサーガ,2022,9.1,Action,Adventure,True
Tiny Love,2019,7.3,Adventure,Casual,True
乱入英雄,2022,4.5,Action,Adventure,True
Superstar Hero,2019,5.9,Action,Adventure,True
BCI VR Horror Attraction: The Mad Trail,2022,7.7,Action,N/A,True
Kwark,2023,8.2,Action,Adventure,True
Forwards,2023,8.2,Casual,Indie,True
神曲,2023,5.0,Adventure,Casual,True
Rogue Continuum,2016,8.6,Action,Indie,False
The Hidden and Unknown,2023,6.8,Adventure,Casual,False
Ease Out,2022,7.7,Casual,Indie,True
Bulk Dominoes VR: Kinetic Rush,2020,8.2,Simulation,N/A,True
Unfinished,2024,8.2,Action,Adventure,True
The Final Prize is Soup,2024,9.5,Adventure,Indie,True
Rise of Koreth,2024,8.2,Action,Adventure,True
The Lovebirds,2019,7.7,Casual,Indie,True
Butterfly Moment,2017,5.5,Casual,N/A,False
The Mask Game,2024,9.5,Adventure,N/A,True
Hell is Others Playtest,2022,10.0,N/A,N/A,False
Peter's Journey,2024,6.4,Adventure,Casual,True
Couplinked,2021,9.5,Action,Casual,True
Сollision Hero,2021,5.5,Action,Adventure,True
Goblin Rules Football,2022,7.3,Action,Casual,True
CyberLink PowerDirector 16 Ultra,2017,9.5,N/A,N/A,False
get REKTorized,2022,8.2,Action,Indie,True
G9:League of Aces,2024,6.4,Action,Sports,True
Brutal Strike Playtest,2022,8.6,N/A,N/A,False
Zeitghast,2023,8.6,Action,Adventure,True
Max Massacre,2023,8.2,Indie,Simulation,True
Suspicious Shuffle: Free For All,2023,9.1,Action,Adventure,True
Tiny Tank,2021,8.2,Action,Adventure,True
Furballer,2024,9.5,Action,Casual,True
Beetle Hunter,2019,9.5,Indie,N/A,True
The Professor Presents: GotHandles,2017,8.2,Simulation,Sports,True
Aker Fern: Rdzeń Szatrisa/ The Shatris Core Demo,2023,9.5,Adventure,Indie,True
Purple War Playtest,2022,6.8,N/A,N/A,False
Quest Master's Realm,2024,5.5,Action,Adventure,True
N.a.N Industry VR,2019,9.5,Indie,Simulation,True
Appetite for Detestation,2021,9.1,Action,N/A,True
Chickenoidz Super Pre-Party,2022,9.5,Action,Casual,True
Last Of Ark: Prologue,2022,8.2,Indie,Strategy,True
王者战车,2018,4.1,Action,Adventure,True
Grimrush,2017,8.6,Action,Indie,True
Evostrike,2024,10.0,Strategy,N/A,True
Split Personality Doctor: Prologue,2024,9.1,Action,Casual,True
Aonar,2023,8.6,Indie,Simulation,True
Deathmatch Soccer,2018,8.6,Indie,Sports,True
Shanubis,2022,8.2,Action,Adventure,True
Sengoku:Battle Royal,2024,7.7,Massively Multiplayer,Simulation,True
Memory's Abyss (Chapter Zero),2022,9.1,Adventure,Indie,True
Shape Of The Toilet Rim,2022,9.5,Action,Casual,True
"Keep it Cool, Man",2022,9.5,Action,Adventure,True
MAZE,2024,5.5,Action,Adventure,True
树莓战记,2022,9.1,Strategy,N/A,True
Refill your Roguelike,2019,5.9,Action,Adventure,True
Pumpkin Death Garden,2018,9.5,Action,Indie,True
Ransomware Dating Sim,2019,8.6,Casual,Indie,True
es,2019,5.5,Action,Adventure,False
The Secret Life of Dorian Pink Prologue,2022,10.0,Adventure,Indie,True
Legendary Road Online,2024,5.9,Action,Adventure,True
HHHalloween,2024,9.5,Casual,RPG,True
Era Dream : BanderitaX,2022,7.7,Action,Adventure,True
Strangest.io's My Megamix '21,2022,8.6,Indie,N/A,True
Redline Ultimate Racing,2018,3.2,Racing,Simulation,False
ASTRA,2021,6.4,N/A,N/A,True
COMPLEX a VR Puzzle Game,2018,7.7,Casual,Indie,True
ERISLE,2017,5.5,Action,RPG,True
101,2024,7.3,Casual,Indie,True
Danger Ducklings,2023,10.0,Casual,Indie,True
Forest Ranger Simulator - Apprenticeship,2024,5.0,Adventure,Casual,True
Folgore,2024,8.2,Action,Adventure,True
Parliament - Parlement,2020,9.5,Indie,Simulation,True
ITRP _ Gas Prison,2021,8.2,Action,Indie,True
TRF - The Race Factory,2020,9.1,Action,Indie,True
One more game,2021,7.3,Casual,Indie,True
Digital Expo Center,2021,8.6,N/A,N/A,True
ForeVR Cornhole VR,2023,9.5,Casual,Sports,True
Defiled Survivors: Prologue,2023,6.8,Action,Casual,True
Cryptrunner,2019,6.8,Action,Adventure,False
Cars Arena,2018,6.4,Action,Indie,True
ROTA,2022,9.1,Casual,Indie,True
Purgation,2017,6.8,Indie,N/A,True
RETROLD,2021,8.6,Action,Casual,True
Shiki,2019,9.5,Adventure,Indie,True
Distorted Illusions,2018,7.7,Casual,Indie,True
Special Force Legion of Monsters,2024,3.6,Action,Massively Multiplayer,True
Roles & Dice,2024,8.6,Casual,Indie,True
Mages of Osmea,2024,8.2,Action,RPG,True
Invasion From Space,2022,10.0,Action,Casual,True
Jinni : Haunted House,2024,7.3,Action,Adventure,True
CAGE-FACE Case 1: The Mine,2021,8.6,Action,Adventure,True
Fly Destroyer,2017,4.5,Casual,Simulation,True
宇宙大战,2024,8.2,Casual,RPG,True
August of August,2020,9.1,Adventure,Casual,True
Slay All Goblins,2019,7.3,Action,Adventure,True
Mesh Maker VR,2017,9.1,N/A,N/A,True
Smash Cup,2024,6.4,Action,Sports,True
LOR - League of Runners,2018,3.6,Action,Casual,False
Notified,2018,6.4,Action,Casual,True
Nero GameVR,2019,6.4,N/A,N/A,True
Rune Seeker,2024,7.7,Indie,Strategy,True
Gods Against Machines Prologue,2024,8.6,Action,Strategy,True
Shoot on Sight,2024,7.3,Action,Indie,True
Small Kingdoms Prologue,2023,6.4,Simulation,Strategy,True
After Solitary,2019,10.0,N/A,N/A,True
Tale of BaGua,2024,9.1,Casual,Indie,True
Time,2018,6.8,Indie,N/A,True
Seat of War,2018,5.5,Action,N/A,True
Aggregator Elevator System,2023,8.6,Casual,Indie,True
NetGunner,2020,7.7,Action,N/A,True
修真之路,2021,4.5,Casual,Simulation,True
Wizard's watch,2023,7.7,Action,Adventure,True
Collapsed,2022,8.2,Casual,Indie,True
Gods Of Isekai,2022,7.3,Massively Multiplayer,N/A,True
Dice,2024,3.2,Casual,Indie,True
FreeDraw,2021,9.1,Casual,N/A,True
Desktop Pets,2024,5.0,Casual,N/A,True
The Surfeit: Episode 1,2021,5.9,Indie,N/A,True
Eleonor's Nightmares,2023,5.0,Adventure,Indie,True
Attack Of UNDO Zai,2021,8.2,Action,Casual,True
Silent Earth,2021,8.6,Adventure,N/A,True
Goblin Dungeoneer,2021,5.9,Action,Adventure,True
Go For A Walk,2020,8.2,Casual,Indie,True
Semiconductor,2022,8.6,Action,Indie,True
The Rush,2024,9.5,Action,Indie,True
Wizened Dream,2024,9.5,Casual,Strategy,True
Tombstone Tally,2024,10.0,Casual,Indie,True
Keyboard Soldier,2024,10.0,Indie,N/A,True
JUMPWORK,2023,3.6,N/A,N/A,True
Geometry Dabs - Save the World,2024,5.5,Action,Adventure,True
Rapture Session & Pro,2015,7.7,N/A,N/A,False
Geometry Shooter,2024,10.0,Action,Casual,True
Milkyway Funland,2020,5.5,Action,Adventure,True
Porcuball,2018,7.3,Adventure,Casual,True
Slice of Life,2024,8.6,Action,Casual,True
Voxel Crusade,2020,7.7,Casual,Indie,True
Space Piercer,2022,10.0,Action,Indie,True
Cross Country Skiing VR,2018,7.3,Racing,Sports,True
Sakura Battle,2023,6.8,Action,N/A,True
Meteor Shower,2018,9.1,Action,Adventure,True
We Surround You,2020,9.5,Action,Casual,True
Rise and Fall,2020,7.7,Action,Indie,True
Epic Tower for Tireless Lovers,2021,8.6,Action,Casual,True
Space Travel Jigsaw Puzzles,2020,9.5,Casual,Indie,True
Oakrot - it's literally a book,2021,10.0,Casual,Indie,True
Leave The Red,2021,9.5,Casual,Indie,True
Deep Rune,2021,10.0,Adventure,Indie,True
finland corruption simulator,2023,10.0,Simulation,N/A,True
Dark Desire Mute 1,2023,6.8,Simulation,N/A,True
BattleParty,2020,6.8,Action,Adventure,True
Roskis: A Boozy Beginning,2021,9.5,Adventure,RPG,True
TripSync,2021,8.2,Casual,Simulation,True
Morkredd Prøve (Demo),2021,8.6,Adventure,Indie,True
Base Defense VR,2021,5.0,Strategy,N/A,True
SPAM Playtest,2024,8.2,N/A,N/A,False
Fork Knights,2019,8.2,Action,Indie,True
Cat Meoir: Feline Detective,2024,5.9,Adventure,Strategy,True
Bub Block,2021,9.1,Action,Casual,True
Venice Deluxe,2007,8.6,Casual,N/A,False
Dave Dave Dave,2022,8.6,Action,Adventure,True
The Colony,2018,2.9,Simulation,Strategy,True
Wyvern Studios Solitaire: 30th Aniversary Edition,2024,9.5,Casual,Strategy,True
Elo Hell,2019,6.2,Action,Adventure,True
Midnight at the Red Light : An Investigation,2017,4.8,Adventure,Casual,False
Word Crystal,2023,7.6,Casual,N/A,True
Imposters: Countdown,2023,7.6,Casual,N/A,True
Azimech,2021,6.2,Action,Adventure,True
Master Pyrox Wizard Smackdown,2018,6.7,Action,Casual,True
Nighthaw-X3000,2017,9.0,Action,Indie,False
READY AIM FIRE,2020,5.2,Action,Casual,True
Interstellar Shore VR: I LIVE,2023,7.6,Adventure,Casual,True
Darkside,2023,5.7,Casual,Indie,True
Ball Drop,2023,8.1,Action,Casual,True
Winnie-the-Pooh's book writing speedrunner,2023,6.2,Casual,N/A,True
Irradiant,2023,9.0,Action,N/A,True
imos VR LOFT,2017,3.8,N/A,N/A,True
RPG Maker - PiXel ScaLer,2023,6.7,N/A,N/A,True
Rudra: A Tale of Time,2023,7.6,Action,Adventure,True
Jellitito,2024,6.7,Adventure,Casual,True
Gulping snake,2024,9.5,Indie,N/A,True
Hand2Hand,2023,8.1,Action,N/A,True
Not A Banana: Capybara,2024,3.8,Indie,Simulation,True
Up All Night: Daybreak,2023,10.0,Casual,Indie,True
Hyacinthus,2019,8.6,Indie,N/A,True
Hacker News Reader,2018,8.1,N/A,N/A,True
Nonogram Nights,2023,7.6,Casual,Indie,True
傲剑情缘,2020,4.8,Casual,Massively Multiplayer,True
Rift World,2022,8.1,Action,Adventure,True
Scrunk,2018,7.6,Action,Indie,True
Double Damnation,2022,7.6,Action,Indie,True
Twitchoos RUN: Socks & Stream,2020,8.1,Action,Adventure,True
Bavity,2021,9.0,Indie,N/A,True
Adrift Arena,2020,9.5,Action,Indie,True
The Wanderer,2021,9.0,Adventure,Casual,True
Portal Defense,2022,8.6,Strategy,N/A,True
Soul Challenge,2021,6.2,Action,Adventure,True
Beardy the Digger,2019,8.1,Adventure,Indie,True
No Recollection,2024,7.1,Adventure,Casual,True
LandPort,2022,3.8,Casual,Indie,True
Gallic Wars: Battle Simulator Prologue,2020,7.1,Simulation,Strategy,True
Yeah Jam Fury,2022,10.0,Action,Indie,True
Buddi Bot: Your Machine Learning AI Helper With Advanced Neural Networking!,2020,8.1,Casual,N/A,True
Jaws Of Extinction Playtest,2021,6.7,N/A,N/A,False
Ami's Room,2022,9.5,Adventure,Casual,True
Cubic Neon Nightclub,2022,6.7,Casual,Indie,True
Aurora,2020,8.1,Adventure,Indie,True
ANNOYING ball game,2020,6.2,Casual,N/A,True
Bullet Art,2020,6.2,Casual,Indie,True
Passed Out Playtest,2023,7.1,N/A,N/A,False
Eat Colors,2022,9.5,Action,Adventure,True
She Fell Off,2023,4.3,Indie,N/A,True
Beetle Ninja,2024,9.5,Action,Adventure,True
INU,2020,9.0,Casual,N/A,True
Exquisite Ghorpse Story,2021,9.0,Adventure,Casual,True
Harmoni,2024,8.6,Action,N/A,True
ForeVR Suck It! VR,2023,8.6,Action,Casual,True
息风谷战略 Playtest,2024,9.0,N/A,N/A,False
Hello World,2021,9.5,Adventure,Indie,True
Consolation: Board Meeting - Anthology Edition,2021,8.1,Casual,Indie,True
Fancy Rinshi Sensetion,2024,8.1,Adventure,Indie,True
Galaxity : Beta VR,2019,8.1,Indie,Massively Multiplayer,True
Hans,2023,8.6,Casual,Indie,True
Hoyle Official Casino Games,2016,2.4,Casual,N/A,False
Deserted Island,2024,7.1,Indie,N/A,True
5 Minute Climb,2023,8.1,Indie,N/A,True
Enid,2023,9.0,Casual,Indie,True
Together Synergy,2023,8.1,Casual,Indie,True
Planet,2020,3.3,Casual,Indie,True
FPS1,2023,8.6,Action,N/A,True
SMYS : Classic,2024,9.0,Action,Casual,True
Knights of Legends,2023,3.8,Adventure,Massively Multiplayer,True
Dino Tour VR,2019,4.3,Adventure,Simulation,True
HeapVR,2017,7.6,Casual,Strategy,True
LocoMotives,2019,9.5,Casual,N/A,True
Friendly Fire: Arena,2021,6.2,Action,Casual,True
Tuesday JS visual novel engine,2021,9.5,N/A,N/A,True
Zero Gravity,2016,6.2,Action,Adventure,True
Colory Engine,2020,7.1,Casual,Indie,True
Farmer's Father: The Origins,2024,4.3,Action,Adventure,True
Elevator Ritual,2018,6.7,Action,Adventure,True
Banana Attack VR,2023,8.1,Action,RPG,True
Luxocraft,2017,5.7,Adventure,Indie,True
Pixel Puzzles Aardman Jigsaws,2024,9.5,Adventure,Casual,True
Paper Enchantress,2021,8.1,Casual,Indie,True
Mythical,2019,7.1,N/A,N/A,True
Goblin Keep,2023,6.7,Action,Adventure,True
Asmodeus's Hell: Devil in the Sunshine State,2022,8.1,Indie,Simulation,True
Square garden,2023,7.1,Casual,Indie,True
"House of Jigsaw: Happy puzzling, Happy home",2023,7.6,Adventure,Casual,True
Flatline,2021,6.7,Action,N/A,True
Little Obedient Robot,2022,8.1,Adventure,Casual,True
YangBo Adventure,2018,7.6,Adventure,Casual,True
Flowa,2023,10.0,Casual,N/A,True
Castle Fight,2020,8.1,Action,Casual,True
Apollo 11 VR HD: First Steps,2019,4.8,Adventure,Simulation,True
Too Shroom!,2024,9.5,Action,Casual,True
Ancient Wars: Sparta Definitive Edition Playtest,2022,9.5,N/A,N/A,False
Bacteria Warfare,2024,7.6,Casual,Indie,True
ScrapDown,2024,10.0,Action,N/A,True
Ship Graveyard Simulator 2 Playtest,2023,10.0,N/A,N/A,False
Tiny Battles: Prologue,2024,9.0,Casual,Indie,True
Delta-G,2020,8.1,Action,Indie,True
Jesus Sacred Heart,2022,7.6,N/A,N/A,True
Dungeon Runner XZ,2022,6.7,Action,Adventure,True
Connect Far Away tale,2023,8.1,Action,Casual,True
StreamerBeater,2024,9.0,Action,Adventure,True
Elin Playtest,2023,9.5,N/A,N/A,False
ATNRPG,2023,8.1,Action,Adventure,True
Crimson Sword Saga: The Peloran Wars,2017,6.2,Indie,RPG,False
Beyond DAWN,2020,9.5,Adventure,RPG,True
Rekindling The Flame,2023,7.6,Action,Indie,True
Peek a Boo,2022,5.2,Adventure,Indie,True
Imperil,2017,9.5,Action,Adventure,True
Bubblegum Bandit,2023,9.0,Action,Adventure,True
Blackout - Early Access,2024,8.1,Action,N/A,True
Plunder! All Hands Ahoy,2019,5.7,Action,Casual,True
King of the Eggs,2018,7.6,Casual,Indie,True
Refrigerant Recovery Simulation,2021,10.0,N/A,N/A,True
Manhattan,2022,9.5,N/A,N/A,True
Technofumer,2024,9.0,Action,Adventure,True
NASA's Exoplanet Excursions,2019,8.6,N/A,N/A,True
Hyper Scuffle,2019,8.6,Action,Casual,True
KoreanPoliticalFighters : 2ND,2023,10.0,Action,Adventure,True
Osminog Adventures - The Lost Island,2022,10.0,Adventure,RPG,True
Lumberjack VR,2017,6.7,Action,Indie,True
FLOW,2021,5.2,Adventure,Indie,True
Thunder Age,2024,7.1,Strategy,N/A,True
Commander '85 Prologue,2020,7.1,Action,Adventure,True
Cartridge Monsters,2021,8.6,Adventure,RPG,True
Ring of Fire: Prologue,2020,9.0,Adventure,Casual,True
Invasion: Family Ties,2023,4.3,Adventure,N/A,True
Bifröst: Through the Realms,2023,9.5,Action,Adventure,True
Kawaii Slime,2024,4.3,Casual,N/A,True
SugarWinds: Prologue,2022,5.7,Simulation,Strategy,True
Inner,2019,7.6,Indie,N/A,True
Dark Descent: The Blue Rose,2017,8.1,Adventure,Casual,True
Nuclear Wipeout,2020,9.5,Indie,N/A,True
Moon Rider,2024,6.2,Adventure,Casual,True
Shootball Arena,2022,8.6,Indie,Sports,True
Minimum Wage: Influence The Election,2020,10.0,Indie,N/A,True
Expedia Cenote VR,2018,7.1,Adventure,Casual,True
The Great Deer,2022,8.6,Adventure,Indie,True
Divan Chronicles,2019,4.3,Adventure,RPG,True
Echo Royale,2019,9.0,Casual,N/A,True
木偶公馆,2022,7.1,Casual,Indie,True
Cures & Curios,2019,9.0,Casual,N/A,True
Midnight Dash,2023,9.5,Action,Adventure,True
Mushroom,2024,4.3,Casual,Strategy,True
Color Summoners,2024,9.0,Simulation,Strategy,True
SPY ESCAPE,2021,8.6,Casual,N/A,True
Lapland Solitaire,2015,8.1,Casual,N/A,False
The Hunt,2021,4.8,Action,Adventure,True
Lotia,2017,7.1,Indie,RPG,True
Raccoon Run,2022,7.1,Casual,N/A,True
Aohri's Uprising,2023,9.0,Action,Adventure,True
Monster Evo,2021,4.3,Casual,RPG,True
Above the Stars,2020,9.0,Action,Casual,True
ISO,2022,8.1,Adventure,Casual,True
Ragnarök TD,2022,5.7,Strategy,N/A,True
Draco,2022,7.1,Action,Adventure,True
怪話2,2024,9.5,Adventure,Indie,True
Gambol,2018,9.5,Action,Indie,True
Block Tower TD 2: Prologue,2024,10.0,Indie,Strategy,True
Wings of Virtus,2018,6.2,Action,Indie,True
My Little Cemetery,2024,7.1,Casual,Indie,True
Winnie-The-Pooh Taste Test,2024,8.1,Action,Adventure,True
Molementum,2024,8.1,Action,Casual,True
The Balls,2024,7.6,Action,Indie,True
Endangered,2019,4.8,Action,Adventure,True
Quiet Thoughts,2021,8.1,Indie,N/A,True
Plumber Survivors: Prologue,2024,9.5,Action,Casual,True
Battle Of Zodiacs - Card Game,2023,8.6,Indie,RPG,True
蓝星舰策略,2022,5.2,Massively Multiplayer,RPG,True
Green Wounds,2022,4.3,Action,Adventure,True
Automobiels and the Eisenhower Hiway System the Game,2018,8.6,Adventure,N/A,True
Cool People Club,2022,9.0,Adventure,N/A,True
Sympathia,2024,8.6,Action,N/A,True
Snip It!,2024,9.5,Action,Casual,True
Forgotten Souls,2021,7.6,Indie,N/A,True
Caislean: Paranormal,2023,3.8,Action,Indie,True
Mythic Archive,2021,6.7,Adventure,Casual,True
Bullet Rain,2024,6.2,Action,N/A,True
Inklings,2016,8.1,Action,Casual,True
GASERB,2022,10.0,Casual,Indie,True
Whack-a-Vote: Hammering the Polls,2016,7.6,Casual,Indie,True
Castle Rencounter,2018,2.4,Adventure,Casual,False
Lumber Party,2020,9.0,Casual,Indie,True
Project Aftermath,2008,5.2,Action,Indie,False
AxegendEpisode I,2020,8.1,Action,Adventure,True
Haus Of Irndrous,2024,8.0,Indie,N/A,True
Outgun,2020,9.0,Action,Casual,True
Bad Thoughts,2017,6.5,Action,Adventure,True
Return to Northbury Grove,2023,9.0,Action,Adventure,True
Note Brawl,2022,7.5,Casual,Indie,True
Monsters Attack,2018,3.0,Action,N/A,False
Fanite,2022,5.5,Action,Adventure,True
Corleone Online,2022,7.0,Action,Indie,True
SkyFly,2023,8.0,Casual,Indie,True
Rags to Liches,2023,9.5,Action,Indie,True
Triplicity,2018,9.0,Indie,N/A,False
Intrusion Protocol,2017,9.5,Action,Indie,True
Arcane Fighters,2024,8.0,Action,Indie,True
Whale Well,2024,9.0,Adventure,Casual,True
Lone King,2020,9.5,Indie,Strategy,True
Cross of Auria,2017,8.5,Indie,RPG,True
Pelagos: A Marine Adventure,2023,7.5,Adventure,Casual,True
Go-Go Town! Playtest,2023,9.0,N/A,N/A,False
Moose Invasion,2017,8.0,Action,N/A,True
Kármán line: the edge of war,2020,6.5,Casual,Indie,False
Astral Coconut,2023,8.5,Action,Adventure,True
Secrets of the Past: Dion,2018,9.5,Casual,Simulation,True
Mythic Trials,2024,9.0,Action,Adventure,True
Dairy Dave,2021,9.5,Casual,N/A,True
Little Moneybags,2021,4.0,Casual,RPG,True
Heroes Of Avranche,2019,6.5,Action,Adventure,True
Rambell,2024,8.0,Casual,Indie,True
Karina Katana,2023,8.5,Action,Adventure,True
Ecto,2024,10.0,Adventure,Casual,True
Dark Days : Devil Hunt Prologue,2023,6.5,Action,Adventure,True
Hover Cubes: Arena,2016,9.5,Action,Casual,False
Sneaky Kitten,2021,8.0,Action,Adventure,True
Splash,2018,9.5,Action,Casual,True
Route 66 Simulator Playtest,2023,8.5,N/A,N/A,False
The Adventures of Alvis,2017,6.0,Adventure,Indie,True
봇치필드 Playtest,2024,10.0,N/A,N/A,False
Out Of Hands Playtest,2021,9.5,N/A,N/A,False
DanCop - Daniela on Duty,2019,8.0,Indie,N/A,True
Dot,2023,7.0,Casual,N/A,True
The Store is Closed ALPHA Playtest,2022,9.5,N/A,N/A,False
Dissent,2022,6.0,Adventure,Casual,True
Slaveblade,2019,4.0,Action,Indie,True
Basault VR,2022,7.5,Action,Indie,True
Trailmappers Playtest,2021,10.0,N/A,N/A,False
Orbitron,2019,6.5,Action,Indie,True
Syndeo-Complex,2022,6.0,Action,Indie,True
Mysterica,2020,7.0,Action,N/A,True
Wild West VR,2018,5.0,Action,N/A,True
Hero Hours Contract,2020,10.0,Indie,Strategy,True
Tales of Agaris,2022,8.0,Adventure,Indie,True
Brew-Ha,2018,8.0,Action,Casual,True
Kharakov,2024,8.0,Adventure,Casual,True
Pulse Jumper,2021,8.5,Action,Adventure,True
プリンセスオーディエンス,2024,10.0,Adventure,N/A,True
The Bard for Her,2024,7.5,Casual,Indie,True
蜀境传说-回合,2023,3.5,Adventure,Massively Multiplayer,True
politician simulator,2024,10.0,Casual,Indie,True
Crimson Echoes,2024,9.5,Adventure,Casual,True
擱淺地 - Dream Antique,2023,9.0,Casual,Indie,True
Stunt Legends,2022,9.0,Racing,N/A,True
500 Second Challenge,2022,7.5,Casual,Racing,True
Feed the Animals,2017,8.5,Indie,N/A,True
Physics Lab,2023,9.0,Casual,Indie,True
Chris Isn't Alone,2022,9.0,Action,Casual,True
Strata Design 3D SE,2017,7.5,N/A,N/A,True
Farlight Commanders: Prologue,2021,7.0,Action,Adventure,True
The Way of the Badass,2022,6.5,Action,Adventure,True
Ultimate Fighters,2022,9.0,Action,N/A,True
Bug Attack!,2018,8.5,Indie,N/A,True
Time Killers: Spot Race,2017,7.5,Casual,Indie,True
三界,2023,7.0,Adventure,Indie,True
The Craft of the Samurai,2021,9.0,Casual,Indie,True
立ち絵が変なポーズの恋愛アドベンチャー あるいはオリジナリティの無い卒業までの日々,2024,10.0,Adventure,Casual,True
The Collection: Chapters of Fate Prologue,2024,8.0,Indie,N/A,True
Escape Initiative,2020,9.0,Action,Indie,True
Prisme 7,2020,7.5,Adventure,Casual,True
Float Gallery,2017,7.0,Casual,Simulation,True
Over My Dead Pixel,2019,9.0,Action,Indie,True
Born Tubi Wild,2017,8.5,Casual,Indie,True
Creeping Deck: Pharaoh's Curse Prologue,2023,8.5,Action,Adventure,True
Secret Of Dungeon,2023,6.0,Action,Adventure,True
Delete Virus,2022,7.0,Action,Indie,True
Grim's Gambit,2024,10.0,Casual,Indie,True
GameAssistant: The Tool For Every Gamer,2020,6.0,N/A,N/A,True
Town Defence,2019,7.0,Indie,RPG,True
Water Rain,2020,8.0,Casual,Strategy,True
Northern Lights,2020,8.5,Indie,N/A,True
Politon: Prologue,2023,8.5,Casual,Indie,True
Soul Symphony,2022,7.5,RPG,N/A,True
Bhavacakra Maco,2020,9.5,Adventure,Indie,True
Porcupine's Fate,2022,6.5,Action,Adventure,True
Overlay Studio,2022,9.0,N/A,N/A,True
Mystical,2015,6.0,Casual,Indie,False
Street Sense 2,2023,4.5,Simulation,N/A,True
Spacen: The Beginning,2020,6.5,Action,Indie,True
The Fall of Eskaria,2020,7.5,Action,Adventure,True
SICKO ISLAND,2021,7.0,Action,Indie,True
Happy's Humble Burger Farm Playtest,2021,10.0,N/A,N/A,False
Ball Animals,2023,8.0,Casual,Indie,True
WarGround,2019,6.5,Casual,Indie,True
Rubble Rush,2019,6.5,Action,Casual,True
Galaxy Forces VR,2019,9.5,Action,Indie,True
Ball Bulét,2024,9.5,Action,Adventure,True
The Collector,2021,5.0,Indie,N/A,True
2099 Gravity Havoc,2023,6.0,Action,Indie,True
PHOBOS Project,2022,6.5,Adventure,Indie,True
Galaxy City,2022,8.0,Action,Adventure,True
A Step From Insanity,2024,9.0,Action,Adventure,True
Childish Life Prologue,2024,9.0,Action,Adventure,True
Greenland Melting,2019,10.0,N/A,N/A,True
声锁 Sound Lock,2023,8.5,Adventure,Indie,True
Farmer Pug Dash,2020,9.0,Action,Adventure,True
Lost Eidolons 2nd Beta,2022,9.0,N/A,N/A,False
Offroad Mechanic Simulator Playtest,2022,9.0,N/A,N/A,False
Fight! Olyn Island,2023,8.5,Strategy,N/A,True
Space Rescue,2022,10.0,Adventure,Casual,True
Mix-Sign: Girl with 3 Signs,2020,8.5,Action,Adventure,True
Ninja?,2019,5.5,Casual,Indie,True
(square),2022,9.0,Action,Indie,True
Darkless,2023,9.0,Adventure,Casual,True
Gracia,2024,7.5,N/A,N/A,True
Foam Dart Frenzy,2020,6.0,Action,Indie,True
LastRo,2023,9.5,Action,Indie,True
Hellbreach: Vegas Playtest,2024,6.0,N/A,N/A,False
Blackstorm,2021,4.0,Indie,N/A,True
Asteroids 44 (For Four),2020,9.5,Action,Indie,True
Until the Night,2022,10.0,Simulation,Strategy,True
Wizarre,2024,9.5,Casual,Indie,True
Rootless: Memories Of Green - Chapter 1,2022,10.0,Adventure,Casual,True
D.R.I.L.L,2018,8.0,Action,Sports,True
Minion Forest,2018,5.5,Adventure,Casual,False
Croquettes Gang,2024,8.5,Casual,Indie,True
Ghost Hospital -in Thousand Horror Hill,2024,10.0,Adventure,Indie,True
孤独之旅 Lonely journey,2024,4.0,Adventure,Casual,True
Icarus Six Sixty Six,2018,9.0,Casual,N/A,True
Arbeit Man in another world,2021,7.0,Adventure,Indie,True
Mars Taken,2018,1.5,Action,Adventure,False
Always Forward,2024,7.5,Indie,N/A,True
Friend Sighting,2020,8.0,Adventure,Casual,True
AMBUSH tactics,2017,5.5,RPG,N/A,True
Varial,2023,5.5,Action,Casual,True
Blood Lust,2024,8.0,Action,Casual,True
Vanakatu,2024,9.0,Action,Adventure,True
Sorbetta: Gravely in Debt,2020,9.0,RPG,N/A,True
Red Spider2: Exiled,2016,9.0,Adventure,N/A,True
Sharp,2018,7.0,Action,Indie,True
Escape Yourself,2022,6.0,Adventure,Indie,True
Jasper and the City of Lights,2024,9.5,Adventure,Casual,True
Another World Quest,2022,8.5,Strategy,N/A,True
英语杀,2018,3.5,Casual,Indie,True
Howlbreath,2022,8.5,Action,Adventure,True
The Cat and the Coup (4K Remaster),2018,10.0,Adventure,Indie,False
Hunted: Kalevala,2022,5.5,Action,Adventure,True
街机休闲捕鱼-Classic Arcade Fishing,2024,7.5,Casual,Massively Multiplayer,True
Hot Candy Land,2023,7.0,Adventure,Casual,True
Buy Hyacinths,2022,10.0,Adventure,Casual,True
HuaBing,2023,4.0,Adventure,Massively Multiplayer,True
Fatrifice,2023,7.0,Action,Casual,True
Saido,2024,7.0,Action,Indie,True
The Story Is You - Look Within,2024,7.5,Casual,Indie,True
欧酱的迷宫大冒险,2024,9.5,Adventure,Casual,True
Battle Strike World War,2021,10.0,Action,Adventure,True
Mini Mania,2024,9.5,Adventure,Casual,True
Alphabet,2024,5.0,Simulation,N/A,True
The Capture Worlds,2018,8.5,Action,Adventure,True
Bat Tap,2024,3.0,Casual,Simulation,True
アルティメットダンジョン紅,2020,9.0,Adventure,Casual,True
Up until the end - Otome/Visual Novel,2020,10.0,Adventure,Indie,True
Bridge Creator 2015,2015,5.5,Casual,Indie,False
Moonshot - The Great Espionage,2021,9.5,Action,Casual,True
Groove that Goob,2024,10.0,Indie,Strategy,True
Brazen Blaze Playtest,2023,10.0,N/A,N/A,False
The Benza RPG,2020,9.0,Adventure,RPG,True
YanYueDao Kill,2024,8.4,Action,N/A,True
AVROD,2021,4.2,N/A,N/A,True
Parkour Chief: Chapter Secret Agent,2024,9.5,Action,N/A,True
Crystal Cave,2024,8.9,Adventure,Casual,True
NecroCatic Clicker,2024,7.4,Casual,N/A,True
DropDisk,2024,4.7,Action,Casual,True
Maxi Pool Masters VR,2020,6.3,Casual,Indie,True
Welcome to Bunny Farm,2024,6.8,Casual,Indie,True
Doge Dimensions,2022,7.9,Action,Adventure,True
Food Decisions,2021,6.8,Simulation,N/A,True
Porcelana,2022,10.0,Casual,Indie,True
Dominance Playtest,2022,9.5,N/A,N/A,False
Zombiflux: Sleepless War,2023,3.2,Massively Multiplayer,RPG,True
All City King,2024,6.8,Action,N/A,True
Hollow Remnant,2020,7.4,Action,Indie,True
Pogo-Gogo,2024,8.4,Indie,N/A,True
KYOTO TANOJI QUEST,2016,7.4,RPG,N/A,True
Decoherence,2021,9.5,Action,Indie,True
Koliseum Soccer VR,2020,6.8,Indie,Simulation,True
Prism Collider,2017,8.4,Action,Indie,True
Nuclear Drifter,2021,9.5,Adventure,Indie,True
KTGAME,2021,6.3,N/A,N/A,True
Bloom: Roots of Renewal,2022,7.9,Action,N/A,True
Chronoraptor,2019,9.5,Casual,Indie,True
Shroom & Doom,2023,5.3,Action,Casual,True
Steer Madness,2023,9.5,Adventure,Casual,True
GUNWATCH: Conflict Survival,2023,5.3,Action,Casual,True
魔龙之戒,2023,3.7,Massively Multiplayer,RPG,True
Legend of Cina,2019,8.4,Indie,RPG,True
刺沙,2020,3.7,Casual,Massively Multiplayer,True
Backrooms Media Playtest,2024,6.8,N/A,N/A,False
AGE 1.2 (seccia.dev),2018,8.4,N/A,N/A,True
Arkin,2019,5.3,Action,Indie,True
The Epic of Inanna,2021,6.8,Casual,Indie,True
Opening Night at the Großen Schauspielhaus - Berlin 1927,2021,9.5,N/A,N/A,True
The Last Friend: First Bite,2021,10.0,Action,Indie,True
Altiros Playtest,2024,9.5,N/A,N/A,False
Scary Buddies,2022,7.9,Action,Casual,True
Blade of Acrimony,2018,9.5,RPG,N/A,True
Tom's Mansion,2017,7.9,Action,Simulation,True
Starflex-VR,2022,5.8,N/A,N/A,True
Familiar - Battle of the Labyrinth,2023,7.9,Action,Adventure,True
StretchBot,2020,10.0,Action,Adventure,True
RoboSports VR,2016,5.8,Sports,N/A,True
Haunted Record,2024,10.0,Adventure,Casual,True
Félix VR,2018,6.3,N/A,N/A,True
Avenger Sharks,2024,10.0,Action,N/A,True
ia scatter city,2023,7.4,Indie,Simulation,True
Hero Team,2023,7.9,Action,Indie,True
Mercenary Skirmish,2021,7.9,Action,Indie,True
三国梦之队,2020,5.8,Action,Adventure,True
LOST INSIDE Act 1,2024,9.5,Action,Adventure,True
Astro Battlers TD,2023,7.9,Action,Adventure,True
The Bounty V2,2018,8.9,Adventure,Indie,True
Dragon Fight VR,2020,9.5,Action,N/A,True
C&T,2022,7.4,Action,Casual,True
Editarrr,2023,10.0,Action,Adventure,True
Out Of The Shelter,2021,7.4,Action,Casual,True
Disc Golf VR,2018,6.3,Casual,Indie,True
Erroneous,2022,8.4,Action,Indie,True
Resonance,2022,4.2,Adventure,Indie,True
CAT'S DREAM,2024,8.9,Adventure,Indie,True
The Rainsdowne Players,2018,8.9,Adventure,Indie,True
The hardest game in the universe,2021,7.4,Action,Adventure,True
GunBoxing,2022,7.9,Action,N/A,True
The Legend of Chibi Ninja,2022,10.0,Action,Adventure,True
Infernal Bloodrush,2024,9.5,Action,Indie,True
D.N.A: Do Not Answer,2024,3.7,Adventure,RPG,True
How to Win: Season One,2021,8.4,Adventure,Indie,True
Flipped,2021,10.0,Action,Adventure,True
Starlights / 별빛 아래,2023,9.5,Simulation,N/A,True
Basic Car Repair Garage VR,2019,6.3,Casual,Simulation,True
Mirage,2023,6.8,Action,N/A,True
MouseWars,2019,10.0,Action,Casual,True
Grace,2020,10.0,Adventure,Casual,True
Detective Kiwi,2024,8.4,Casual,N/A,True
Rise Of Enigmas,2022,9.5,Casual,Indie,True
Enjoy,2022,7.4,Action,Simulation,True
SmileXCorp 3,2024,5.8,Action,Adventure,True
Mencia. A never was tale,2023,7.9,Adventure,Indie,True
Astral Disorder,2024,7.4,Action,Adventure,True
OxRox,2024,10.0,Indie,N/A,True
Thread Studio,2016,9.5,N/A,N/A,True
Monolithic,2020,7.4,Indie,Strategy,True
Xploquest 2,2018,8.9,Adventure,RPG,True
exp!A,2023,9.5,Indie,RPG,True
Diorama Tower Defense: Tiny Kingdom (Prologue),2021,7.4,Strategy,N/A,True
Golf Around! Lite,2024,8.4,Casual,Indie,True
Super RPS,2024,8.9,Casual,Indie,True
HexaBeat!,2024,8.4,Action,Casual,True
KIRO,2020,9.5,Adventure,N/A,True
Would You Call Him a Bad Man?,2024,9.5,Action,Casual,True
MARI indie 3.0,2016,4.2,N/A,N/A,False
MythBusters: The Game - Crazy Experiments Simulator Playtest,2022,6.8,N/A,N/A,False
Blackout!!,2022,4.7,Action,Indie,True
Crystal Reign,2017,8.4,Action,Indie,True
Gabriel's Auditory Playground,2024,7.9,Action,Indie,True
TendyTrainer,2018,6.3,Simulation,Sports,True
Foxhaven,2023,6.8,Action,Casual,True
Tilebreaker,2022,7.9,Action,Casual,True
To Your Stations!,2022,8.9,Action,Casual,True
KreisReise,2019,8.4,Action,N/A,True
Samurai war era Hunter,2022,4.2,Casual,Indie,True
Kind Words 2 Playtest,2024,10.0,N/A,N/A,False
天书江湖,2023,4.2,Action,Adventure,True
MEGAMiX,2018,5.8,Indie,N/A,True
A Story In Space,2020,6.8,Action,Adventure,True
Atlas Online,2024,7.9,Action,Adventure,True
Subject 95,2021,5.3,Action,Adventure,True
Culling of Normality,2024,7.9,Casual,Indie,True
Dimension Of Gameth,2019,7.4,Indie,Strategy,True
SIGURAT,2021,8.9,Action,Adventure,True
BlastFort,2021,7.9,Action,Casual,True
Snowday,2016,8.4,Action,N/A,True
曙光之诗,2020,9.5,Casual,Indie,True
Overgrown,2021,7.9,Action,Indie,True
Arosia,2022,6.3,Casual,Indie,True
Dummy Guyz,2024,6.8,Action,Indie,True
絶体絶命少女 虚空の方程式,2023,9.5,Adventure,Indie,True
Penny's Path,2020,7.4,Adventure,Casual,True
Motor Town : Behind The Wheel Playtest,2021,9.5,N/A,N/A,False
Versus Vampire,2023,4.2,Action,N/A,True
MetaStrike,2024,5.3,Action,Massively Multiplayer,True
Void Cube Runner,2018,5.3,Action,Casual,True
Mega Maze,2017,7.4,Casual,Indie,True
Dots: Revamped!,2019,10.0,Action,Casual,True
Chrysalis Inc,2022,4.7,Adventure,Indie,True
CRAZY DOG,2024,5.8,Action,Casual,True
Fowl Magic,2019,7.9,Action,N/A,True
Puck Bash,2022,5.8,Action,N/A,True
Cut Master Spades,2023,4.2,Casual,N/A,True
Iron Line,2024,7.9,Casual,Indie,True
Failed Ninja Academy,2022,9.5,Action,Casual,True
Arcadium,2020,7.9,Action,Indie,True
Janosik 2: Prologue,2024,10.0,Action,Adventure,True
Strata inStudio VR,2017,8.9,Casual,N/A,True
The Slaughter: Magdalene,2021,10.0,Adventure,Indie,True
I AM FLY,2020,8.4,Casual,Indie,True
Axecutioners,2023,7.4,Action,Casual,True
Skeletery,2023,7.9,Action,Adventure,True
A Little Time,2022,5.8,Adventure,Casual,True
King Arthur: Legends Rise Playtest,2023,4.7,N/A,N/A,False
adventure_with_firefly,2022,7.4,Adventure,Indie,True
SlingStar,2022,9.5,Casual,N/A,True
Turbo Tempest,2021,6.8,Action,Indie,True
Dash Dash Delivery,2021,7.4,Action,Adventure,True
Priest With a Gun,2024,10.0,Action,N/A,True
Aegis Online,2020,6.3,Adventure,Casual,True
Really Dog,2023,8.9,Action,Casual,True
Starship Traders MMO,2023,8.9,Massively Multiplayer,RPG,True
vBuilder,2017,7.9,N/A,N/A,True
Protocol: Children of War,2023,7.9,Action,Indie,True
Story,2020,6.3,Action,Indie,True
Command: The Silent Service,2018,5.8,Simulation,Strategy,False
HopeLand Playtest,2023,6.3,N/A,N/A,False
Timo's Adventures,2021,10.0,Indie,N/A,True
End Of Life,2024,5.8,Action,Adventure,True
WATCHER,2023,8.4,Adventure,Indie,True
AFTERLIFE,2021,4.2,Action,Indie,True
HappySnowMan,2022,7.9,Adventure,Casual,True
Premortal VR,2023,8.4,Action,Adventure,True
Meta Star,2017,5.8,Action,Indie,True
战甲online,2022,4.7,Action,Adventure,True
Vera Swings,2018,7.9,Action,Adventure,True
Lost Borderline,2018,9.5,Action,Adventure,True
Distant Garden,2024,7.4,Casual,Indie,True
AnimuJump,2023,8.4,Action,Casual,True
The Moonflower (Alpha),2023,5.8,Action,Adventure,True
Noah Please!,2023,9.5,Casual,N/A,True
Agent of Chaos,2020,8.9,Action,Casual,True
ArchRobo - Robotic Annihilation,2017,8.4,Action,Indie,True
My Dear Delirium,2024,10.0,N/A,N/A,True
Dead Herring VR,2021,9.5,Adventure,Indie,True
Creature Rumble,2023,6.8,Casual,Simulation,True
brainCloud Bombers,2019,6.3,Action,Casual,True
Fanatic Zeal,2022,9.5,Action,N/A,True
UNILOGUE,2022,9.5,Indie,Strategy,True
Lumien,2023,5.3,Action,Adventure,True
Puzlkind Jigsaw Puzzles,2021,8.4,Casual,Massively Multiplayer,True
Elemental,2021,7.9,Action,Adventure,True
Grappledrome,2017,8.4,Action,Indie,False
Motor Assailant: Betrayal,2021,8.9,Action,Indie,True
Haunting Memories,2024,9.5,Indie,N/A,True
VR Hero Sentry,2018,8.4,Action,Adventure,True
Larkin building by Frank Lloyd Wright,2018,6.3,Casual,Simulation,True
The Empanada Protocol,2022,9.5,Action,Adventure,True
极限求生,2021,5.3,Indie,Massively Multiplayer,True
Pupa,2024,3.7,Indie,Simulation,True
Ambient Channels,2020,5.8,Casual,Simulation,True
Turtle's Quest,2021,5.3,Indie,RPG,True
Ghostly Horizon,2018,7.4,Action,Adventure,True
Offenders,2022,6.3,Action,Adventure,True
Celebrities Hacked,2024,8.9,Casual,Indie,False
Drain Runner,2022,5.8,Action,N/A,True
Old Adventure,2017,5.8,Action,Adventure,False
Chromasia - Rock Paper Tactics,2018,9.5,Adventure,Casual,False
Stream Animals: Free For All,2020,8.4,Casual,N/A,True
Culture Warz,2023,5.8,Action,N/A,True
The Polynesian Cultural Center VR Experience,2019,8.4,N/A,N/A,True
Dino Clicker,2024,5.0,Casual,Indie,True
Call Me Skyfish,2017,5.6,Action,N/A,True
Gutasaga,2023,6.1,RPG,Strategy,True
Power War:The First Men,2018,5.6,Action,Indie,True
Metachromium,2020,8.9,Action,Adventure,True
MINE!,2017,7.2,Action,N/A,True
长征1934-1936,2023,10.0,Casual,Indie,True
POCKET CAR : VRGROUND,2019,3.3,Indie,Massively Multiplayer,False
Lost Expeditions: Station One Playtest,2021,9.4,N/A,N/A,False
Turte,2024,1.1,Massively Multiplayer,Simulation,True
Ciggy World,2024,2.8,Indie,N/A,True
Robo Rob,2024,9.4,Casual,Indie,True
Destiny Duel,2023,7.2,Indie,Strategy,True
HeartWare,2024,7.8,Casual,Indie,True
VRROOM,2023,3.9,Casual,Massively Multiplayer,True
Seena VR (Beta),2021,7.8,Action,Adventure,True
Potato Vs Potato,2024,3.3,Adventure,Casual,True
Scranny,2022,5.0,Action,Adventure,True
Project Z: The beginning of the end. Chapter I,2023,3.9,Action,Adventure,True
可可味大冒险,2023,8.9,Adventure,Casual,True
STYLYVR PLATFORM FOR ULTRA EXPERIENCE,2017,8.3,N/A,N/A,True
Audio Forager,2018,9.4,Casual,Indie,True
"Deck of Life: No Turns, Individual Card Permadeath",2023,7.2,Indie,Strategy,True
FlickSync - Mad Hatter VR,2018,4.4,Casual,Indie,True
Don't Drop The Cake: Prologue,2024,9.4,Adventure,Indie,True
Roce's Journey,2020,8.9,Casual,Indie,True
Tales of the Magic Ball: The Lost Sorcerer,2024,6.1,Adventure,Indie,True
CARTOONITE,2023,8.3,Racing,N/A,True
Augma II - Arc I,2023,8.9,Adventure,Indie,True
Dash Dash Run!,2017,8.3,Casual,Indie,True
Apollo 11 VR,2019,6.7,Casual,Simulation,True
Coffee Brakes,2023,7.8,Casual,Indie,True
四景山水圖秋景 Landscapes of the Four Seasons,2019,9.4,N/A,N/A,True
时空旅法师,2022,6.7,Strategy,N/A,True
真探2 Playtest,2023,9.4,N/A,N/A,False
有所思 Yearning,2023,8.3,Adventure,Casual,True
Net VR Theater,2021,7.2,Casual,Indie,True
Twisted Sails,2018,7.8,Action,Casual,True
Helix,2021,8.3,Indie,N/A,True
Welcome To... Chichester 0 : Preview,2018,6.7,Adventure,Casual,False
Egg Teacher VR,2018,7.8,Casual,Indie,True
Surreal Experience,2022,7.2,Indie,Simulation,True
Descent from Arkov's tower Prologue,2024,8.9,Adventure,Indie,True
Throw The Ball In the Hole,2019,8.3,Casual,Indie,True
System Override,2024,10.0,Indie,Strategy,True
Nanoscape,2021,5.6,Casual,Simulation,True
Fisticubes - One Button Boxing!,2021,8.9,Action,Casual,True
Randy And Teddy Adventure Road,2021,9.4,Action,Adventure,True
Castle War,2023,7.2,Action,Indie,True
DR MILOS REVENGE,2020,8.9,Action,Adventure,True
Keeper's Curse,2024,10.0,Action,Adventure,True
Lazer Cops,2017,9.4,Action,Indie,True
FlatOut 4: Total Insanity Workshop Tool,2017,5.0,N/A,N/A,True
Orienteering Simulator,2024,8.9,Simulation,Sports,True
Cyber Surf,2018,7.2,Indie,Racing,True
I Am Gooey,2019,7.2,Casual,N/A,True
Al Bassel,2023,7.8,Casual,Indie,True
AfterM.A.T.H,2024,4.4,Action,Indie,True
Block,2020,6.7,Adventure,Casual,True
Set Sail,2022,8.3,Casual,Indie,True
Project Wasteland: The Mythiclands,2019,8.3,Action,Adventure,True
Karl BOOM,2019,8.9,Action,Casual,True
Playtime with Hoogie,2022,6.1,Action,Casual,True
Pencil Fantastic,2020,8.9,Casual,Indie,True
The Adliberum Engine (ADLENGINE),2017,6.7,Massively Multiplayer,RPG,True
GEOTRA,2023,7.8,Action,N/A,True
Puzzle Garden,2024,9.4,Casual,Simulation,True
For Whom the Stars Shine,2024,10.0,Casual,Indie,True
Frog Hands Steve,2021,9.4,Casual,N/A,True
Carma,2021,7.2,Action,Casual,True
Critterland,2020,7.8,Action,Casual,True
Szybowcowa '87,2022,7.8,Adventure,Simulation,True
Frostflame,2024,9.4,Action,Adventure,True
Rekindle,2021,7.8,Adventure,Casual,True
Naomi Clicker,2024,7.8,Casual,Indie,True
World left Behind,2019,8.9,Action,Adventure,True
NekoGakuenMatthiolaReverieVerse:LostIsland,2022,8.3,Indie,N/A,True
Post-Apo Builder Playtest,2022,8.3,N/A,N/A,False
Weirdest Thing,2018,8.3,Casual,Indie,False
Runic Relay: The Trials,2024,8.9,Action,Indie,True
Royal Wars: Farm TD,2024,8.9,Indie,Simulation,True
Dwarven Realm,2024,6.1,Adventure,Casual,True
Smoots Golf - First Training,2021,6.1,Indie,Sports,True
Space Probes,2020,8.9,Indie,N/A,True
莉莉的梦恐龙历险记 Lily's Dream:Adventures of Dinosaurs,2021,8.9,Adventure,Casual,True
Soul for two,2018,7.8,Adventure,Indie,True
Ember Point,2024,8.9,Action,Adventure,True
OMG: One Million Guns,2020,8.3,Action,N/A,True
Sue's Story,2020,7.8,Action,Adventure,True
Bounty,2022,6.7,Action,Indie,True
cell,2018,4.4,Action,Casual,True
CyberLink ScreenRecorder 3 Deluxe,2018,7.2,N/A,N/A,False
Yoshitaka Amano VR Museum,2023,5.0,Casual,Simulation,True
Panzer Girls,2022,6.7,Casual,Indie,True
Winged Raider,2022,8.3,Action,Adventure,True
The Horror Story: Rebirth,2022,7.2,Action,Adventure,True
The Hand of Glory - The Blowtorch Files,2022,9.4,Adventure,Indie,True
Sunset Motel Playtest,2024,8.9,N/A,N/A,False
Local Paper Small Town,2022,9.4,Indie,N/A,True
MissPedaling Simulator,2022,7.8,Action,Racing,True
TILE PERFECT,2024,8.3,Casual,N/A,True
Heavy Memories,2018,7.8,Action,Indie,True
Toilet Zone,2024,8.9,Action,Adventure,True
Lolly Joe,2016,6.1,Action,Adventure,False
圣魂,2023,6.7,Adventure,Casual,True
Spinodrum,2020,8.3,Casual,Indie,True
HAAK Playtest,2022,9.4,N/A,N/A,False
Build & Battle,2021,4.4,Strategy,N/A,True
Fart Fiasco Premium,2024,8.3,Casual,Indie,True
燃爆英雄(Bomb Hero),2022,5.6,Action,Casual,True
Gravity Box,2022,9.4,Action,N/A,True
SBX 5K,2020,6.7,Action,Indie,True
MagixHome VR,2016,5.6,Simulation,N/A,True
Patron Playtest,2021,8.9,N/A,N/A,False
Your Human is Sick,2020,7.2,Action,Adventure,True
Night Spasm,2020,7.8,Action,Adventure,True
Yōkaimaki,2022,8.3,Casual,Simulation,True
Hive Slayer,2020,9.4,Action,Indie,True
Makiomino,2022,9.4,Casual,Indie,True
Escape Master,2021,10.0,Adventure,Casual,True
2 Minutes 16 Seconds (2分16秒),2023,8.9,Casual,Indie,True
Bitty Knight,2024,8.3,RPG,N/A,True
Flip the Table,2017,6.1,Action,Indie,True
流離之歌,2022,9.4,Adventure,Indie,True
Solaris Rift,2021,8.3,Strategy,N/A,True
Mortmentum,2022,8.9,Casual,Indie,True
真修世界Fairy Land,2023,4.4,Action,Adventure,True
グランドインテンションアジャストメント,2020,8.3,Indie,RPG,True
Pug and Seek,2024,8.3,Action,Casual,True
Dire Wolf Game Room,2021,6.1,Indie,Simulation,True
PolyFight,2024,10.0,Action,Casual,True
侠义九州,2024,2.2,Massively Multiplayer,RPG,True
Voidwalkers - Soul Hunters,2021,3.9,Action,Indie,True
Treachery in Beatdown City U.N. Trouble,2023,7.8,Action,Indie,True
The Beanstalk,2018,7.2,Adventure,Casual,True
Quantum Rail,2023,5.0,Action,Adventure,True
Clean VR,2019,6.1,Casual,N/A,True
Devil Seeds,2023,8.9,Adventure,Indie,True
ConquestAreas,2022,6.1,Action,Casual,True
Fish 'N' Chips,2023,8.9,Adventure,Indie,True
Run n Jump,2022,7.8,Adventure,Casual,True
Mortals and Monsters: Blood Orc,2022,8.3,Indie,Strategy,True
Realms of Darkness,2020,5.6,Strategy,N/A,True
TRACHI - AUTONOMY,2021,8.3,Adventure,Casual,True
Three Pigeons in a Trench Coat,2021,7.2,Action,Adventure,True
爆战联盟,2023,5.0,Action,Adventure,True
Sol: Last Light,2023,7.8,Action,Adventure,True
TheNuWRLD,2021,6.7,Casual,N/A,True
Oblivion Tesseract VR,2017,8.3,Action,Indie,True
Stellar Reflections,2024,7.8,Adventure,Indie,True
Run Blob Run 2,2022,7.8,Adventure,Casual,True
PRISON OF SON,2020,7.8,Action,Adventure,True
Boom Boomerang,2020,7.8,Action,Indie,True
Sensorium Galaxy,2023,5.0,Massively Multiplayer,N/A,True
Snow Games VR,2017,4.4,Action,N/A,True
Noble's Life: Kingdom Reborn Playtest,2023,7.2,N/A,N/A,False
Scare Girl,2022,7.8,Adventure,N/A,True
BAMG2023,2023,6.1,Casual,Sports,True
Dato of Srivijaya,2020,5.0,Indie,Simulation,True
FireStarter 2,2024,10.0,Indie,Simulation,True
Rainy,2020,7.2,Action,N/A,True
Covid Chaos,2021,4.4,Action,Casual,True
イーシャの魔法図書室,2023,8.3,Indie,Strategy,True
Knightmares,2023,8.9,Action,Adventure,True
Gelldonia,2020,7.2,Action,Indie,True
Hellcraze,2021,10.0,Action,Adventure,True
JumpStream,2018,6.7,Action,Indie,True
"Drumpf 2: Lost, But Not Forgotten!",2019,8.9,RPG,Strategy,True
Night shot,2019,6.7,Casual,Indie,True
欢乐金蟾捕鱼,2022,6.1,Casual,Massively Multiplayer,True
"Eat Fish, Get Achievements",2022,10.0,Casual,Indie,True
Cellosseum,2023,8.9,Action,Indie,True
Cortex,2018,8.9,Action,N/A,True
BLACK STIGMA Playtest,2024,5.0,N/A,N/A,False
Infinite Tao Playtest,2022,10.0,N/A,N/A,False
Night Of The Living Dead VR,2020,8.9,Action,Casual,True
Let Them Breathe: Hello Mother,2024,8.9,Indie,N/A,True
Bond Blues,2024,7.8,Indie,N/A,True
激战王城-三国,2024,9.4,Action,Adventure,True
Pantazil,2023,7.2,Action,Adventure,True
The Life of a Magical Circle,2023,8.9,Action,Indie,True
Halod's adventure times,2022,8.3,Adventure,Casual,True
Follow The Crown,2022,6.1,Adventure,Indie,True
